-- phpMyAdmin SQL Dump
-- version 5.2.1
-- https://www.phpmyadmin.net/
--
-- Host: mysql0.small.pl
-- Generation Time: Sty 30, 2026 at 06:27 PM
-- Wersja serwera: 8.0.43
-- Wersja PHP: 8.1.31

SET SQL_MODE = "NO_AUTO_VALUE_ON_ZERO";
START TRANSACTION;
SET time_zone = "+00:00";


/*!40101 SET @OLD_CHARACTER_SET_CLIENT=@@CHARACTER_SET_CLIENT */;
/*!40101 SET @OLD_CHARACTER_SET_RESULTS=@@CHARACTER_SET_RESULTS */;
/*!40101 SET @OLD_COLLATION_CONNECTION=@@COLLATION_CONNECTION */;
/*!40101 SET NAMES utf8mb4 */;

--
-- Database: `m2531_panel`
--

-- --------------------------------------------------------

--
-- Struktura tabeli dla tabeli `animals`
--

CREATE TABLE IF NOT EXISTS `animals` (
  `id` bigint UNSIGNED NOT NULL AUTO_INCREMENT,
  `name` varchar(255) COLLATE utf8mb4_unicode_ci NOT NULL,
  `second_name` varchar(255) COLLATE utf8mb4_unicode_ci DEFAULT NULL,
  `sex` int NOT NULL,
  `date_of_birth` date NOT NULL,
  `animal_type_id` bigint UNSIGNED DEFAULT NULL,
  `litter_id` bigint UNSIGNED DEFAULT NULL,
  `feed_id` bigint UNSIGNED DEFAULT NULL,
  `feed_interval` int DEFAULT NULL,
  `animal_category_id` bigint UNSIGNED DEFAULT NULL,
  `public_profile` int NOT NULL DEFAULT '0',
  `public_profile_tag` varchar(255) COLLATE utf8mb4_unicode_ci DEFAULT NULL,
  `web_gallery` int DEFAULT NULL,
  `created_at` timestamp NULL DEFAULT NULL,
  `updated_at` timestamp NULL DEFAULT NULL,
  PRIMARY KEY (`id`),
  KEY `animals_animal_type_id_foreign` (`animal_type_id`),
  KEY `animals_litter_id_foreign` (`litter_id`),
  KEY `animals_feed_id_foreign` (`feed_id`),
  KEY `animals_animal_category_id_foreign` (`animal_category_id`)
) ENGINE=InnoDB AUTO_INCREMENT=231 DEFAULT CHARSET=utf8mb4 COLLATE=utf8mb4_unicode_ci;

--
-- RELACJE DLA TABELI `animals`:
--   `animal_category_id`
--       `animal_category` -> `id`
--   `animal_type_id`
--       `animal_type` -> `id`
--   `feed_id`
--       `feeds` -> `id`
--   `litter_id`
--       `litters` -> `id`
--

--
-- Dumping data for table `animals`
--

INSERT INTO `animals` (`id`, `name`, `second_name`, `sex`, `date_of_birth`, `animal_type_id`, `litter_id`, `feed_id`, `feed_interval`, `animal_category_id`, `public_profile`, `public_profile_tag`, `web_gallery`, `created_at`, `updated_at`) VALUES
(1, '<b>Ultramel</b> (het amel,ultra)<b> anery stripe</b> het caramel bloodred/diffused', 'Jedyneczka', 2, '2022-08-30', 1, NULL, 13, NULL, 1, 0, '9c05', NULL, '2023-11-04 16:10:36', '2025-12-11 14:46:32'),
(2, '<b>Stripe </b> het amel/ultra cinder', 'Strzała', 2, '2022-08-30', 1, NULL, 6, NULL, 1, 0, 'acd4', NULL, '2023-11-04 16:10:37', '2025-04-19 17:45:23'),
(3, '<b>Stripe</b> het amel/ultra anery caramel bloodred/diffused', NULL, 3, '2022-08-30', 1, NULL, 6, NULL, 1, 0, 'bc6f', NULL, '2023-11-04 16:10:37', '2025-09-22 04:21:06'),
(4, '<b>Gold dust motley/stripe</b> (Caramel het Amel het Ultra) het bloodred, hypo,  sunkissed(SG free)', NULL, 3, '2022-08-01', 1, NULL, 6, NULL, 5, 0, 'cc31', NULL, '2023-11-04 16:10:37', '2024-08-16 16:35:31'),
(5, '<b>Anery Scaleless</b> het.Amel', 'Wypłosz', 2, '2022-08-30', 1, NULL, 6, NULL, 1, 0, 'dbd1', NULL, '2023-11-04 16:10:37', '2025-04-19 17:46:14'),
(6, '<b>Scaleless motley</b>', 'Zołza', 3, '2022-08-30', 1, NULL, 6, 7, 1, 0, 'ebe5', NULL, '2023-11-04 16:10:37', '2025-09-22 17:15:25'),
(7, '<b>Diffused platinium (Hypo, Anery, Charcoal)</b> het amel', 'Ślepak', 2, '2021-09-01', 1, NULL, 13, NULL, 1, 1, 'fb56', NULL, '2023-11-04 16:10:37', '2025-12-11 14:46:15'),
(8, '<b>Okeetee </b>het amel', NULL, 3, '2022-08-01', 1, NULL, 6, 7, 1, 0, '0b96', NULL, '2023-11-04 16:10:37', '2025-09-22 17:16:47'),
(9, '<b>Avalanche</b> (Anery, Amel, Diffused)', NULL, 3, '2020-08-01', 1, NULL, 6, 7, 1, 1, '1b3e', NULL, '2023-11-04 16:10:37', '2025-10-28 16:12:27'),
(10, '<b>Classic</b> het Anery, Hypo', NULL, 3, '2019-09-01', 1, NULL, 13, NULL, 1, 0, 'b2ab2', NULL, '2023-11-04 16:10:37', '2026-01-22 15:37:11'),
(11, '<b>Amelanistic</b> het anery, caramel', 'Grubas', 2, '2018-09-01', 1, NULL, 13, NULL, 1, 0, 'b3a3d', NULL, '2023-11-04 16:10:37', '2025-12-11 14:46:08'),
(12, '<b>Fire </b>(Amel, Diffused) het Hypo', 'Chilli', 3, '2022-09-01', 1, NULL, 13, NULL, 1, 0, 'b498f', NULL, '2023-11-04 16:10:37', '2026-01-22 15:37:16'),
(13, '<b>Reverse Okeetee (Amel Okeetee)</b> het anery', 'Leon', 2, '2022-10-01', 1, NULL, 6, NULL, 1, 0, 'b58f8', NULL, '2023-11-04 16:10:37', '2025-07-25 04:16:47'),
(14, '<b>Anery Pewter </b>(Charcoal, Diffused)<b> Tessera </b>het amel, hypo', NULL, 3, '2022-08-01', 1, NULL, 13, NULL, 1, 0, 'b682b', NULL, '2023-11-04 16:10:37', '2025-12-11 14:46:20'),
(15, '<b>Butter</b>(Amel, Caramel) <b>Stripe</b> het anery', NULL, 3, '2021-08-01', 1, NULL, 13, NULL, 1, 0, 'b779a', NULL, '2023-11-04 16:10:37', '2025-12-11 14:46:25'),
(16, '<b>Snow </b>(Amel, Anery) <b>Tessera </b> het redfactor', NULL, 3, '2021-08-01', 1, NULL, 6, NULL, 3, 1, 'b87c0', NULL, '2023-11-04 16:10:37', '2025-11-02 10:38:08'),
(17, '<b>Caramel Motley/Stripe</b> het Amel, Hypo, Palmetto', NULL, 2, '2022-11-01', 1, NULL, 6, NULL, 1, 0, 'b9787', NULL, '2023-11-04 16:10:37', '2025-07-21 12:13:42'),
(18, 'A.11.10 #2 <b>Anery</b> het amel', NULL, 3, '2023-05-31', 1, 24, 1, NULL, 3, 0, 'ba736', NULL, '2023-11-04 16:10:37', '2024-06-18 05:38:31'),
(19, 'A.11.10 #3 Classic het amel', NULL, 2, '2023-05-31', 1, 24, 1, NULL, 3, 0, 'bb6bf', NULL, '2023-11-04 16:10:37', '2024-06-18 05:38:31'),
(20, 'A.11.10 #4 Anery het amel', NULL, 2, '2023-06-01', 1, 24, 1, NULL, 3, 0, 'bc75f', NULL, '2023-11-04 16:10:37', '2024-06-18 05:38:31'),
(21, 'A.11.10 #5 Classic het amel', NULL, 2, '2023-06-01', 1, 24, 1, NULL, 3, 0, 'bd6fc', NULL, '2023-11-04 16:10:37', '2024-06-18 05:38:31'),
(22, 'A.11.10 #7 Classic het amel', NULL, 2, '2023-06-01', 1, 24, 1, NULL, 3, 0, 'be62a', NULL, '2023-11-04 16:10:37', '2024-06-18 05:38:31'),
(23, 'A.11.10 #9 Classic het amel', NULL, 3, '2023-06-01', 1, 24, 1, NULL, 3, 0, 'bf5bc', NULL, '2023-11-04 16:10:37', '2024-06-18 05:38:31'),
(24, 'A.11.10 #10 Classic het amel', NULL, 2, '2023-06-01', 1, 24, 1, NULL, 3, 0, 'c0619', NULL, '2023-11-04 16:10:37', '2024-06-18 05:38:31'),
(25, 'A.11.10 #11 Classic het amel', NULL, 2, '2023-06-01', 1, 24, 1, NULL, 3, 0, 'c15c8', NULL, '2023-11-04 16:10:37', '2024-06-18 05:38:31'),
(26, 'A.11.10 #12 Classic het amel', NULL, 2, '2023-06-01', 1, 24, 1, NULL, 3, 0, 'c256a', NULL, '2023-11-04 16:10:37', '2024-06-18 05:38:31'),
(27, 'A.11.10 #13 Classic het amel', NULL, 2, '2023-06-02', 1, 24, 1, NULL, 3, 0, 'c34d1', NULL, '2023-11-04 16:10:37', '2024-06-18 05:38:31'),
(28, 'A.11.10 #14 Classic het amel', NULL, 3, '2023-06-02', 1, 24, 1, NULL, 3, 0, 'c4484', NULL, '2023-11-04 16:10:37', '2024-06-18 05:38:31'),
(29, 'A.11.10 #15 Classic het amel', NULL, 2, '2023-06-02', 1, 24, 1, NULL, 3, 0, 'c53ea', NULL, '2023-11-04 16:10:37', '2024-06-18 05:38:31'),
(30, 'A.11.10 #16 Classic het amel', NULL, 3, '2023-06-03', 1, 24, 1, NULL, 3, 0, 'c63ea', NULL, '2023-11-04 16:10:37', '2024-06-18 05:38:31'),
(31, 'A2.11.10 #1 Classic het amel', NULL, 2, '2023-07-16', 1, 25, 1, NULL, 3, 0, 'c73ef', NULL, '2023-11-04 16:10:37', '2024-06-18 05:38:31'),
(32, 'A2.11.10 #2 Anery het amel', NULL, 2, '2023-07-16', 1, 25, 1, NULL, 3, 0, 'c845d', NULL, '2023-11-04 16:10:37', '2024-06-18 05:38:31'),
(33, '<b>Anery </b> het amel, stripe', 'Nasza', 3, '2023-07-16', 1, 25, 13, NULL, 1, 0, 'c944a', NULL, '2023-11-04 16:10:37', '2026-01-22 15:37:05'),
(34, 'A2.11.10 #4 Classic het amel', NULL, 3, '2023-07-18', 1, 25, 1, NULL, 3, 0, 'ca596', NULL, '2023-11-04 16:10:37', '2024-06-18 05:38:31'),
(35, 'A2.11.10 #5 Classic het amel', NULL, 3, '2023-07-18', 1, 25, 1, NULL, 3, 0, 'cb5d0', NULL, '2023-11-04 16:10:38', '2024-06-18 05:38:31'),
(36, '<b>Ghost </b> (Anery, Hypo) <b>Cube (Stripe)</b> het Amel', NULL, 2, '2023-07-19', 1, 25, 1, NULL, 3, 0, 'cc5d9', NULL, '2023-11-04 16:10:38', '2024-06-18 05:38:31'),
(37, '<b>Shatter</b> (Cinder Sunkissed - SG Free)', NULL, 2, '2021-07-01', 1, NULL, 6, NULL, 1, 0, 'cd565', NULL, '2023-11-04 16:10:38', '2025-02-19 16:20:37'),
(38, '<b>Shatter(ka)</b> (Cinder, Sunkissed - SG Free)', NULL, 3, '2021-07-01', 1, NULL, 13, NULL, 1, 0, 'ce529', NULL, '2023-11-04 16:10:38', '2026-01-22 15:29:10'),
(39, '<b>Anery Scaleless</b>', NULL, 3, '2022-07-01', 1, NULL, 13, NULL, 1, 0, 'cf47f', NULL, '2023-11-04 16:10:38', '2026-01-22 15:37:24'),
(40, '<b>Orchid</b>(Lavender Sunkissed) het Anery, Stripe, Caramel', NULL, 3, '2023-07-15', 1, NULL, 13, NULL, 1, 0, 'd0442', NULL, '2023-11-04 16:10:38', '2026-01-22 16:15:13'),
(41, '<b>Honey</b>(Caramel Sunkissed)<b> Stripe </b>het anery het lavender', NULL, 2, '2023-07-15', 1, NULL, 1, NULL, 5, 0, 'd1429', NULL, '2023-11-04 16:10:38', '2024-06-18 05:38:31'),
(42, '<b>Blizzard (Amel Charcoal)</b>', NULL, 3, '2016-09-01', 1, NULL, 6, NULL, 5, 0, 'd2398', NULL, '2023-11-04 16:10:38', '2024-06-18 05:38:31'),
(43, '<b>Amel Motley </b>het anery, het caramel', 'Mendi', 3, '2015-09-01', 1, NULL, 6, NULL, 5, 0, 'd3362', NULL, '2023-11-04 16:10:38', '2025-07-04 16:01:12'),
(44, '<b>Okeetee </b> het amel II', NULL, 3, '2023-08-01', 1, NULL, 1, NULL, 5, 0, 'd42ba', NULL, '2023-11-04 16:10:38', '2024-06-18 05:38:31'),
(45, '<b>Butter (Amel, Caramel)</b>(pos palmetto)', NULL, 3, '2023-08-01', 1, NULL, 6, NULL, 1, 0, 'd5204', NULL, '2023-11-04 16:10:38', '2025-12-19 18:02:37'),
(46, '<b>Motley/Stripe</b> het anery, sunkissed', NULL, 3, '2023-08-01', 1, NULL, 6, NULL, 1, 0, 'd6139', NULL, '2023-11-04 16:10:38', '2025-12-19 18:02:50'),
(47, '<b>Ultramel </b>(het amel, ultra) <b>motley </b>het anery, caramel', NULL, 2, '2023-08-01', 1, NULL, 6, NULL, 1, 0, 'd7062', NULL, '2023-11-04 16:10:38', '2025-07-01 17:25:50'),
(48, 'B.11.15 - Amelanistic het caramel het stripe', NULL, 2, '2024-06-17', 1, 51, 1, NULL, 3, 1, 'd807b', NULL, '2024-06-17 06:41:01', '2024-07-13 10:26:29'),
(49, 'B.11.15 - Amelanistic het caramel het stripe', NULL, 3, '2024-06-17', 1, 51, 1, NULL, 3, 1, 'd8fcc', NULL, '2024-06-17 06:41:01', '2024-07-09 09:56:52'),
(50, 'B.11.15 - Amelanistic het caramel het stripe', NULL, 3, '2024-06-17', 1, 51, 1, NULL, 3, 1, 'd9f3d', NULL, '2024-06-17 06:41:01', '2024-09-08 09:36:11'),
(51, 'B.11.15  - Amelanistic het caramel het stripe', NULL, 2, '2024-06-17', 1, 51, 1, NULL, 3, 1, 'daec9', NULL, '2024-06-17 06:41:01', '2024-08-04 14:28:32'),
(52, 'B.11.15 - Amelanistic het caramel het stripe', NULL, 3, '2024-06-17', 1, 51, 1, NULL, 3, 1, 'dc00c', NULL, '2024-06-17 06:41:01', '2024-09-15 14:34:05'),
(53, 'B.11.15 - Amelanistic het caramel het stripe', NULL, 2, '2024-06-17', 1, 51, 1, NULL, 3, 1, 'dcfe1', NULL, '2024-06-17 06:41:01', '2024-11-17 11:58:22'),
(54, 'B.11.15 - Amelanistic het caramel het stripe', NULL, 3, '2024-06-17', 1, 51, 1, NULL, 3, 1, 'ddf4a', NULL, '2024-06-17 06:41:01', '2024-09-08 09:36:38'),
(55, 'B.11.15 - Butter (Amel Caramel) het stripe', NULL, 2, '2024-06-17', 1, 51, 1, NULL, 3, 1, 'dee9f', NULL, '2024-06-17 06:41:01', '2024-07-09 09:56:55'),
(56, 'B.11.15 - Butter (Amel Caramel) het stripe', NULL, 2, '2024-06-17', 1, 51, 1, NULL, 3, 1, 'dfe0d', NULL, '2024-06-17 06:41:01', '2024-10-06 09:07:42'),
(57, '<b>Butter </b>(Amel Caramel) het stripe', NULL, 3, '2024-06-17', 1, 51, 3, NULL, 3, 1, 'e0d73', NULL, '2024-06-17 06:41:01', '2025-09-13 09:28:52'),
(58, 'B.11.15 - Butter (Amel Caramel) het stripe', NULL, 2, '2024-06-17', 1, 51, 1, NULL, 3, 1, 'e1cbd', NULL, '2024-06-17 06:41:01', '2024-07-09 15:05:17'),
(59, 'B.11.15 - Butter (Amel Caramel) het stripe', NULL, 2, '2024-06-17', 1, 51, 1, NULL, 3, 1, 'e2c35', NULL, '2024-06-17 06:41:01', '2024-08-10 09:11:14'),
(60, '<b>Snow </b>(Amel Anery) het stripe, caramel', NULL, 2, '2024-06-17', 1, 51, 2, NULL, 3, 1, 'e3c0c', NULL, '2024-06-17 06:41:01', '2025-09-07 18:13:29'),
(61, 'B.11.15 - Snow (Amel Anery) het caramel het stripe', NULL, 2, '2024-06-17', 1, 51, 1, NULL, 3, 1, 'e4c4f', NULL, '2024-06-17 06:41:01', '2024-07-29 13:03:43'),
(62, 'B.11.15 - Snow (Amel Anery) het caramel het stripe', NULL, 3, '2024-06-17', 1, 51, 1, NULL, 3, 1, 'e5bbd', NULL, '2024-06-17 06:41:01', '2024-07-09 15:05:27'),
(63, 'B.37.10 - Classic het cinder het sunkissed (SG Free)', NULL, 2, '2024-06-21', 1, 74, 1, NULL, 5, 0, 'bf3b1', NULL, '2024-06-21 09:14:19', '2024-08-28 13:58:57'),
(64, 'B.37.10 - Classic het cinder het sunkissed (SG Free)', NULL, 2, '2024-06-21', 1, 74, 1, NULL, 3, 1, 'c02de', NULL, '2024-06-21 09:14:19', '2024-08-15 08:00:57'),
(65, 'B.37.10 - Classic het cinder het sunkissed (SG Free)', NULL, 3, '2024-06-21', 1, 74, 1, NULL, 3, 1, 'c0de8', NULL, '2024-06-21 09:14:19', '2024-09-08 09:56:51'),
(66, 'B.37.10 - Classic het cinder het sunkissed (SG Free)', NULL, 3, '2024-06-21', 1, 74, 1, NULL, 3, 1, 'c19d2', NULL, '2024-06-21 09:14:19', '2024-08-21 13:09:01'),
(67, 'B.37.10 - Classic het cinder het sunkissed (SG Free)', NULL, 1, '2024-06-21', 1, 74, 1, NULL, 5, 0, 'c2517', NULL, '2024-06-21 09:14:19', '2024-09-08 15:11:20'),
(68, 'Classic het cinder het sunkissed (SG Free)', NULL, 2, '2024-06-21', 1, 74, 3, NULL, 1, 1, 'c2f11', NULL, '2024-06-21 09:14:19', '2025-12-07 15:17:18'),
(69, 'B.37.10 - MARTYNKA - Classic het cinder het sunkissed (SG Free)', NULL, 3, '2024-06-21', 1, 74, 1, NULL, 3, 1, 'c3831', NULL, '2024-06-21 09:14:19', '2025-03-25 19:15:06'),
(70, 'B.37.10 - Classic het cinder het sunkissed (SG Free)', NULL, 3, '2024-06-21', 1, 74, 1, NULL, 3, 1, 'c4158', NULL, '2024-06-21 09:14:19', '2024-09-08 09:37:00'),
(71, 'Classic het cinder het sunkissed (SG Free)', NULL, 3, '2024-06-21', 1, 74, 2, NULL, 3, 1, 'c49ae', NULL, '2024-06-21 09:14:19', '2025-08-30 13:37:57'),
(72, 'B.37.10 - Classic het cinder het sunkissed (SG Free)', NULL, 1, '2024-06-21', 1, 74, 1, NULL, 3, 1, 'c53a1', NULL, '2024-06-21 09:14:19', '2024-07-15 14:35:08'),
(73, 'B.37.10 - Classic het cinder het sunkissed (SG Free)', NULL, 2, '2024-06-21', 1, 74, 1, NULL, 3, 1, 'c5c66', NULL, '2024-06-21 09:14:19', '2024-08-24 10:37:35'),
(74, 'B.37.10 - Classic het cinder het sunkissed (SG Free)', NULL, 3, '2024-06-21', 1, 74, 1, NULL, 3, 1, 'c650b', NULL, '2024-06-21 09:14:19', '2024-08-09 10:48:53'),
(75, 'B.37.10 - Classic het cinder het sunkissed (SG Free)', NULL, 2, '2024-06-21', 1, 74, 1, NULL, 3, 1, 'c6d23', NULL, '2024-06-21 09:14:19', '2024-08-05 14:33:01'),
(76, 'B.37.10 - Classic het cinder het sunkissed (SG Free)', NULL, 3, '2024-06-21', 1, 74, 1, NULL, 3, 1, 'c75fd', NULL, '2024-06-21 09:14:19', '2024-08-11 10:17:02'),
(77, 'B.37.10 - Classic het cinder het sunkissed (SG Free)', NULL, 3, '2024-06-21', 1, 74, 1, NULL, 3, 1, 'c7e8c', NULL, '2024-06-21 09:14:19', '2024-08-31 16:01:05'),
(78, 'B.37.10 - Wąż nr 16', NULL, 1, '2024-06-21', 1, 74, 1, NULL, 5, 0, 'c87b6', NULL, '2024-06-21 09:14:19', '2024-06-30 17:29:04'),
(79, 'B.11.43 - Amelanistic het motley', NULL, 3, '2024-07-16', 1, 77, 1, NULL, 3, 1, '267c3', NULL, '2024-07-16 03:21:59', '2024-10-20 16:17:44'),
(80, 'B.11.43 - Amelanistic het motley', NULL, 3, '2024-07-16', 1, 77, 1, NULL, 3, 1, '27136', NULL, '2024-07-16 03:21:59', '2024-11-09 16:00:39'),
(81, 'B.11.43 - Amelanistic het motley', NULL, 3, '2024-07-16', 1, 77, 1, NULL, 3, 1, '279c3', NULL, '2024-07-16 03:21:59', '2024-10-20 06:48:07'),
(82, 'B.11.43 - Amelanistic het motley', NULL, 2, '2024-07-16', 1, 77, 1, NULL, 3, 1, '281f2', NULL, '2024-07-16 03:21:59', '2024-12-14 14:52:10'),
(83, 'B.11.43 - Amelanistic het motley', NULL, 2, '2024-07-16', 1, 77, 1, NULL, 3, 1, '289f3', NULL, '2024-07-16 03:21:59', '2024-10-14 13:19:40'),
(84, 'B.11.43 - Amelanistic het motley', NULL, 3, '2024-07-16', 1, 77, 1, NULL, 3, 1, '2929b', NULL, '2024-07-16 03:21:59', '2024-12-21 14:56:34'),
(85, 'B.11.43 - Amelanistic het motley', NULL, 3, '2024-07-16', 1, 77, 1, NULL, 3, 1, '29b23', NULL, '2024-07-16 03:21:59', '2024-09-08 09:38:30'),
(86, 'B.11.43 - Amelanistic het motley', NULL, 3, '2024-07-16', 1, 77, 1, NULL, 3, 1, '2a401', NULL, '2024-07-16 03:21:59', '2024-11-19 17:56:21'),
(87, 'B.11.43 - Amelanistic het motley', NULL, 2, '2024-07-16', 1, 77, 1, NULL, 3, 1, '2acba', NULL, '2024-07-16 03:21:59', '2024-12-19 19:17:31'),
(88, 'B.11.43 - Snow (Amel, Anery) het motley', NULL, 3, '2024-07-16', 1, 77, 1, NULL, 3, 1, '2b566', NULL, '2024-07-16 03:21:59', '2024-09-14 16:04:56'),
(89, '<b>Shatter\'ka mini </b> (Cinder Sunkissed) SG Free', NULL, 3, '2024-08-06', 1, 53, 2, NULL, 1, 0, '09e59', NULL, '2024-08-06 15:51:51', '2025-12-07 15:16:17'),
(90, 'B.37.38 - Shatter (Cinder Sunkissed) SG Free', NULL, 2, '2024-08-06', 1, 53, 1, NULL, 3, 1, '0aafb', NULL, '2024-08-06 15:51:51', '2024-09-08 07:16:07'),
(91, '<b>Shatter </b> (Cinder Sunkissed) SG Free', NULL, 2, '2024-08-06', 1, 53, 1, NULL, 3, 1, '0b37e', NULL, '2024-08-06 15:51:51', '2025-11-02 10:59:29'),
(92, 'B.37.38 - Shatter (Cinder Sunkissed) - Garbek za głową', NULL, 2, '2024-08-06', 1, 53, 1, NULL, 5, 0, '0bb3e', NULL, '2024-08-06 15:51:51', '2025-01-03 18:27:18'),
(93, 'B.37.38 - Shatter (Cinder Sunkissed) SG Free', NULL, 3, '2024-08-06', 1, 53, 1, NULL, 3, 1, '0c2df', NULL, '2024-08-06 15:51:51', '2024-11-17 08:29:05'),
(94, 'B.37.38 - Shatter (Cinder Sunkissed) SG Free', NULL, 3, '2024-08-06', 1, 53, 2, NULL, 3, 1, '0ca89', NULL, '2024-08-06 15:51:51', '2025-09-21 10:43:50'),
(95, 'B.37.38 - Shatter (Cinder Sunkissed) SG Free', NULL, 3, '2024-08-06', 1, 53, 1, NULL, 3, 1, '0d2d5', NULL, '2024-08-06 15:51:51', '2025-02-10 16:08:08'),
(96, 'B.37.38 - Shatter (Cinder Sunkissed) SG Free', NULL, 2, '2024-08-06', 1, 53, 1, NULL, 5, 0, '0db2d', NULL, '2024-08-06 15:51:51', '2024-09-23 02:47:01'),
(97, 'B.37.38 - Shatter (Cinder Sunkissed) SG Free', NULL, 3, '2024-08-06', 1, 53, 1, NULL, 3, 1, '0e3d1', NULL, '2024-08-06 15:51:51', '2025-02-16 11:00:52'),
(98, 'B.37.38 - Shatter (Cinder Sunkissed) SG Free', NULL, 2, '2024-08-06', 1, 53, 1, NULL, 3, 1, '0eb6b', NULL, '2024-08-06 15:51:51', '2024-11-01 10:09:50'),
(99, 'B.37.38 - Shatter (Cinder Sunkissed) SG Free', NULL, 2, '2024-08-07', 1, 53, 1, NULL, 3, 1, '1bbb1', NULL, '2024-08-07 04:48:39', '2025-02-16 11:00:44'),
(100, 'B.37.38 - Shatter (Cinder Sunkissed) SG Free', NULL, 1, '2024-08-07', 1, 53, 1, NULL, 5, 0, '01c4c9', NULL, '2024-08-07 04:48:39', '2024-09-15 12:25:30'),
(101, 'B.37.38 - Shatter (Cinder Sunkissed) SG Free', NULL, 3, '2024-08-07', 1, 53, 1, NULL, 3, 1, '11cd36', NULL, '2024-08-07 04:48:39', '2024-09-15 12:53:14'),
(102, 'B.37.38 - Shatter (Cinder Sunkissed) - Garbek na ogonie', NULL, 3, '2024-08-07', 1, 53, 1, NULL, 5, 0, '21d527', NULL, '2024-08-07 04:48:39', '2025-01-03 18:27:14'),
(103, '<b>Palmetto </b>het caramel', 'Posypka', 3, '2024-08-10', 1, NULL, 4, NULL, 1, 0, '103511b6', NULL, '2024-11-17 11:22:35', '2025-12-07 15:16:52'),
(104, '<b>Ultramel </b>(het Amel, Ultra)<b> Dilute Striped </b>het Anery, Lavender', NULL, 2, '2024-07-01', 1, NULL, 3, NULL, 1, 0, '104b46ea', NULL, '2024-11-24 12:20:58', '2025-12-19 18:01:46'),
(105, '<b>Striped (Cube)</b> het, Anery, Dilute, Lavender', NULL, 3, '2024-06-16', 1, NULL, 2, NULL, 1, 0, '1051dac7', NULL, '2024-11-24 12:23:05', '2025-07-01 17:27:34'),
(106, '<b>Amber </b>(Caramel + Hypo)<b> Tessera </b>het scaleless, Amel, Motley/Stripe', NULL, 2, '2024-05-27', 1, NULL, 2, NULL, 1, 0, '1068cf55', NULL, '2024-11-24 12:24:39', '2025-09-27 14:24:27'),
(107, '<b>Tessera </b>het cinder, sunkissed', NULL, 3, '2024-06-01', 1, NULL, 4, NULL, 1, 0, '1070b231', NULL, '2024-11-24 12:26:16', '2025-12-19 18:03:25'),
(108, '<b>Pan Sunkissed Anery </b> het amel, stripe', NULL, 2, '2024-05-26', 1, NULL, 4, NULL, 1, 0, '108c0364', NULL, '2024-11-24 12:28:15', '2025-12-19 18:03:32'),
(109, '<b>Pani Sunkissed Anery </b>het amel, stripe', NULL, 3, '2024-05-26', 1, NULL, 4, NULL, 1, 0, '109ad7ef', NULL, '2024-11-24 12:29:21', '2025-12-19 18:03:38'),
(110, '<b>Lavender Stripe </b>het sunkissed, amel/ultra, anery, caramel', NULL, 2, '2024-06-28', 1, NULL, 2, NULL, 1, 0, '1100678e', NULL, '2024-11-24 12:30:28', '2025-09-27 14:25:14'),
(111, 'C.13.10 - Classic het amel ph anery, hypo (po. Okeetee)', NULL, 2, '2025-07-01', 1, 225, 1, NULL, 3, 1, '1cae69', NULL, '2025-07-01 12:40:58', '2025-10-19 18:02:23'),
(112, 'C.13.10 - Anery het amel ph hypo (po. Okeetee - dark line)', NULL, 2, '2025-07-01', 1, 225, 1, NULL, 3, 1, '2cb7c1', NULL, '2025-07-01 12:40:58', '2025-08-26 18:09:22'),
(113, 'C.13.10 - Anery het amel ph hypo (po Okeetee - dark line)', NULL, 2, '2025-07-02', 1, 225, 1, NULL, 3, 0, '3c5f1c', NULL, '2025-07-02 18:05:48', '2025-07-28 14:17:15'),
(114, 'C.13.10 - Hypo het amel ph anery(po Okeetee)', NULL, 2, '2025-07-02', 1, 225, 1, NULL, 3, 1, '4c6cbe', NULL, '2025-07-02 18:05:48', '2025-10-19 18:01:34'),
(115, 'C.13.10 - Classic het amel ph anery, hypo (po Okeetee)', NULL, 3, '2025-07-03', 1, 225, 1, NULL, 5, 0, '55e7a8', NULL, '2025-07-03 03:30:04', '2025-09-25 03:27:41'),
(116, 'C.13.10 - Classic het amel ph anery, hypo (po Okeetee', NULL, 3, '2025-07-03', 1, 225, 1, NULL, 3, 1, '65f124', NULL, '2025-07-03 03:30:04', '2025-10-25 10:23:52'),
(117, 'C.13.10 - Ghost het amel (po Okeetee)', NULL, 2, '2025-07-03', 1, 225, 1, NULL, 3, 1, '7106f1', NULL, '2025-07-03 05:42:56', '2025-09-21 06:36:31'),
(118, 'C.13.10 - Classic het amel ph anery, hypo (po Okeetee)', NULL, 2, '2025-07-03', 1, 225, 9, NULL, 5, 0, '80de56', NULL, '2025-07-03 05:43:39', '2025-10-21 14:57:04'),
(119, 'C.13.10 -Hypo het amel ph anery (po Okeetee)', NULL, 2, '2025-07-03', 1, 225, 1, NULL, 3, 1, '90e7e9', NULL, '2025-07-03 05:43:39', '2025-09-14 07:35:11'),
(120, 'C.13.10 - Hypo het amel ph anery (po Okeetee)', NULL, 2, '2025-07-03', 1, 225, 1, NULL, 3, 1, '00f53f', NULL, '2025-07-03 05:43:39', '2025-09-07 18:13:46'),
(121, 'C.13.10 - Hypo het amel ph anery (po Okeetee)', NULL, 3, '2025-07-03', 1, 225, 1, NULL, 3, 0, '110088', NULL, '2025-07-03 05:43:39', '2025-10-19 18:01:43'),
(122, 'C.13.10 - Classic het amel ph anery, hypo (po Okeetee)', NULL, 2, '2025-07-03', 1, 225, 9, NULL, 5, 0, '21095c', NULL, '2025-07-03 05:43:39', '2025-10-01 16:31:29'),
(123, 'C.13.10 - Hypo het amel ph anery (po Okeetee)', NULL, 3, '2025-07-03', 1, 225, 1, NULL, 3, 1, '3111d3', NULL, '2025-07-03 05:43:39', '2025-09-14 09:24:19'),
(124, 'C.13.10 - Classic het amel ph anery, hypo (po Okeetee)', NULL, 3, '2025-07-03', 1, 225, 1, NULL, 3, 1, '411a48', NULL, '2025-07-03 05:43:39', '2025-08-03 12:58:26'),
(125, 'C.13.10 - Classic het amel ph anery, hypo (po Okeetee)', NULL, 3, '2025-07-03', 1, 225, 1, NULL, 3, 1, '5122ab', NULL, '2025-07-03 05:43:39', '2025-09-07 18:13:36'),
(126, 'C.13.10 - Classic het amel ph anery, hypo (po Okeetee)', NULL, 2, '2025-07-03', 1, 225, 1, NULL, 3, 1, '612b1a', NULL, '2025-07-03 05:43:39', '2025-08-03 08:55:15'),
(127, 'C.13.10 - Anery het amel ph hypo (po Okeetee - dark line)', NULL, 2, '2025-07-03', 1, 225, 1, NULL, 3, 1, '713421', NULL, '2025-07-03 05:43:39', '2025-08-31 13:44:10'),
(128, 'Anery het amel ph hypo (po Okeetee)', NULL, 3, '2025-07-03', 1, 225, 2, NULL, 1, 0, '813c82', NULL, '2025-07-03 05:43:39', '2025-12-19 18:01:27'),
(129, 'C.13.10 - Classic het amel ph anery, hypo (po Okeetee)', NULL, 2, '2025-07-03', 1, 225, 1, NULL, 3, 1, '9144fd', NULL, '2025-07-03 05:43:39', '2025-09-14 10:28:09'),
(130, 'C.13.10 - Classic het amel ph anery, hypo (po Okeetee)', NULL, 3, '2025-07-03', 1, 225, 1, NULL, 3, 1, '014e5e', NULL, '2025-07-03 05:43:39', '2025-09-27 13:49:06'),
(131, 'C.17.15 - Butter Motley/Stripe ph palmetto, anery', NULL, 3, '2025-07-03', 1, 169, 1, NULL, 3, 1, '19f85b', NULL, '2025-07-03 05:46:19', '2025-08-26 12:40:14'),
(132, 'C.17.15 - Caramel Stripe het amel ph palmetto, anery ', NULL, 3, '2025-07-03', 1, 169, 1, NULL, 3, 1, '2a06ab', NULL, '2025-07-03 05:46:19', '2025-10-12 13:52:02'),
(133, 'C.17.15 - Caramel Motley/Stripe het amel ph palmetto, anery', NULL, 2, '2025-07-03', 1, 169, 1, NULL, 3, 1, '3a1402', NULL, '2025-07-03 05:46:19', '2025-10-19 18:01:29'),
(134, 'C.17.15 - Caramel Motley/Stripe het amel ph palmetto, anery', NULL, 2, '2025-07-03', 1, 169, 1, NULL, 3, 1, '4a20fa', NULL, '2025-07-03 05:46:19', '2025-09-21 11:36:52'),
(135, 'C.17.15 - Caramel Stripe het amel ph palmetto, anery', NULL, 3, '2025-07-03', 1, 169, 1, NULL, 2, 1, '5a2cdc', NULL, '2025-07-03 05:46:19', '2025-11-25 18:12:56'),
(136, 'C.17.15 - Caramel Stripe het amel ph palmetto, anery', NULL, 3, '2025-07-03', 1, 169, 1, NULL, 2, 1, '6a36e7', NULL, '2025-07-03 05:46:19', '2025-07-27 08:30:20'),
(137, 'C.17.15 - Caramel Motley/Stripe het amel ph palmetto, anery', NULL, 3, '2025-07-03', 1, 169, 1, NULL, 3, 1, '7a41f9', NULL, '2025-07-03 05:46:19', '2025-09-14 07:34:45'),
(138, 'C.17.15 - Caramel Stripe het amel ph palmetto, anery', NULL, 3, '2025-07-03', 1, 169, 1, NULL, 2, 1, '8a4e49', NULL, '2025-07-03 05:46:19', '2025-07-27 08:31:07'),
(139, 'C.17.15 - Butter Stripe ph palmetto, anery', NULL, 2, '2025-07-03', 1, 169, 1, NULL, 5, 0, '9a5949', NULL, '2025-07-03 05:46:19', '2025-09-13 04:01:15'),
(140, 'C.17.15 - Caramel Stripe het amel ph palmetto, anery ', NULL, 3, '2025-07-03', 1, 169, 1, NULL, 5, 0, '0a6247', NULL, '2025-07-03 05:46:19', '2025-09-03 08:12:00'),
(141, 'C.17.15 - Butter Stripe ph palmetto, anery', NULL, 2, '2025-07-03', 1, 169, 1, NULL, 3, 1, '1a6e7d', NULL, '2025-07-03 05:46:19', '2025-09-14 09:08:24'),
(142, 'C.17.15 - Caramel Motley/Stripe het amel ph palmetto, anery', NULL, 3, '2025-07-03', 1, 169, 1, NULL, 3, 1, '2a805e', NULL, '2025-07-03 05:46:19', '2025-08-03 08:56:41'),
(143, 'C.17.15 - Butter Motley/Stripe ph palmetto, anery', NULL, 2, '2025-07-03', 1, 169, 1, NULL, 5, 0, '3a9017', NULL, '2025-07-03 05:46:19', '2025-09-28 13:24:29'),
(144, 'C.17.15 - Caramel Cube (Stripe) het amel ph palmetto, anery', NULL, 3, '2025-07-03', 1, 169, 1, NULL, 3, 1, '4aa00d', NULL, '2025-07-03 05:46:19', '2025-08-26 14:19:39'),
(145, 'C.17.15 - Butter Stripe ph palmetto, anery', NULL, 2, '2025-07-03', 1, 169, 9, NULL, 5, 0, '5aad1a', NULL, '2025-07-03 05:46:19', '2025-10-08 17:11:23'),
(146, 'C.17.15 - Butter Stripe ph palmetto, anery', NULL, 3, '2025-07-03', 1, 169, 1, NULL, 3, 1, '6ab9c1', NULL, '2025-07-03 05:46:19', '2025-09-14 09:23:32'),
(147, 'C.17.15 - Butter Cube (Stripe) ph palmetto, anery', NULL, 3, '2025-07-03', 1, 169, 1, NULL, 3, 1, '7ac76c', NULL, '2025-07-03 05:46:19', '2025-10-16 15:00:20'),
(149, 'C.05.14 - Snow Tessera het scaleless, diffused, charcoal', NULL, 3, '2025-07-19', 1, 167, 1, NULL, 2, 0, '93a315', NULL, '2025-07-19 16:00:52', '2025-12-07 15:06:18'),
(150, 'C.05.14 - Snow Tessera het scaleless, diffused, charcoal', NULL, 3, '2025-07-19', 1, 167, 1, NULL, 3, 1, '03b17f', NULL, '2025-07-19 16:00:52', '2025-10-19 18:01:52'),
(151, 'Snow het scaleless, diffused, charcoal (white belly)', NULL, 3, '2025-07-19', 1, 167, 1, NULL, 1, 1, '13bb2e', NULL, '2025-07-19 16:00:52', '2025-09-18 15:04:24'),
(152, 'Snow het scaleless, diffused, charcoal', NULL, 2, '2025-07-19', 1, 167, 1, NULL, 1, 1, '23c4e2', NULL, '2025-07-19 16:00:52', '2025-09-18 15:04:29'),
(153, 'C.05.14 - Snow het scaleless, diffused, charcoal', NULL, 3, '2025-07-19', 1, 167, 1, NULL, 2, 1, '33ceb5', NULL, '2025-07-19 16:00:52', '2025-08-12 14:07:36'),
(154, 'C.05.14 - Anery Tessera het scaleless, diffused, charcoal', NULL, 3, '2025-07-19', 1, 167, 1, NULL, 3, 1, '43d8b6', NULL, '2025-07-19 16:00:52', '2025-10-19 18:02:03'),
(155, 'C.05.14 - Anery Tessera het scaleless, diffused, charcoal', NULL, 3, '2025-07-19', 1, 167, 1, NULL, 2, 1, '53e1cc', NULL, '2025-07-19 16:00:52', '2025-08-12 14:07:35'),
(156, 'C.05.14 - Anery Tessera het scaleless, diffused, charcoal', NULL, 2, '2025-07-19', 1, 167, 9, NULL, 5, 1, '63e9cb', NULL, '2025-07-19 16:00:52', '2025-11-24 20:17:49'),
(157, 'C.05.14 - Anery Tessera het scaleless, diffused, charcoal', NULL, 2, '2025-07-19', 1, 167, 1, NULL, 5, 0, '73f1a4', NULL, '2025-07-19 16:00:52', '2025-09-10 16:31:10'),
(158, 'C.05.14 - Anery Tessera het scaleless, diffused, charcoal', NULL, 3, '2025-07-19', 1, 167, 1, NULL, 2, 1, '83fa57', NULL, '2025-07-19 16:00:52', '2025-09-06 08:51:47'),
(159, 'C.05.14 - Anery het scaleless, diffused, charcoal (white belly)', NULL, 2, '2025-07-19', 1, 167, 1, NULL, 3, 1, '940314', NULL, '2025-07-19 16:00:52', '2025-11-02 10:05:49'),
(160, 'C.05.14 - Anery het scaleless, diffused, charcoal (white belly)', NULL, 3, '2025-07-19', 1, 167, 1, NULL, 2, 1, '040bc5', NULL, '2025-07-19 16:00:52', '2025-08-12 14:07:33'),
(162, 'Fire (Amel Diffused) het hypo, charcoal, anery', NULL, 2, '2025-07-19', 1, 174, 1, NULL, 1, 0, '29682a', NULL, '2025-07-19 21:14:18', '2025-09-18 15:04:34'),
(163, 'C.07.12 - Avalanche (Amel, Anery, Diffused) het hypo, charcoal', NULL, 3, '2025-07-27', 1, 174, 1, NULL, 3, 1, '35277e', NULL, '2025-07-27 09:08:28', '2025-09-21 05:54:16'),
(164, 'C.13.16 - Amel Tessera het anery ph. Hypo, Redfactor (po Okeetee)', NULL, 3, '2025-07-27', 1, 226, 1, NULL, 3, 0, '4680c3', NULL, '2025-07-27 14:20:25', '2025-09-07 18:13:18'),
(165, 'Amel Tessera het anery ph. Hypo, Redfactor (po Okeetee)', NULL, 3, '2025-07-27', 1, 226, 1, NULL, 1, 0, '568f66', NULL, '2025-07-27 14:20:25', '2025-09-18 15:04:41'),
(166, 'C.13.16 - Snow ph. Hypo, Redfactor (po Okeetee)', NULL, 3, '2025-07-27', 1, 226, 1, NULL, 3, 0, '669878', NULL, '2025-07-27 14:20:25', '2025-10-19 18:02:10'),
(167, 'C.01.09 - Ultramel Granite (Anery, Diffused) het ultra, stripe, amel)', NULL, 2, '2025-08-01', 1, 171, 1, NULL, 3, 1, '75616b', NULL, '2025-08-01 14:45:26', '2025-09-07 18:14:07'),
(168, 'C.01.09 - Ultramel Anery het ultra, stripe, diffused, amel', NULL, 3, '2025-08-01', 1, 171, 9, NULL, 5, 0, '85887b', NULL, '2025-08-01 14:45:26', '2025-10-08 17:11:32'),
(169, 'C.01.09 - Ultramel Anery het ultra, stripe, diffused, amel', NULL, 3, '2025-08-01', 1, 171, 9, NULL, 5, 0, '959bed', NULL, '2025-08-01 14:45:26', '2025-12-01 08:28:41'),
(170, 'C.01.09 - Ultramel Granite (Anery, Diffused) het ultra, stripe, amel)', NULL, 3, '2025-08-01', 1, 171, 9, NULL, 5, 0, '05af80', NULL, '2025-08-01 14:45:26', '2025-12-21 06:13:59'),
(171, 'C.01.09 - Avalanche (Amel, Anery, Diffused) het ultra, stripe', NULL, 2, '2025-08-01', 1, 171, 1, NULL, 3, 1, '15d778', NULL, '2025-08-01 14:45:26', '2025-09-21 09:21:18'),
(172, 'C.01.09 - Ultramel Granite (Anery, Diffused) het ultra, stripe, amel)', NULL, 3, '2025-08-01', 1, 171, 9, NULL, 5, 0, '25fbc0', NULL, '2025-08-01 14:45:26', '2025-11-29 07:16:06'),
(173, 'C.01.09 - Ultramel Granite (Anery, Diffused) het ultra, stripe, amel)', NULL, 3, '2025-08-01', 1, 171, 1, NULL, 3, 1, '3611d7', NULL, '2025-08-01 14:45:26', '2025-09-07 18:13:56'),
(174, 'C.01.09 - Ultramel Granite (Anery, Diffused) het ultra, stripe, amel)', NULL, 3, '2025-08-01', 1, 171, 1, NULL, 3, 1, '46242f', NULL, '2025-08-01 14:45:26', '2025-10-19 18:02:35'),
(175, 'C.01.09 - Ultramel Anery het ultra, stripe, diffused, amel', NULL, 3, '2025-08-01', 1, 171, 9, NULL, 5, 0, '56362c', NULL, '2025-08-01 14:45:26', '2025-10-15 16:11:46'),
(176, 'C.01.09 - Avalanche (Amel, Anery, Diffused) het ultra, stripe', NULL, 2, '2025-08-01', 1, 171, 1, NULL, 5, 0, '6648ff', NULL, '2025-08-01 14:45:26', '2025-10-05 04:03:54'),
(177, 'C.01.09 - Ultramel Anery het ultra, stripe, diffused, amel', NULL, 3, '2025-08-01', 1, 171, 9, NULL, 5, 0, '765b5c', NULL, '2025-08-01 14:45:26', '2025-10-27 16:26:31'),
(178, 'C.01.09 - Snow (Amel, Anery) het ultra, stripe, diffused', NULL, 2, '2025-08-01', 1, 171, 1, NULL, 3, 1, '866d80', NULL, '2025-08-01 14:45:26', '2025-10-12 13:53:30'),
(179, 'C.01.09 - Snow (Amel, Anery) het ultra, stripe, diffused', NULL, 3, '2025-08-01', 1, 171, 9, NULL, 5, 0, '967f59', NULL, '2025-08-01 14:45:26', '2025-10-10 13:25:32'),
(180, 'C.01.09 - Avalanche (Amel, Anery, Diffused) het ultra, stripe', NULL, 3, '2025-08-01', 1, 171, 9, NULL, 5, 0, '069192', NULL, '2025-08-01 14:45:26', '2025-10-21 14:56:40'),
(181, 'Scaleless het motley, anery ph amel', NULL, 3, '2025-08-08', 1, 217, 1, NULL, 1, 0, '1f40a5', NULL, '2025-08-08 14:56:48', '2025-09-18 15:04:46'),
(182, 'C.05.06 - Scaleless het motley, anery ph amel', NULL, 2, '2025-08-08', 1, 217, 9, NULL, 5, 0, '20146d', NULL, '2025-08-08 14:56:49', '2025-11-08 20:13:52'),
(183, 'C.05.06 - Scaleless het motley, anery ph amel', NULL, 3, '2025-08-08', 1, 217, 1, NULL, 3, 1, '302186', NULL, '2025-08-08 14:56:49', '2025-10-12 13:53:58'),
(184, 'C.05.06 - Scaleless het motley, anery ph amel', NULL, 3, '2025-08-08', 1, 217, 1, NULL, 2, 1, '402c50', NULL, '2025-08-08 14:56:49', '2025-08-28 06:40:36'),
(185, 'C.05.06 - Scaleless het motley, anery ph amel', NULL, 2, '2025-08-08', 1, 217, 1, NULL, 2, 1, '503645', NULL, '2025-08-08 14:56:49', '2025-09-06 09:21:05'),
(186, 'C.05.06 - Scaleless het motley, anery ph amel', NULL, 2, '2025-08-08', 1, 217, 1, NULL, 3, 1, '603fa9', NULL, '2025-08-08 14:56:49', '2025-10-19 18:01:24'),
(187, 'C.05.06 - Scaleless het motley, anery ph amel', NULL, 2, '2025-08-08', 1, 217, 1, NULL, 2, 1, '704941', NULL, '2025-08-08 14:56:49', '2025-08-28 06:40:52'),
(188, 'Scaleless het motley, anery ph amel', NULL, 2, '2025-08-08', 1, 217, 1, NULL, 3, 1, '805403', NULL, '2025-08-08 14:56:49', '2025-12-05 05:38:13'),
(189, 'C.05.06 - Scaleless het motley, anery ph amel', NULL, 3, '2025-08-08', 1, 217, 1, NULL, 2, 1, '905e36', NULL, '2025-08-08 14:56:49', '2025-08-28 06:40:57'),
(190, 'C.05.06 - Scaleless het motley, anery ph amel', NULL, 3, '2025-08-08', 1, 217, 1, NULL, 2, 1, '006a2a', NULL, '2025-08-08 14:56:49', '2025-08-28 06:41:01'),
(191, 'C.05.06 - Scaleless het motley, anery ph amel', NULL, 3, '2025-08-08', 1, 217, 1, NULL, 3, 1, '10742e', NULL, '2025-08-08 14:56:49', '2025-10-12 13:54:30'),
(192, 'C.05.06 - Scaleless het motley, anery ph amel', NULL, 3, '2025-08-08', 1, 217, 1, NULL, 3, 1, '207e6a', NULL, '2025-08-08 14:56:49', '2025-09-17 14:16:27'),
(193, 'C.01.33 -  Snow Stripe ph caramel, diffused', NULL, 2, '2025-08-24', 1, 232, 1, NULL, 3, 1, '30a01b', NULL, '2025-08-24 07:52:14', '2025-10-19 18:02:17'),
(194, 'C.01.33 - Snow Stripe ph caramel, diffused', NULL, 3, '2025-08-24', 1, 232, 1, NULL, 2, 1, '40ad71', NULL, '2025-08-24 07:52:14', '2025-09-19 14:50:04'),
(195, 'C.01.33 - Snow het stripe ph caramel, diffused', NULL, 3, '2025-08-24', 1, 232, 1, NULL, 3, 1, '50b5be', NULL, '2025-08-24 07:52:14', '2025-10-12 13:52:36'),
(196, 'Ultramel Anery Stripe ph caramel, diffused', NULL, 3, '2025-08-24', 1, 232, 1, NULL, 1, 1, '60bdbf', NULL, '2025-08-24 07:52:14', '2025-09-20 11:44:00'),
(197, 'C.01.33 - Snow Stripe ph caramel, diffused', NULL, 3, '2025-08-24', 1, 232, 1, NULL, 3, 1, '70c5b8', NULL, '2025-08-24 07:52:14', '2025-11-09 17:28:53'),
(198, 'C.01.33 - Ultramel Anery Stripe ph caramel, diffused', NULL, 3, '2025-08-24', 1, 232, 1, NULL, 3, 1, '80cd9f', NULL, '2025-08-24 07:52:14', '2025-11-02 09:47:04'),
(199, 'C.01.33 - Ultramel Anery het stripe ph caramel, diffused', NULL, 3, '2025-08-24', 1, 232, 1, NULL, 2, 1, '90d627', NULL, '2025-08-24 07:52:14', '2025-09-19 14:50:02'),
(200, 'C.01.33 - Anery het stripe ph caramel, diffused, amel/ultra', NULL, 2, '2025-08-24', 1, 232, 1, NULL, 3, 1, '00de78', NULL, '2025-08-24 07:52:14', '2025-11-02 10:04:53'),
(201, 'C.01.33 - Anery het stripe ph caramel, diffused, amel/ultra', NULL, 3, '2025-08-24', 1, 232, 1, NULL, 2, 1, '10e6d6', NULL, '2025-08-24 07:52:14', '2025-09-19 14:50:01'),
(202, 'C.01.33 - Anery het stripe ph caramel, diffused, amel/ultra', NULL, 3, '2025-08-24', 1, 232, 1, NULL, 2, 1, '20ef68', NULL, '2025-08-24 07:52:14', '2025-09-19 14:50:01'),
(203, 'C.01.33 - Anery Stripe ph caramel, diffused, amel/ultra', NULL, 2, '2025-08-24', 1, 232, 1, NULL, 2, 1, '30f7b6', NULL, '2025-08-24 07:52:14', '2025-09-19 14:50:01'),
(204, 'C.01.33 - Anery Stripe ph caramel, diffused, amel/ultra', NULL, 2, '2025-08-24', 1, 232, 1, NULL, 2, 1, '40fffb', NULL, '2025-08-24 07:52:14', '2025-09-19 14:50:00'),
(205, 'C.01.33 - Anery Stripe ph caramel, diffused, amel/ultra', NULL, 3, '2025-08-24', 1, 232, 1, NULL, 3, 1, '5107f0', NULL, '2025-08-24 07:52:14', '2025-09-21 08:48:31'),
(206, 'C2.05.14 - Snow Tessera het scaleless, diffused, charcoal ph hypo', NULL, 2, '2025-09-12', 1, 243, 1, NULL, 5, 0, '6b5b96', NULL, '2025-09-12 13:46:54', '2025-11-29 07:15:56'),
(207, 'C2.05.14 -  Snow het scaleless, diffused, charcoal ph hypo', NULL, 2, '2025-09-12', 1, 243, 1, NULL, 3, 1, '7b68a1', NULL, '2025-09-12 13:46:54', '2026-01-02 15:49:11'),
(208, 'C2.05.14 -  Anery Tessera het scaleless, diffused, charcoal ph amel, hypo', NULL, 2, '2025-09-12', 1, 243, 1, NULL, 5, 0, '8b71c7', NULL, '2025-09-12 13:46:54', '2025-12-30 18:51:21'),
(209, 'C2.05.14 -  Anery Tessera het scaleless, diffused, charcoal ph amel, hypo', NULL, 2, '2025-09-12', 1, 243, 9, NULL, 5, 0, '9b7a04', NULL, '2025-09-12 13:46:54', '2025-12-01 08:28:47'),
(210, 'C2.05.14 -  Anery Tessera het scaleless, diffused, charcoal ph amel, hypo', NULL, 3, '2025-09-12', 1, 243, 1, NULL, 2, 1, '0b8209', NULL, '2025-09-12 13:46:54', '2025-10-11 10:42:37'),
(211, 'C2.05.14 -  Anery het scaleless, diffused, charcoal ph amel, hypo', NULL, 3, '2025-09-12', 1, 243, 1, NULL, 3, 1, '1b8ac9', NULL, '2025-09-12 13:46:54', '2025-11-09 17:29:12'),
(212, 'C2.05.14 -  Anery het scaleless, diffused, charcoal ph amel, hypo', NULL, 3, '2025-09-12', 1, 243, 1, NULL, 2, 1, '2b93f7', NULL, '2025-09-12 13:46:54', '2025-10-11 10:42:15'),
(213, 'Banana Pastel', NULL, 2, '2025-06-01', 2, NULL, 3, NULL, 1, 0, '213b3a26', NULL, '2025-09-14 14:38:40', '2026-01-29 16:09:13'),
(214, 'Pinstripe', NULL, 3, '2025-06-01', 2, NULL, 11, NULL, 1, 0, '214d7557', NULL, '2025-09-14 14:39:26', '2025-09-14 16:07:42'),
(215, 'C.37.38 - Shatter (Cinder, Sunkissed) Sg Free', NULL, 2, '2025-09-20', 1, 215, 1, NULL, 3, 1, '5ce079', NULL, '2025-09-20 08:27:03', '2025-11-09 17:29:02'),
(216, 'C.37.38 - Shatter (Cinder, Sunkissed) Sg Free garbek', NULL, 1, '2025-09-20', 1, 215, 1, NULL, 5, 0, '6ceec9', NULL, '2025-09-20 08:27:03', '2026-01-10 07:46:41'),
(217, 'C.05.39 - Anery Scaleless ph amel', NULL, 2, '2025-09-20', 1, 170, 9, NULL, 2, 1, '7de507', NULL, '2025-09-20 08:27:33', '2026-01-18 05:35:47'),
(218, 'C.13.08 - Extreme Okeetee het amel, ph hypo, anery', NULL, 3, '2025-10-07', 1, 178, 1, NULL, 3, 1, '8c8c02', NULL, '2025-10-07 13:39:28', '2025-11-29 10:18:25'),
(219, 'C.13.08 - Extreme Okeetee het amel, ph hypo, anery -> ZOSTAJE', NULL, 2, '2025-10-07', 1, 178, 1, NULL, 2, 0, '9c9667', NULL, '2025-10-07 13:39:28', '2025-10-21 15:23:27'),
(220, 'C.13.08 - Okeetee het amel, ph hypo, anery', NULL, 2, '2025-10-07', 1, 178, 1, NULL, 3, 1, '0ca52b', NULL, '2025-10-07 13:39:28', '2025-12-17 16:38:10'),
(221, 'C.13.08 - Okeetee het amel, ph hypo, anery', NULL, 3, '2025-10-07', 1, 178, 1, NULL, 2, 1, '1cb3c8', NULL, '2025-10-07 13:39:28', '2025-11-24 20:17:32'),
(222, 'C.13.08 - Reverse Okeetee (Amel Okeetee) ph hypo, anery', NULL, 2, '2025-10-07', 1, 178, 1, NULL, 3, 0, '2cc0dc', NULL, '2025-10-07 13:39:28', '2025-11-02 11:01:59'),
(223, 'C.13.08 - Extreme Reverse Okeetee (Amel Okeetee) ph hypo, anery', NULL, 3, '2025-10-07', 1, 178, 9, NULL, 2, 0, '3cce40', NULL, '2025-10-07 13:39:28', '2025-12-24 06:45:17'),
(224, 'C.13.08 - Reverse Okeetee (Amel Okeetee) ph hypo, anery', NULL, 3, '2025-10-07', 1, 178, 1, NULL, 2, 1, '4cdae0', NULL, '2025-10-07 13:39:28', '2025-11-24 20:17:20'),
(225, 'C.13.08 - Reverse Okeetee (Amel Okeetee) ph hypo, anery -> ZOSTAJE?', NULL, 3, '2025-10-07', 1, 178, 1, NULL, 2, 0, '5ce762', NULL, '2025-10-07 13:39:28', '2025-10-21 15:23:27'),
(226, 'Axantic', 'Elfik', 2, '2025-07-16', 5, NULL, 2, NULL, 1, 0, '226069ea', NULL, '2025-10-12 18:10:07', '2025-10-17 09:57:37'),
(227, 'Extreme Red Hypo Trans', NULL, 2, '2025-07-01', 6, NULL, 12, NULL, 1, 0, '227a0981', NULL, '2025-11-04 05:20:57', '2025-11-04 05:20:57'),
(228, 'Extreme Orange Hypo Trans', NULL, 3, '2024-07-01', 6, NULL, 12, NULL, 1, 0, '228634a7', NULL, '2025-11-04 05:21:17', '2025-11-04 05:21:27'),
(229, 'Champagne Cinnamon', NULL, 2, '2025-07-07', 2, NULL, 3, NULL, 1, 0, '229eb8f2', NULL, '2026-01-09 13:19:56', '2026-01-29 16:09:06'),
(230, 'Cinnamon', NULL, 3, '2025-07-01', 2, NULL, 11, NULL, 1, 0, '230cf526', NULL, '2026-01-09 13:20:28', '2026-01-09 13:20:45');

-- --------------------------------------------------------

--
-- Struktura tabeli dla tabeli `animal_category`
--

CREATE TABLE IF NOT EXISTS `animal_category` (
  `id` bigint UNSIGNED NOT NULL AUTO_INCREMENT,
  `name` varchar(255) COLLATE utf8mb4_unicode_ci NOT NULL,
  `created_at` timestamp NULL DEFAULT NULL,
  `updated_at` timestamp NULL DEFAULT NULL,
  PRIMARY KEY (`id`)
) ENGINE=InnoDB AUTO_INCREMENT=6 DEFAULT CHARSET=utf8mb4 COLLATE=utf8mb4_unicode_ci;

--
-- RELACJE DLA TABELI `animal_category`:
--

--
-- Dumping data for table `animal_category`
--

INSERT INTO `animal_category` (`id`, `name`, `created_at`, `updated_at`) VALUES
(1, 'W hodowli', NULL, NULL),
(2, 'Do wydania', NULL, NULL),
(3, 'Wydane', NULL, NULL),
(4, 'Zimowanie', '2024-01-12 03:44:29', '2024-01-12 03:45:23'),
(5, 'Usunięte', '2023-11-04 16:00:44', '2024-01-12 03:45:42');

-- --------------------------------------------------------

--
-- Struktura tabeli dla tabeli `animal_feedings`
--

CREATE TABLE IF NOT EXISTS `animal_feedings` (
  `id` bigint UNSIGNED NOT NULL AUTO_INCREMENT,
  `animal_id` bigint UNSIGNED NOT NULL,
  `feed_id` bigint UNSIGNED NOT NULL,
  `amount` int NOT NULL,
  `created_at` timestamp NULL DEFAULT NULL,
  `updated_at` timestamp NULL DEFAULT NULL,
  PRIMARY KEY (`id`),
  KEY `animal_feedings_animal_id_foreign` (`animal_id`),
  KEY `animal_feedings_feed_id_foreign` (`feed_id`)
) ENGINE=InnoDB AUTO_INCREMENT=6214 DEFAULT CHARSET=utf8mb4 COLLATE=utf8mb4_unicode_ci;

--
-- RELACJE DLA TABELI `animal_feedings`:
--   `animal_id`
--       `animals` -> `id`
--   `feed_id`
--       `feeds` -> `id`
--

--
-- Dumping data for table `animal_feedings`
--

INSERT INTO `animal_feedings` (`id`, `animal_id`, `feed_id`, `amount`, `created_at`, `updated_at`) VALUES
(1, 1, 1, 1, '2022-11-21 21:00:00', '2023-11-04 16:10:36'),
(2, 1, 1, 1, '2022-11-25 21:00:00', '2023-11-04 16:10:36'),
(3, 1, 1, 1, '2022-11-29 21:00:00', '2023-11-04 16:10:36'),
(4, 1, 1, 1, '2022-12-03 21:00:00', '2023-11-04 16:10:36'),
(5, 1, 1, 1, '2022-12-08 21:00:00', '2023-11-04 16:10:36'),
(6, 1, 1, 1, '2022-12-12 21:00:00', '2023-11-04 16:10:36'),
(7, 1, 1, 1, '2022-12-16 21:00:00', '2023-11-04 16:10:36'),
(8, 1, 1, 1, '2022-12-20 21:00:00', '2023-11-04 16:10:36'),
(9, 1, 1, 1, '2022-12-25 21:00:00', '2023-11-04 16:10:36'),
(10, 1, 1, 1, '2022-12-29 21:00:00', '2023-11-04 16:10:36'),
(11, 1, 1, 1, '2023-01-02 21:00:00', '2023-11-04 16:10:36'),
(12, 1, 1, 1, '2023-01-06 21:00:00', '2023-11-04 16:10:36'),
(13, 1, 1, 1, '2023-01-10 21:00:00', '2023-11-04 16:10:36'),
(14, 1, 1, 1, '2023-01-15 21:00:00', '2023-11-04 16:10:36'),
(15, 1, 1, 2, '2023-01-20 21:00:00', '2023-11-04 16:10:36'),
(16, 1, 1, 2, '2023-01-25 21:00:00', '2023-11-04 16:10:36'),
(17, 1, 1, 2, '2023-01-30 21:00:00', '2023-11-04 16:10:37'),
(18, 1, 1, 2, '2023-02-05 21:00:00', '2023-11-04 16:10:37'),
(19, 1, 1, 2, '2023-02-11 21:00:00', '2023-11-04 16:10:37'),
(20, 1, 2, 1, '2023-02-17 21:00:00', '2023-11-04 16:10:37'),
(21, 1, 2, 1, '2023-02-22 21:00:00', '2023-11-04 16:10:37'),
(22, 1, 2, 1, '2023-02-27 21:00:00', '2023-11-04 16:10:37'),
(23, 1, 2, 1, '2023-03-05 21:00:00', '2023-11-04 16:10:37'),
(24, 1, 2, 1, '2023-03-11 21:00:00', '2023-11-04 16:10:37'),
(25, 1, 2, 1, '2023-03-17 21:00:00', '2023-11-04 16:10:37'),
(26, 1, 2, 2, '2023-03-23 21:00:00', '2023-11-04 16:10:37'),
(27, 1, 2, 1, '2023-03-29 18:00:00', '2023-11-04 16:10:37'),
(28, 1, 2, 1, '2023-04-04 18:00:00', '2023-11-04 16:10:37'),
(29, 1, 3, 1, '2023-04-10 18:00:00', '2023-11-04 16:10:37'),
(30, 1, 3, 1, '2023-04-16 18:00:00', '2023-11-04 16:10:37'),
(31, 1, 3, 1, '2023-04-23 18:00:00', '2023-11-04 16:10:37'),
(32, 1, 3, 1, '2023-04-30 18:00:00', '2023-11-04 16:10:37'),
(33, 1, 3, 1, '2023-05-08 18:00:00', '2023-11-04 16:10:37'),
(34, 1, 3, 1, '2023-05-16 18:00:00', '2023-11-04 16:10:37'),
(35, 1, 3, 1, '2023-05-24 18:00:00', '2023-11-04 16:10:37'),
(36, 1, 3, 1, '2023-06-02 18:00:00', '2023-11-04 16:10:37'),
(37, 1, 3, 1, '2023-06-10 18:00:00', '2023-11-04 16:10:37'),
(38, 1, 3, 1, '2023-06-18 18:00:00', '2023-11-04 16:10:37'),
(39, 1, 3, 1, '2023-06-26 18:00:00', '2023-11-04 16:10:37'),
(40, 1, 3, 1, '2023-07-02 18:00:00', '2023-11-04 16:10:37'),
(41, 1, 3, 1, '2023-07-09 18:00:00', '2023-11-04 16:10:37'),
(42, 1, 3, 1, '2023-07-16 18:00:00', '2023-11-04 16:10:37'),
(43, 1, 3, 1, '2023-07-22 18:00:00', '2023-11-04 16:10:37'),
(44, 1, 3, 1, '2023-07-28 18:00:00', '2023-11-04 16:10:37'),
(45, 1, 3, 1, '2023-08-04 18:00:00', '2023-11-04 16:10:37'),
(46, 1, 3, 1, '2023-08-12 18:00:00', '2023-11-04 16:10:37'),
(47, 1, 3, 1, '2023-08-19 18:00:00', '2023-11-04 16:10:37'),
(48, 1, 4, 1, '2023-08-25 18:00:00', '2023-11-04 16:10:37'),
(49, 1, 4, 1, '2023-09-02 18:00:00', '2023-11-04 16:10:37'),
(50, 1, 4, 1, '2023-09-11 18:00:00', '2023-11-04 16:10:37'),
(51, 1, 4, 1, '2023-09-19 18:00:00', '2023-11-04 16:10:37'),
(52, 1, 4, 1, '2023-09-29 18:00:00', '2023-11-04 16:10:37'),
(53, 1, 4, 1, '2023-10-07 18:00:00', '2023-11-04 16:10:37'),
(54, 1, 4, 1, '2023-10-16 18:00:00', '2023-11-04 16:10:37'),
(55, 1, 4, 1, '2023-10-26 18:00:00', '2023-11-04 16:10:37'),
(56, 2, 1, 1, '2022-11-21 21:00:00', '2023-11-04 16:10:37'),
(57, 2, 1, 1, '2022-11-25 21:00:00', '2023-11-04 16:10:37'),
(58, 2, 1, 1, '2022-11-29 21:00:00', '2023-11-04 16:10:37'),
(59, 2, 1, 1, '2022-12-03 21:00:00', '2023-11-04 16:10:37'),
(60, 2, 1, 1, '2022-12-08 21:00:00', '2023-11-04 16:10:37'),
(61, 2, 1, 1, '2022-12-12 21:00:00', '2023-11-04 16:10:37'),
(62, 2, 1, 1, '2022-12-16 21:00:00', '2023-11-04 16:10:37'),
(63, 2, 1, 1, '2022-12-20 21:00:00', '2023-11-04 16:10:37'),
(64, 2, 1, 1, '2022-12-25 21:00:00', '2023-11-04 16:10:37'),
(65, 2, 1, 1, '2022-12-29 21:00:00', '2023-11-04 16:10:37'),
(66, 2, 1, 1, '2023-01-02 21:00:00', '2023-11-04 16:10:37'),
(67, 2, 1, 1, '2023-01-06 21:00:00', '2023-11-04 16:10:37'),
(68, 2, 1, 1, '2023-01-10 21:00:00', '2023-11-04 16:10:37'),
(69, 2, 1, 1, '2023-01-15 21:00:00', '2023-11-04 16:10:37'),
(70, 2, 1, 1, '2023-01-20 21:00:00', '2023-11-04 16:10:37'),
(71, 2, 1, 2, '2023-01-25 21:00:00', '2023-11-04 16:10:37'),
(72, 2, 1, 2, '2023-01-30 21:00:00', '2023-11-04 16:10:37'),
(73, 2, 1, 1, '2023-02-05 21:00:00', '2023-11-04 16:10:37'),
(74, 2, 1, 1, '2023-02-11 21:00:00', '2023-11-04 16:10:37'),
(75, 2, 2, 1, '2023-02-17 21:00:00', '2023-11-04 16:10:37'),
(76, 2, 2, 1, '2023-02-22 21:00:00', '2023-11-04 16:10:37'),
(77, 2, 2, 1, '2023-02-27 21:00:00', '2023-11-04 16:10:37'),
(78, 2, 2, 1, '2023-03-05 21:00:00', '2023-11-04 16:10:37'),
(79, 2, 2, 1, '2023-03-11 21:00:00', '2023-11-04 16:10:37'),
(80, 2, 2, 1, '2023-03-17 21:00:00', '2023-11-04 16:10:37'),
(81, 2, 2, 1, '2023-03-23 21:00:00', '2023-11-04 16:10:37'),
(82, 2, 2, 1, '2023-03-29 18:00:00', '2023-11-04 16:10:37'),
(83, 2, 2, 1, '2023-04-04 18:00:00', '2023-11-04 16:10:37'),
(84, 2, 3, 1, '2023-04-10 18:00:00', '2023-11-04 16:10:37'),
(85, 2, 3, 1, '2023-04-16 18:00:00', '2023-11-04 16:10:37'),
(86, 2, 2, 2, '2023-04-23 18:00:00', '2023-11-04 16:10:37'),
(87, 2, 2, 1, '2023-04-30 18:00:00', '2023-11-04 16:10:37'),
(88, 2, 2, 1, '2023-05-07 18:00:00', '2023-11-04 16:10:37'),
(89, 2, 3, 1, '2023-05-14 18:00:00', '2023-11-04 16:10:37'),
(90, 2, 2, 1, '2023-05-21 18:00:00', '2023-11-04 16:10:37'),
(91, 2, 2, 1, '2023-05-29 18:00:00', '2023-11-04 16:10:37'),
(92, 2, 3, 1, '2023-06-06 18:00:00', '2023-11-04 16:10:37'),
(93, 2, 3, 1, '2023-06-18 18:00:00', '2023-11-04 16:10:37'),
(94, 2, 3, 1, '2023-06-26 18:00:00', '2023-11-04 16:10:37'),
(95, 2, 3, 1, '2023-07-02 18:00:00', '2023-11-04 16:10:37'),
(96, 2, 3, 1, '2023-07-09 18:00:00', '2023-11-04 16:10:37'),
(97, 2, 3, 1, '2023-07-16 18:00:00', '2023-11-04 16:10:37'),
(98, 2, 3, 1, '2023-07-22 18:00:00', '2023-11-04 16:10:37'),
(99, 2, 3, 1, '2023-07-28 18:00:00', '2023-11-04 16:10:37'),
(100, 2, 3, 1, '2023-08-04 18:00:00', '2023-11-04 16:10:37'),
(101, 2, 3, 1, '2023-08-12 18:00:00', '2023-11-04 16:10:37'),
(102, 2, 3, 1, '2023-08-19 18:00:00', '2023-11-04 16:10:37'),
(103, 2, 3, 1, '2023-08-25 18:00:00', '2023-11-04 16:10:37'),
(104, 2, 3, 1, '2023-09-02 18:00:00', '2023-11-04 16:10:37'),
(105, 2, 3, 1, '2023-09-09 18:00:00', '2023-11-04 16:10:37'),
(106, 2, 3, 1, '2023-09-17 18:00:00', '2023-11-04 16:10:37'),
(107, 2, 4, 1, '2023-09-25 18:00:00', '2023-11-04 16:10:37'),
(108, 2, 4, 1, '2023-10-03 18:00:00', '2023-11-04 16:10:37'),
(109, 2, 4, 1, '2023-10-11 18:00:00', '2023-11-04 16:10:37'),
(110, 2, 4, 1, '2023-10-20 18:00:00', '2023-11-04 16:10:37'),
(111, 2, 4, 1, '2023-10-28 18:00:00', '2023-11-04 16:10:37'),
(112, 3, 1, 1, '2022-11-25 21:00:00', '2023-11-04 16:10:37'),
(113, 3, 1, 1, '2022-11-29 21:00:00', '2023-11-04 16:10:37'),
(114, 3, 1, 1, '2022-12-03 21:00:00', '2023-11-04 16:10:37'),
(115, 3, 1, 1, '2022-12-08 21:00:00', '2023-11-04 16:10:37'),
(116, 3, 1, 1, '2022-12-12 21:00:00', '2023-11-04 16:10:37'),
(117, 3, 1, 1, '2022-12-16 21:00:00', '2023-11-04 16:10:37'),
(118, 3, 1, 1, '2022-12-27 21:00:00', '2023-11-04 16:10:37'),
(119, 3, 1, 1, '2022-12-29 21:00:00', '2023-11-04 16:10:37'),
(120, 3, 1, 1, '2023-01-02 21:00:00', '2023-11-04 16:10:37'),
(121, 3, 1, 1, '2023-01-06 21:00:00', '2023-11-04 16:10:37'),
(122, 3, 1, 1, '2023-01-10 21:00:00', '2023-11-04 16:10:37'),
(123, 3, 1, 1, '2023-01-15 21:00:00', '2023-11-04 16:10:37'),
(124, 3, 1, 1, '2023-01-20 21:00:00', '2023-11-04 16:10:37'),
(125, 3, 1, 2, '2023-01-25 21:00:00', '2023-11-04 16:10:37'),
(126, 3, 1, 1, '2023-02-05 21:00:00', '2023-11-04 16:10:37'),
(127, 3, 1, 1, '2023-02-11 21:00:00', '2023-11-04 16:10:37'),
(128, 3, 2, 1, '2023-02-17 21:00:00', '2023-11-04 16:10:37'),
(129, 3, 2, 1, '2023-02-22 21:00:00', '2023-11-04 16:10:37'),
(130, 3, 2, 1, '2023-02-27 21:00:00', '2023-11-04 16:10:37'),
(131, 3, 2, 1, '2023-03-05 21:00:00', '2023-11-04 16:10:37'),
(132, 3, 2, 1, '2023-03-11 21:00:00', '2023-11-04 16:10:37'),
(133, 3, 2, 1, '2023-03-17 21:00:00', '2023-11-04 16:10:37'),
(134, 3, 2, 1, '2023-03-23 21:00:00', '2023-11-04 16:10:37'),
(135, 3, 2, 1, '2023-03-29 18:00:00', '2023-11-04 16:10:37'),
(136, 3, 2, 1, '2023-04-04 18:00:00', '2023-11-04 16:10:37'),
(137, 3, 2, 1, '2023-04-10 18:00:00', '2023-11-04 16:10:37'),
(138, 3, 2, 1, '2023-04-16 18:00:00', '2023-11-04 16:10:37'),
(139, 3, 2, 1, '2023-04-23 18:00:00', '2023-11-04 16:10:37'),
(140, 3, 2, 1, '2023-04-30 18:00:00', '2023-11-04 16:10:37'),
(141, 3, 2, 1, '2023-05-07 18:00:00', '2023-11-04 16:10:37'),
(142, 3, 3, 1, '2023-05-14 18:00:00', '2023-11-04 16:10:37'),
(143, 3, 2, 1, '2023-05-21 18:00:00', '2023-11-04 16:10:37'),
(144, 3, 2, 1, '2023-05-29 18:00:00', '2023-11-04 16:10:37'),
(145, 3, 2, 1, '2023-06-06 18:00:00', '2023-11-04 16:10:37'),
(146, 3, 2, 1, '2023-06-12 18:00:00', '2023-11-04 16:10:37'),
(147, 3, 2, 1, '2023-06-18 18:00:00', '2023-11-04 16:10:37'),
(148, 3, 2, 1, '2023-06-25 18:00:00', '2023-11-04 16:10:37'),
(149, 3, 2, 1, '2023-06-25 18:00:00', '2023-11-04 16:10:37'),
(150, 3, 2, 1, '2023-07-01 18:00:00', '2023-11-04 16:10:37'),
(151, 3, 2, 1, '2023-07-09 18:00:00', '2023-11-04 16:10:37'),
(152, 3, 2, 1, '2023-07-16 18:00:00', '2023-11-04 16:10:37'),
(153, 3, 2, 1, '2023-07-22 18:00:00', '2023-11-04 16:10:37'),
(154, 3, 2, 1, '2023-07-28 18:00:00', '2023-11-04 16:10:37'),
(155, 3, 2, 1, '2023-08-04 18:00:00', '2023-11-04 16:10:37'),
(156, 3, 2, 1, '2023-08-10 18:00:00', '2023-11-04 16:10:37'),
(157, 3, 2, 1, '2023-08-15 18:00:00', '2023-11-04 16:10:37'),
(158, 3, 2, 1, '2023-08-20 18:00:00', '2023-11-04 16:10:37'),
(159, 3, 3, 1, '2023-08-25 18:00:00', '2023-11-04 16:10:37'),
(160, 3, 3, 1, '2023-09-02 18:00:00', '2023-11-04 16:10:37'),
(161, 3, 3, 1, '2023-09-09 18:00:00', '2023-11-04 16:10:37'),
(162, 3, 3, 1, '2023-09-17 18:00:00', '2023-11-04 16:10:37'),
(163, 3, 3, 1, '2023-09-25 18:00:00', '2023-11-04 16:10:37'),
(164, 3, 3, 1, '2023-10-03 18:00:00', '2023-11-04 16:10:37'),
(165, 3, 3, 1, '2023-10-11 18:00:00', '2023-11-04 16:10:37'),
(166, 3, 3, 1, '2023-10-20 18:00:00', '2023-11-04 16:10:37'),
(167, 3, 3, 1, '2023-10-28 18:00:00', '2023-11-04 16:10:37'),
(168, 4, 1, 1, '2022-11-21 21:00:00', '2023-11-04 16:10:37'),
(169, 4, 1, 1, '2022-11-25 21:00:00', '2023-11-04 16:10:37'),
(170, 4, 1, 1, '2022-11-29 21:00:00', '2023-11-04 16:10:37'),
(171, 4, 1, 1, '2022-12-03 21:00:00', '2023-11-04 16:10:37'),
(172, 4, 1, 1, '2022-12-08 21:00:00', '2023-11-04 16:10:37'),
(173, 4, 1, 1, '2022-12-12 21:00:00', '2023-11-04 16:10:37'),
(174, 4, 1, 1, '2022-12-16 21:00:00', '2023-11-04 16:10:37'),
(175, 4, 1, 1, '2022-12-20 21:00:00', '2023-11-04 16:10:37'),
(176, 4, 1, 1, '2022-12-25 21:00:00', '2023-11-04 16:10:37'),
(177, 4, 1, 1, '2022-12-29 21:00:00', '2023-11-04 16:10:37'),
(178, 4, 1, 1, '2023-01-02 21:00:00', '2023-11-04 16:10:37'),
(179, 4, 1, 1, '2023-01-06 21:00:00', '2023-11-04 16:10:37'),
(180, 4, 1, 1, '2023-01-10 21:00:00', '2023-11-04 16:10:37'),
(181, 4, 1, 1, '2023-01-15 21:00:00', '2023-11-04 16:10:37'),
(182, 4, 1, 2, '2023-01-20 21:00:00', '2023-11-04 16:10:37'),
(183, 4, 1, 2, '2023-01-25 21:00:00', '2023-11-04 16:10:37'),
(184, 4, 1, 2, '2023-01-30 21:00:00', '2023-11-04 16:10:37'),
(185, 4, 1, 2, '2023-02-05 21:00:00', '2023-11-04 16:10:37'),
(186, 4, 1, 2, '2023-02-11 21:00:00', '2023-11-04 16:10:37'),
(187, 4, 2, 1, '2023-02-17 21:00:00', '2023-11-04 16:10:37'),
(188, 4, 2, 1, '2023-02-22 21:00:00', '2023-11-04 16:10:37'),
(189, 4, 2, 1, '2023-02-22 21:00:00', '2023-11-04 16:10:37'),
(190, 4, 2, 1, '2023-02-27 21:00:00', '2023-11-04 16:10:37'),
(191, 4, 1, 1, '2023-02-27 21:00:00', '2023-11-04 16:10:37'),
(192, 4, 2, 2, '2023-03-05 21:00:00', '2023-11-04 16:10:37'),
(193, 4, 2, 1, '2023-03-11 21:00:00', '2023-11-04 16:10:37'),
(194, 4, 2, 1, '2023-03-17 21:00:00', '2023-11-04 16:10:37'),
(195, 4, 3, 1, '2023-03-23 21:00:00', '2023-11-04 16:10:37'),
(196, 4, 3, 1, '2023-03-29 18:00:00', '2023-11-04 16:10:37'),
(197, 4, 3, 1, '2023-04-04 18:00:00', '2023-11-04 16:10:37'),
(198, 4, 3, 1, '2023-04-10 18:00:00', '2023-11-04 16:10:37'),
(199, 4, 3, 1, '2023-04-16 18:00:00', '2023-11-04 16:10:37'),
(200, 4, 3, 1, '2023-04-23 18:00:00', '2023-11-04 16:10:37'),
(201, 4, 3, 1, '2023-04-30 18:00:00', '2023-11-04 16:10:37'),
(202, 4, 3, 1, '2023-05-08 18:00:00', '2023-11-04 16:10:37'),
(203, 4, 3, 1, '2023-05-16 18:00:00', '2023-11-04 16:10:37'),
(204, 4, 3, 1, '2023-05-24 18:00:00', '2023-11-04 16:10:37'),
(205, 4, 3, 1, '2023-06-02 18:00:00', '2023-11-04 16:10:37'),
(206, 4, 3, 1, '2023-06-10 18:00:00', '2023-11-04 16:10:37'),
(207, 4, 3, 1, '2023-06-18 18:00:00', '2023-11-04 16:10:37'),
(208, 4, 3, 1, '2023-06-26 18:00:00', '2023-11-04 16:10:37'),
(209, 4, 3, 1, '2023-07-02 18:00:00', '2023-11-04 16:10:37'),
(210, 4, 3, 1, '2023-07-09 18:00:00', '2023-11-04 16:10:37'),
(211, 4, 3, 1, '2023-07-16 18:00:00', '2023-11-04 16:10:37'),
(212, 4, 3, 1, '2023-07-22 18:00:00', '2023-11-04 16:10:37'),
(213, 4, 3, 1, '2023-07-28 18:00:00', '2023-11-04 16:10:37'),
(214, 4, 4, 1, '2023-08-06 18:00:00', '2023-11-04 16:10:37'),
(215, 4, 4, 1, '2023-08-14 18:00:00', '2023-11-04 16:10:37'),
(216, 4, 4, 1, '2023-08-22 18:00:00', '2023-11-04 16:10:37'),
(217, 4, 4, 1, '2023-09-02 18:00:00', '2023-11-04 16:10:37'),
(218, 4, 4, 1, '2023-09-11 18:00:00', '2023-11-04 16:10:37'),
(219, 4, 4, 1, '2023-09-19 18:00:00', '2023-11-04 16:10:37'),
(220, 4, 4, 1, '2023-09-29 18:00:00', '2023-11-04 16:10:37'),
(221, 4, 4, 1, '2023-10-07 18:00:00', '2023-11-04 16:10:37'),
(222, 4, 4, 1, '2023-10-16 18:00:00', '2023-11-04 16:10:37'),
(223, 4, 4, 1, '2023-10-26 18:00:00', '2023-11-04 16:10:37'),
(224, 5, 1, 1, '2022-11-21 21:00:00', '2023-11-04 16:10:37'),
(225, 5, 1, 1, '2022-11-25 21:00:00', '2023-11-04 16:10:37'),
(226, 5, 1, 1, '2022-12-03 21:00:00', '2023-11-04 16:10:37'),
(227, 5, 1, 1, '2022-12-08 21:00:00', '2023-11-04 16:10:37'),
(228, 5, 1, 1, '2022-12-12 21:00:00', '2023-11-04 16:10:37'),
(229, 5, 1, 1, '2022-12-16 21:00:00', '2023-11-04 16:10:37'),
(230, 5, 1, 1, '2022-12-20 21:00:00', '2023-11-04 16:10:37'),
(231, 5, 1, 1, '2022-12-25 21:00:00', '2023-11-04 16:10:37'),
(232, 5, 1, 1, '2023-01-02 21:00:00', '2023-11-04 16:10:37'),
(233, 5, 1, 1, '2023-01-06 21:00:00', '2023-11-04 16:10:37'),
(234, 5, 1, 1, '2023-01-10 21:00:00', '2023-11-04 16:10:37'),
(235, 5, 1, 1, '2023-01-15 21:00:00', '2023-11-04 16:10:37'),
(236, 5, 1, 1, '2023-01-20 21:00:00', '2023-11-04 16:10:37'),
(237, 5, 1, 2, '2023-01-25 21:00:00', '2023-11-04 16:10:37'),
(238, 5, 1, 1, '2023-02-11 21:00:00', '2023-11-04 16:10:37'),
(239, 5, 2, 1, '2023-02-17 21:00:00', '2023-11-04 16:10:37'),
(240, 5, 2, 1, '2023-03-05 21:00:00', '2023-11-04 16:10:37'),
(241, 5, 0, 1, '2023-02-27 21:00:00', '2023-11-04 16:10:37'),
(242, 5, 2, 1, '2023-03-11 21:00:00', '2023-11-04 16:10:37'),
(243, 5, 2, 1, '2023-03-17 21:00:00', '2023-11-04 16:10:37'),
(244, 5, 2, 1, '2023-03-23 21:00:00', '2023-11-04 16:10:37'),
(245, 5, 2, 1, '2023-03-29 18:00:00', '2023-11-04 16:10:37'),
(246, 5, 2, 1, '2023-04-04 18:00:00', '2023-11-04 16:10:37'),
(247, 5, 2, 1, '2023-04-10 18:00:00', '2023-11-04 16:10:37'),
(248, 5, 2, 1, '2023-04-16 18:00:00', '2023-11-04 16:10:37'),
(249, 5, 2, 1, '2023-04-23 18:00:00', '2023-11-04 16:10:37'),
(250, 5, 2, 1, '2023-04-30 18:00:00', '2023-11-04 16:10:37'),
(251, 5, 2, 1, '2023-05-07 18:00:00', '2023-11-04 16:10:37'),
(252, 5, 3, 1, '2023-05-14 18:00:00', '2023-11-04 16:10:37'),
(253, 5, 2, 1, '2023-05-21 18:00:00', '2023-11-04 16:10:37'),
(254, 5, 2, 1, '2023-05-29 18:00:00', '2023-11-04 16:10:37'),
(255, 5, 2, 1, '2023-06-06 18:00:00', '2023-11-04 16:10:37'),
(256, 5, 2, 1, '2023-06-12 18:00:00', '2023-11-04 16:10:37'),
(257, 5, 2, 1, '2023-06-18 18:00:00', '2023-11-04 16:10:37'),
(258, 5, 2, 1, '2023-06-25 18:00:00', '2023-11-04 16:10:37'),
(259, 5, 2, 1, '2023-06-25 18:00:00', '2023-11-04 16:10:37'),
(260, 5, 2, 1, '2023-07-01 18:00:00', '2023-11-04 16:10:37'),
(261, 5, 2, 1, '2023-07-09 18:00:00', '2023-11-04 16:10:37'),
(262, 5, 2, 1, '2023-07-16 18:00:00', '2023-11-04 16:10:37'),
(263, 5, 2, 1, '2023-07-22 18:00:00', '2023-11-04 16:10:37'),
(264, 5, 3, 1, '2023-07-28 18:00:00', '2023-11-04 16:10:37'),
(265, 5, 3, 1, '2023-08-04 18:00:00', '2023-11-04 16:10:37'),
(266, 5, 3, 1, '2023-08-12 18:00:00', '2023-11-04 16:10:37'),
(267, 5, 3, 1, '2023-08-19 18:00:00', '2023-11-04 16:10:37'),
(268, 5, 3, 1, '2023-08-25 18:00:00', '2023-11-04 16:10:37'),
(269, 5, 3, 1, '2023-09-02 18:00:00', '2023-11-04 16:10:37'),
(270, 5, 3, 1, '2023-09-09 18:00:00', '2023-11-04 16:10:37'),
(271, 5, 3, 1, '2023-09-17 18:00:00', '2023-11-04 16:10:37'),
(272, 5, 3, 1, '2023-09-25 18:00:00', '2023-11-04 16:10:37'),
(273, 5, 3, 1, '2023-10-03 18:00:00', '2023-11-04 16:10:37'),
(274, 5, 3, 1, '2023-10-11 18:00:00', '2023-11-04 16:10:37'),
(275, 5, 3, 1, '2023-10-20 18:00:00', '2023-11-04 16:10:37'),
(276, 5, 3, 1, '2023-10-28 18:00:00', '2023-11-04 16:10:37'),
(277, 6, 1, 1, '2022-11-21 21:00:00', '2023-11-04 16:10:37'),
(278, 6, 1, 1, '2022-11-25 21:00:00', '2023-11-04 16:10:37'),
(279, 6, 1, 1, '2022-11-29 21:00:00', '2023-11-04 16:10:37'),
(280, 6, 1, 1, '2022-12-03 21:00:00', '2023-11-04 16:10:37'),
(281, 6, 1, 1, '2022-12-08 21:00:00', '2023-11-04 16:10:37'),
(282, 6, 1, 1, '2022-12-12 21:00:00', '2023-11-04 16:10:37'),
(283, 6, 1, 1, '2022-12-16 21:00:00', '2023-11-04 16:10:37'),
(284, 6, 1, 1, '2022-12-20 21:00:00', '2023-11-04 16:10:37'),
(285, 6, 1, 1, '2022-12-25 21:00:00', '2023-11-04 16:10:37'),
(286, 6, 1, 1, '2022-12-29 21:00:00', '2023-11-04 16:10:37'),
(287, 6, 1, 1, '2023-01-02 21:00:00', '2023-11-04 16:10:37'),
(288, 6, 1, 1, '2023-01-06 21:00:00', '2023-11-04 16:10:37'),
(289, 6, 1, 1, '2023-01-10 21:00:00', '2023-11-04 16:10:37'),
(290, 6, 1, 1, '2023-01-15 21:00:00', '2023-11-04 16:10:37'),
(291, 6, 1, 2, '2023-01-20 21:00:00', '2023-11-04 16:10:37'),
(292, 6, 1, 2, '2023-01-25 21:00:00', '2023-11-04 16:10:37'),
(293, 6, 1, 2, '2023-01-30 21:00:00', '2023-11-04 16:10:37'),
(294, 6, 1, 2, '2023-02-05 21:00:00', '2023-11-04 16:10:37'),
(295, 6, 1, 2, '2023-02-11 21:00:00', '2023-11-04 16:10:37'),
(296, 6, 2, 1, '2023-02-17 21:00:00', '2023-11-04 16:10:37'),
(297, 6, 2, 1, '2023-02-22 21:00:00', '2023-11-04 16:10:37'),
(298, 6, 2, 1, '2023-02-27 21:00:00', '2023-11-04 16:10:37'),
(299, 6, 2, 1, '2023-03-06 21:00:00', '2023-11-04 16:10:37'),
(300, 6, 2, 1, '2023-03-11 21:00:00', '2023-11-04 16:10:37'),
(301, 6, 2, 1, '2023-03-17 21:00:00', '2023-11-04 16:10:37'),
(302, 6, 0, 1, '2023-03-23 21:00:00', '2023-11-04 16:10:37'),
(303, 6, 3, 1, '2023-03-29 18:00:00', '2023-11-04 16:10:37'),
(304, 6, 3, 1, '2023-04-04 18:00:00', '2023-11-04 16:10:37'),
(305, 6, 3, 1, '2023-04-10 18:00:00', '2023-11-04 16:10:37'),
(306, 6, 3, 1, '2023-04-16 18:00:00', '2023-11-04 16:10:37'),
(307, 6, 2, 1, '2023-04-23 18:00:00', '2023-11-04 16:10:37'),
(308, 6, 2, 1, '2023-04-30 18:00:00', '2023-11-04 16:10:37'),
(309, 6, 3, 1, '2023-05-08 18:00:00', '2023-11-04 16:10:37'),
(310, 6, 3, 1, '2023-05-16 18:00:00', '2023-11-04 16:10:37'),
(311, 6, 3, 1, '2023-05-24 18:00:00', '2023-11-04 16:10:37'),
(312, 6, 3, 1, '2023-06-02 18:00:00', '2023-11-04 16:10:37'),
(313, 6, 3, 1, '2023-06-10 18:00:00', '2023-11-04 16:10:37'),
(314, 6, 3, 1, '2023-06-18 18:00:00', '2023-11-04 16:10:37'),
(315, 6, 3, 1, '2023-06-26 18:00:00', '2023-11-04 16:10:37'),
(316, 6, 3, 1, '2023-07-02 18:00:00', '2023-11-04 16:10:37'),
(317, 6, 3, 1, '2023-07-09 18:00:00', '2023-11-04 16:10:37'),
(318, 6, 3, 1, '2023-07-16 18:00:00', '2023-11-04 16:10:37'),
(319, 6, 3, 1, '2023-07-22 18:00:00', '2023-11-04 16:10:37'),
(320, 6, 3, 1, '2023-07-28 18:00:00', '2023-11-04 16:10:37'),
(321, 6, 3, 1, '2023-08-04 18:00:00', '2023-11-04 16:10:37'),
(322, 6, 3, 1, '2023-08-12 18:00:00', '2023-11-04 16:10:37'),
(323, 6, 3, 1, '2023-08-19 18:00:00', '2023-11-04 16:10:37'),
(324, 6, 3, 1, '2023-08-25 18:00:00', '2023-11-04 16:10:37'),
(325, 6, 3, 1, '2023-09-02 18:00:00', '2023-11-04 16:10:37'),
(326, 6, 3, 1, '2023-09-09 18:00:00', '2023-11-04 16:10:37'),
(327, 6, 3, 1, '2023-09-17 18:00:00', '2023-11-04 16:10:37'),
(328, 6, 4, 1, '2023-09-25 18:00:00', '2023-11-04 16:10:37'),
(329, 6, 4, 1, '2023-10-03 18:00:00', '2023-11-04 16:10:37'),
(330, 6, 4, 1, '2023-10-11 18:00:00', '2023-11-04 16:10:37'),
(331, 6, 4, 1, '2023-10-20 18:00:00', '2023-11-04 16:10:37'),
(332, 6, 4, 1, '2023-10-28 18:00:00', '2023-11-04 16:10:37'),
(333, 7, 5, 1, '2022-12-13 21:00:00', '2023-11-04 16:10:37'),
(334, 7, 5, 1, '2022-12-20 21:00:00', '2023-11-04 16:10:37'),
(335, 7, 5, 1, '2022-12-27 21:00:00', '2023-11-04 16:10:37'),
(336, 7, 5, 1, '2023-01-04 21:00:00', '2023-11-04 16:10:37'),
(337, 7, 5, 1, '2023-01-11 21:00:00', '2023-11-04 16:10:37'),
(338, 7, 5, 1, '2023-01-18 21:00:00', '2023-11-04 16:10:37'),
(339, 7, 5, 1, '2023-01-25 21:00:00', '2023-11-04 16:10:37'),
(340, 7, 5, 1, '2023-02-02 21:00:00', '2023-11-04 16:10:37'),
(341, 7, 5, 1, '2023-02-10 21:00:00', '2023-11-04 16:10:37'),
(342, 7, 5, 1, '2023-02-17 21:00:00', '2023-11-04 16:10:37'),
(343, 7, 5, 1, '2023-02-25 21:00:00', '2023-11-04 16:10:37'),
(344, 7, 5, 1, '2023-03-04 21:00:00', '2023-11-04 16:10:37'),
(345, 7, 5, 1, '2023-03-11 21:00:00', '2023-11-04 16:10:37'),
(346, 7, 5, 1, '2023-03-17 21:00:00', '2023-11-04 16:10:37'),
(347, 7, 5, 1, '2023-03-23 21:00:00', '2023-11-04 16:10:37'),
(348, 7, 5, 1, '2023-03-30 18:00:00', '2023-11-04 16:10:37'),
(349, 7, 5, 1, '2023-04-05 18:00:00', '2023-11-04 16:10:37'),
(350, 7, 5, 1, '2023-04-10 18:00:00', '2023-11-04 16:10:37'),
(351, 7, 5, 1, '2023-04-16 18:00:00', '2023-11-04 16:10:37'),
(352, 7, 5, 1, '2023-04-23 18:00:00', '2023-11-04 16:10:37'),
(353, 7, 5, 1, '2023-04-30 18:00:00', '2023-11-04 16:10:37'),
(354, 7, 0, 1, '2023-05-09 18:00:00', '2023-11-04 16:10:37'),
(355, 7, 5, 1, '2023-05-19 18:00:00', '2023-11-04 16:10:37'),
(356, 7, 5, 1, '2023-05-29 18:00:00', '2023-11-04 16:10:37'),
(357, 7, 5, 1, '2023-06-06 18:00:00', '2023-11-04 16:10:37'),
(358, 7, 5, 1, '2023-06-15 18:00:00', '2023-11-04 16:10:37'),
(359, 7, 5, 1, '2023-06-23 18:00:00', '2023-11-04 16:10:37'),
(360, 7, 0, 1, '2023-07-01 18:00:00', '2023-11-04 16:10:37'),
(361, 7, 5, 1, '2023-07-09 18:00:00', '2023-11-04 16:10:37'),
(362, 7, 5, 1, '2023-07-16 18:00:00', '2023-11-04 16:10:37'),
(363, 7, 5, 1, '2023-07-24 18:00:00', '2023-11-04 16:10:37'),
(364, 7, 5, 1, '2023-07-30 18:00:00', '2023-11-04 16:10:37'),
(365, 7, 5, 1, '2023-08-06 18:00:00', '2023-11-04 16:10:37'),
(366, 7, 0, 1, '2023-08-14 18:00:00', '2023-11-04 16:10:37'),
(367, 7, 6, 1, '2023-08-25 18:00:00', '2023-11-04 16:10:37'),
(368, 7, 6, 1, '2023-09-04 18:00:00', '2023-11-04 16:10:37'),
(369, 7, 6, 1, '2023-09-14 18:00:00', '2023-11-04 16:10:37'),
(370, 7, 0, 1, '2023-09-25 18:00:00', '2023-11-04 16:10:37'),
(371, 7, 6, 1, '2023-10-06 18:00:00', '2023-11-04 16:10:37'),
(372, 7, 6, 1, '2023-10-16 18:00:00', '2023-11-04 16:10:37'),
(373, 7, 6, 1, '2023-10-26 18:00:00', '2023-11-04 16:10:37'),
(374, 8, 1, 1, '2022-12-16 21:00:00', '2023-11-04 16:10:37'),
(375, 8, 1, 1, '2022-12-20 21:00:00', '2023-11-04 16:10:37'),
(376, 8, 1, 1, '2022-12-25 21:00:00', '2023-11-04 16:10:37'),
(377, 8, 1, 1, '2022-12-29 21:00:00', '2023-11-04 16:10:37'),
(378, 8, 1, 1, '2023-01-02 21:00:00', '2023-11-04 16:10:37'),
(379, 8, 1, 1, '2023-01-06 21:00:00', '2023-11-04 16:10:37'),
(380, 8, 1, 1, '2023-01-10 21:00:00', '2023-11-04 16:10:37'),
(381, 8, 1, 1, '2023-01-20 21:00:00', '2023-11-04 16:10:37'),
(382, 8, 1, 1, '2023-01-25 21:00:00', '2023-11-04 16:10:37'),
(383, 8, 1, 1, '2023-01-30 21:00:00', '2023-11-04 16:10:37'),
(384, 8, 1, 1, '2023-02-05 21:00:00', '2023-11-04 16:10:37'),
(385, 8, 1, 1, '2023-02-11 21:00:00', '2023-11-04 16:10:37'),
(386, 8, 1, 1, '2023-02-17 21:00:00', '2023-11-04 16:10:37'),
(387, 8, 1, 1, '2023-02-27 21:00:00', '2023-11-04 16:10:37'),
(388, 8, 1, 1, '2023-03-06 21:00:00', '2023-11-04 16:10:37'),
(389, 8, 1, 1, '2023-03-13 21:00:00', '2023-11-04 16:10:37'),
(390, 8, 0, 1, '2023-02-14 21:00:00', '2023-11-04 16:10:37'),
(391, 8, 0, 1, '2023-03-20 21:00:00', '2023-11-04 16:10:37'),
(392, 8, 2, 1, '2023-03-25 21:00:00', '2023-11-04 16:10:37'),
(393, 8, 0, 1, '2023-03-30 18:00:00', '2023-11-04 16:10:37'),
(394, 8, 2, 1, '2023-04-04 18:00:00', '2023-11-04 16:10:37'),
(395, 8, 2, 1, '2023-04-10 18:00:00', '2023-11-04 16:10:37'),
(396, 8, 2, 1, '2023-04-16 18:00:00', '2023-11-04 16:10:37'),
(397, 8, 2, 1, '2023-04-23 18:00:00', '2023-11-04 16:10:37'),
(398, 8, 2, 1, '2023-04-30 18:00:00', '2023-11-04 16:10:37'),
(399, 8, 2, 1, '2023-05-07 18:00:00', '2023-11-04 16:10:37'),
(400, 8, 3, 1, '2023-05-14 18:00:00', '2023-11-04 16:10:37'),
(401, 8, 2, 1, '2023-05-21 18:00:00', '2023-11-04 16:10:37'),
(402, 8, 2, 1, '2023-05-29 18:00:00', '2023-11-04 16:10:37'),
(403, 8, 2, 1, '2023-06-06 18:00:00', '2023-11-04 16:10:37'),
(404, 8, 2, 1, '2023-06-12 18:00:00', '2023-11-04 16:10:37'),
(405, 8, 2, 1, '2023-06-18 18:00:00', '2023-11-04 16:10:37'),
(406, 8, 2, 1, '2023-06-25 18:00:00', '2023-11-04 16:10:37'),
(407, 8, 2, 1, '2023-06-25 18:00:00', '2023-11-04 16:10:37'),
(408, 8, 2, 1, '2023-07-01 18:00:00', '2023-11-04 16:10:37'),
(409, 8, 2, 1, '2023-07-09 18:00:00', '2023-11-04 16:10:37'),
(410, 8, 2, 1, '2023-07-16 18:00:00', '2023-11-04 16:10:37'),
(411, 8, 2, 1, '2023-07-22 18:00:00', '2023-11-04 16:10:37'),
(412, 8, 2, 1, '2023-07-28 18:00:00', '2023-11-04 16:10:37'),
(413, 8, 2, 1, '2023-08-04 18:00:00', '2023-11-04 16:10:37'),
(414, 8, 0, 1, '2023-08-10 18:00:00', '2023-11-04 16:10:37'),
(415, 8, 2, 1, '2023-08-15 18:00:00', '2023-11-04 16:10:37'),
(416, 8, 2, 1, '2023-08-20 18:00:00', '2023-11-04 16:10:37'),
(417, 8, 0, 1, '2023-08-25 18:00:00', '2023-11-04 16:10:37'),
(418, 8, 3, 1, '2023-09-02 18:00:00', '2023-11-04 16:10:37'),
(419, 8, 3, 1, '2023-09-09 18:00:00', '2023-11-04 16:10:37'),
(420, 8, 3, 1, '2023-09-17 18:00:00', '2023-11-04 16:10:37'),
(421, 8, 3, 1, '2023-09-25 18:00:00', '2023-11-04 16:10:37'),
(422, 8, 3, 1, '2023-10-03 18:00:00', '2023-11-04 16:10:37'),
(423, 8, 3, 1, '2023-10-11 18:00:00', '2023-11-04 16:10:37'),
(424, 8, 3, 1, '2023-10-20 18:00:00', '2023-11-04 16:10:37'),
(425, 8, 3, 1, '2023-10-28 18:00:00', '2023-11-04 16:10:37'),
(426, 9, 5, 1, '2022-12-20 21:00:00', '2023-11-04 16:10:37'),
(427, 9, 6, 1, '2022-12-30 21:00:00', '2023-11-04 16:10:37'),
(428, 9, 6, 1, '2023-01-08 21:00:00', '2023-11-04 16:10:37'),
(429, 9, 6, 1, '2023-01-15 21:00:00', '2023-11-04 16:10:37'),
(430, 9, 6, 1, '2023-01-22 21:00:00', '2023-11-04 16:10:37'),
(431, 9, 6, 1, '2023-01-30 21:00:00', '2023-11-04 16:10:37'),
(432, 9, 6, 1, '2023-02-08 21:00:00', '2023-11-04 16:10:37'),
(433, 9, 6, 1, '2023-02-17 21:00:00', '2023-11-04 16:10:37'),
(434, 9, 6, 1, '2023-02-27 21:00:00', '2023-11-04 16:10:37'),
(435, 9, 6, 1, '2023-03-06 21:00:00', '2023-11-04 16:10:37'),
(436, 9, 6, 1, '2023-03-13 21:00:00', '2023-11-04 16:10:37'),
(437, 9, 6, 1, '2023-03-23 21:00:00', '2023-11-04 16:10:37'),
(438, 9, 6, 1, '2023-03-30 18:00:00', '2023-11-04 16:10:37'),
(439, 9, 6, 1, '2023-04-05 18:00:00', '2023-11-04 16:10:37'),
(440, 9, 6, 1, '2023-04-10 18:00:00', '2023-11-04 16:10:37'),
(441, 9, 6, 1, '2023-04-16 18:00:00', '2023-11-04 16:10:37'),
(442, 9, 6, 1, '2023-04-26 18:00:00', '2023-11-04 16:10:37'),
(443, 9, 6, 1, '2023-05-07 18:00:00', '2023-11-04 16:10:37'),
(444, 9, 6, 1, '2023-05-18 18:00:00', '2023-11-04 16:10:37'),
(445, 9, 6, 1, '2023-05-29 18:00:00', '2023-11-04 16:10:37'),
(446, 9, 6, 1, '2023-06-10 18:00:00', '2023-11-04 16:10:37'),
(447, 9, 6, 1, '2023-06-25 18:00:00', '2023-11-04 16:10:37'),
(448, 9, 6, 1, '2023-06-25 18:00:00', '2023-11-04 16:10:37'),
(449, 9, 6, 1, '2023-07-06 18:00:00', '2023-11-04 16:10:37'),
(450, 9, 6, 1, '2023-07-16 18:00:00', '2023-11-04 16:10:37'),
(451, 9, 6, 1, '2023-07-26 18:00:00', '2023-11-04 16:10:37'),
(452, 9, 6, 1, '2023-08-04 18:00:00', '2023-11-04 16:10:37'),
(453, 9, 6, 2, '2023-08-14 18:00:00', '2023-11-04 16:10:37'),
(454, 9, 0, 1, '2023-08-25 18:00:00', '2023-11-04 16:10:37'),
(455, 9, 0, 1, '2023-09-04 18:00:00', '2023-11-04 16:10:37'),
(456, 9, 6, 1, '2023-09-14 18:00:00', '2023-11-04 16:10:37'),
(457, 9, 6, 1, '2023-09-25 18:00:00', '2023-11-04 16:10:37'),
(458, 9, 6, 1, '2023-10-06 18:00:00', '2023-11-04 16:10:37'),
(459, 9, 6, 1, '2023-10-11 18:00:00', '2023-11-04 16:10:37'),
(460, 9, 6, 1, '2023-10-22 18:00:00', '2023-11-04 16:10:37'),
(461, 9, 6, 1, '2023-11-01 21:00:00', '2023-11-04 16:10:37'),
(462, 10, 5, 1, '2022-12-28 21:00:00', '2023-11-04 16:10:37'),
(463, 10, 1, 1, '2022-12-29 21:00:00', '2023-11-04 16:10:37'),
(464, 10, 6, 1, '2023-01-08 21:00:00', '2023-11-04 16:10:37'),
(465, 10, 6, 1, '2023-01-15 21:00:00', '2023-11-04 16:10:37'),
(466, 10, 6, 1, '2023-01-22 21:00:00', '2023-11-04 16:10:37'),
(467, 10, 6, 1, '2023-01-30 21:00:00', '2023-11-04 16:10:37'),
(468, 10, 6, 1, '2023-02-08 21:00:00', '2023-11-04 16:10:37'),
(469, 10, 6, 1, '2023-02-17 21:00:00', '2023-11-04 16:10:37'),
(470, 10, 6, 1, '2023-02-25 21:00:00', '2023-11-04 16:10:37'),
(471, 10, 6, 1, '2023-03-04 21:00:00', '2023-11-04 16:10:37'),
(472, 10, 5, 1, '2023-03-09 21:00:00', '2023-11-04 16:10:37'),
(473, 10, 6, 1, '2023-03-17 21:00:00', '2023-11-04 16:10:37'),
(474, 10, 5, 1, '2023-03-23 21:00:00', '2023-11-04 16:10:37'),
(475, 10, 5, 1, '2023-03-30 18:00:00', '2023-11-04 16:10:37'),
(476, 10, 6, 1, '2023-04-05 18:00:00', '2023-11-04 16:10:37'),
(477, 10, 6, 1, '2023-04-10 18:00:00', '2023-11-04 16:10:37'),
(478, 10, 6, 1, '2023-04-16 18:00:00', '2023-11-04 16:10:37'),
(479, 10, 6, 1, '2023-04-23 18:00:00', '2023-11-04 16:10:37'),
(480, 10, 6, 1, '2023-04-30 18:00:00', '2023-11-04 16:10:37'),
(481, 10, 6, 1, '2023-05-07 18:00:00', '2023-11-04 16:10:37'),
(482, 10, 5, 1, '2023-05-19 18:00:00', '2023-11-04 16:10:37'),
(483, 10, 5, 1, '2023-05-26 18:00:00', '2023-11-04 16:10:37'),
(484, 10, 5, 1, '2023-06-02 18:00:00', '2023-11-04 16:10:37'),
(485, 10, 5, 1, '2023-06-10 18:00:00', '2023-11-04 16:10:37'),
(486, 10, 5, 1, '2023-06-18 18:00:00', '2023-11-04 16:10:37'),
(487, 10, 5, 1, '2023-06-25 18:00:00', '2023-11-04 16:10:37'),
(488, 10, 5, 1, '2023-06-25 18:00:00', '2023-11-04 16:10:37'),
(489, 10, 5, 1, '2023-07-01 18:00:00', '2023-11-04 16:10:37'),
(490, 10, 6, 1, '2023-07-09 18:00:00', '2023-11-04 16:10:37'),
(491, 10, 6, 1, '2023-07-16 18:00:00', '2023-11-04 16:10:37'),
(492, 10, 6, 1, '2023-07-22 18:00:00', '2023-11-04 16:10:37'),
(493, 10, 6, 1, '2023-07-28 18:00:00', '2023-11-04 16:10:37'),
(494, 10, 6, 1, '2023-08-04 18:00:00', '2023-11-04 16:10:37'),
(495, 10, 6, 1, '2023-08-14 18:00:00', '2023-11-04 16:10:37'),
(496, 10, 6, 1, '2023-08-22 18:00:00', '2023-11-04 16:10:37'),
(497, 10, 6, 1, '2023-08-31 18:00:00', '2023-11-04 16:10:37'),
(498, 10, 6, 1, '2023-09-09 18:00:00', '2023-11-04 16:10:37'),
(499, 10, 6, 1, '2023-09-19 18:00:00', '2023-11-04 16:10:37'),
(500, 10, 6, 1, '2023-09-25 18:00:00', '2023-11-04 16:10:37'),
(501, 10, 6, 1, '2023-10-06 18:00:00', '2023-11-04 16:10:37'),
(502, 10, 6, 1, '2023-10-11 18:00:00', '2023-11-04 16:10:37'),
(503, 10, 6, 1, '2023-10-22 18:00:00', '2023-11-04 16:10:37'),
(504, 10, 6, 1, '2023-11-01 21:00:00', '2023-11-04 16:10:37'),
(505, 11, 6, 1, '2022-12-30 21:00:00', '2023-11-04 16:10:37'),
(506, 11, 7, 1, '2023-01-13 21:00:00', '2023-11-04 16:10:37'),
(507, 11, 7, 1, '2023-02-02 21:00:00', '2023-11-04 16:10:37'),
(508, 11, 7, 1, '2023-02-21 21:00:00', '2023-11-04 16:10:37'),
(509, 11, 7, 1, '2023-03-13 21:00:00', '2023-11-04 16:10:37'),
(510, 11, 7, 1, '2023-04-10 18:00:00', '2023-11-04 16:10:37'),
(511, 11, 7, 1, '2023-05-08 18:00:00', '2023-11-04 16:10:37'),
(512, 11, 7, 1, '2023-06-06 18:00:00', '2023-11-04 16:10:37'),
(513, 11, 7, 1, '2023-07-06 18:00:00', '2023-11-04 16:10:37'),
(514, 11, 7, 1, '2023-08-04 18:00:00', '2023-11-04 16:10:37'),
(515, 11, 6, 1, '2023-08-25 18:00:00', '2023-11-04 16:10:37'),
(516, 11, 6, 1, '2023-09-04 18:00:00', '2023-11-04 16:10:37'),
(517, 11, 7, 1, '2023-10-03 18:00:00', '2023-11-04 16:10:37'),
(518, 11, 7, 1, '2023-11-01 21:00:00', '2023-11-04 16:10:37'),
(519, 12, 1, 1, '2023-01-10 21:00:00', '2023-11-04 16:10:37'),
(520, 12, 1, 1, '2023-01-15 21:00:00', '2023-11-04 16:10:37'),
(521, 12, 1, 2, '2023-01-20 21:00:00', '2023-11-04 16:10:37'),
(522, 12, 1, 2, '2023-01-25 21:00:00', '2023-11-04 16:10:37'),
(523, 12, 1, 2, '2023-01-30 21:00:00', '2023-11-04 16:10:37'),
(524, 12, 1, 2, '2023-02-05 21:00:00', '2023-11-04 16:10:37'),
(525, 12, 1, 2, '2023-02-11 21:00:00', '2023-11-04 16:10:37'),
(526, 12, 2, 1, '2023-02-17 21:00:00', '2023-11-04 16:10:37'),
(527, 12, 2, 1, '2023-02-22 21:00:00', '2023-11-04 16:10:37'),
(528, 12, 2, 1, '2023-02-27 21:00:00', '2023-11-04 16:10:37'),
(529, 12, 2, 1, '2023-03-05 21:00:00', '2023-11-04 16:10:37'),
(530, 12, 2, 1, '2023-03-11 21:00:00', '2023-11-04 16:10:37'),
(531, 12, 2, 1, '2023-03-17 21:00:00', '2023-11-04 16:10:37'),
(532, 12, 3, 1, '2023-03-23 21:00:00', '2023-11-04 16:10:37'),
(533, 12, 3, 1, '2023-03-29 18:00:00', '2023-11-04 16:10:37'),
(534, 12, 3, 1, '2023-04-04 18:00:00', '2023-11-04 16:10:37'),
(535, 12, 3, 1, '2023-04-10 18:00:00', '2023-11-04 16:10:37'),
(536, 12, 3, 1, '2023-04-16 18:00:00', '2023-11-04 16:10:37'),
(537, 12, 3, 1, '2023-04-23 18:00:00', '2023-11-04 16:10:37'),
(538, 12, 3, 1, '2023-04-30 18:00:00', '2023-11-04 16:10:37'),
(539, 12, 3, 1, '2023-05-08 18:00:00', '2023-11-04 16:10:37'),
(540, 12, 3, 1, '2023-05-16 18:00:00', '2023-11-04 16:10:37'),
(541, 12, 3, 1, '2023-05-24 18:00:00', '2023-11-04 16:10:37'),
(542, 12, 3, 1, '2023-06-02 18:00:00', '2023-11-04 16:10:37'),
(543, 12, 3, 1, '2023-06-10 18:00:00', '2023-11-04 16:10:37'),
(544, 12, 3, 1, '2023-06-18 18:00:00', '2023-11-04 16:10:37'),
(545, 12, 3, 1, '2023-06-26 18:00:00', '2023-11-04 16:10:37'),
(546, 12, 3, 1, '2023-07-02 18:00:00', '2023-11-04 16:10:37'),
(547, 12, 3, 1, '2023-07-09 18:00:00', '2023-11-04 16:10:37'),
(548, 12, 3, 1, '2023-07-16 18:00:00', '2023-11-04 16:10:37'),
(549, 12, 3, 1, '2023-07-22 18:00:00', '2023-11-04 16:10:37'),
(550, 12, 3, 1, '2023-07-28 18:00:00', '2023-11-04 16:10:37'),
(551, 12, 3, 1, '2023-08-04 18:00:00', '2023-11-04 16:10:37'),
(552, 12, 3, 1, '2023-08-12 18:00:00', '2023-11-04 16:10:37'),
(553, 12, 3, 1, '2023-08-19 18:00:00', '2023-11-04 16:10:37'),
(554, 12, 4, 1, '2023-08-25 18:00:00', '2023-11-04 16:10:37'),
(555, 12, 4, 1, '2023-09-02 18:00:00', '2023-11-04 16:10:37'),
(556, 12, 4, 1, '2023-09-11 18:00:00', '2023-11-04 16:10:37'),
(557, 12, 4, 1, '2023-09-19 18:00:00', '2023-11-04 16:10:37'),
(558, 12, 4, 1, '2023-09-29 18:00:00', '2023-11-04 16:10:37'),
(559, 12, 4, 1, '2023-10-07 18:00:00', '2023-11-04 16:10:37'),
(560, 12, 4, 1, '2023-10-16 18:00:00', '2023-11-04 16:10:37'),
(561, 12, 4, 1, '2023-10-26 18:00:00', '2023-11-04 16:10:37'),
(562, 13, 1, 1, '2023-01-15 21:00:00', '2023-11-04 16:10:37'),
(563, 13, 1, 1, '2023-01-20 21:00:00', '2023-11-04 16:10:37'),
(564, 13, 1, 1, '2023-01-25 21:00:00', '2023-11-04 16:10:37'),
(565, 13, 1, 1, '2023-01-30 21:00:00', '2023-11-04 16:10:37'),
(566, 13, 1, 1, '2023-02-05 21:00:00', '2023-11-04 16:10:37'),
(567, 13, 1, 1, '2023-02-05 21:00:00', '2023-11-04 16:10:37'),
(568, 13, 1, 1, '2023-02-11 21:00:00', '2023-11-04 16:10:37'),
(569, 13, 1, 1, '2023-02-11 21:00:00', '2023-11-04 16:10:37'),
(570, 13, 1, 1, '2023-02-17 21:00:00', '2023-11-04 16:10:37'),
(571, 13, 1, 1, '2023-02-22 21:00:00', '2023-11-04 16:10:37'),
(572, 13, 1, 1, '2023-02-27 21:00:00', '2023-11-04 16:10:37'),
(573, 13, 1, 1, '2023-03-04 21:00:00', '2023-11-04 16:10:37'),
(574, 13, 2, 1, '2023-03-09 21:00:00', '2023-11-04 16:10:37'),
(575, 13, 1, 2, '2023-03-14 21:00:00', '2023-11-04 16:10:37'),
(576, 13, 1, 2, '2023-03-20 21:00:00', '2023-11-04 16:10:37'),
(577, 13, 2, 1, '2023-03-25 21:00:00', '2023-11-04 16:10:37'),
(578, 13, 2, 1, '2023-03-30 18:00:00', '2023-11-04 16:10:37'),
(579, 13, 2, 1, '2023-04-04 18:00:00', '2023-11-04 16:10:37'),
(580, 13, 2, 1, '2023-04-10 18:00:00', '2023-11-04 16:10:37'),
(581, 13, 2, 1, '2023-04-16 18:00:00', '2023-11-04 16:10:37'),
(582, 13, 2, 1, '2023-04-23 18:00:00', '2023-11-04 16:10:37'),
(583, 13, 2, 1, '2023-04-30 18:00:00', '2023-11-04 16:10:37'),
(584, 13, 2, 1, '2023-05-07 18:00:00', '2023-11-04 16:10:37'),
(585, 13, 3, 1, '2023-05-14 18:00:00', '2023-11-04 16:10:37'),
(586, 13, 2, 1, '2023-05-21 18:00:00', '2023-11-04 16:10:37'),
(587, 13, 2, 1, '2023-05-29 18:00:00', '2023-11-04 16:10:37'),
(588, 13, 2, 1, '2023-06-06 18:00:00', '2023-11-04 16:10:37'),
(589, 13, 2, 1, '2023-06-12 18:00:00', '2023-11-04 16:10:37'),
(590, 13, 2, 1, '2023-06-18 18:00:00', '2023-11-04 16:10:37'),
(591, 13, 2, 1, '2023-06-25 18:00:00', '2023-11-04 16:10:37'),
(592, 13, 2, 1, '2023-06-25 18:00:00', '2023-11-04 16:10:37'),
(593, 13, 2, 1, '2023-07-01 18:00:00', '2023-11-04 16:10:37'),
(594, 13, 3, 1, '2023-07-09 18:00:00', '2023-11-04 16:10:37'),
(595, 13, 3, 1, '2023-07-16 18:00:00', '2023-11-04 16:10:37'),
(596, 13, 0, 1, '2023-07-22 18:00:00', '2023-11-04 16:10:37'),
(597, 13, 3, 1, '2023-07-28 18:00:00', '2023-11-04 16:10:37'),
(598, 13, 3, 1, '2023-08-04 18:00:00', '2023-11-04 16:10:37'),
(599, 13, 3, 1, '2023-08-12 18:00:00', '2023-11-04 16:10:37'),
(600, 13, 3, 1, '2023-08-19 18:00:00', '2023-11-04 16:10:37'),
(601, 13, 3, 1, '2023-08-25 18:00:00', '2023-11-04 16:10:37'),
(602, 13, 3, 1, '2023-09-02 18:00:00', '2023-11-04 16:10:37'),
(603, 13, 3, 1, '2023-09-09 18:00:00', '2023-11-04 16:10:37'),
(604, 13, 3, 1, '2023-09-17 18:00:00', '2023-11-04 16:10:37'),
(605, 13, 3, 1, '2023-09-25 18:00:00', '2023-11-04 16:10:37'),
(606, 13, 3, 1, '2023-10-03 18:00:00', '2023-11-04 16:10:37'),
(607, 13, 3, 1, '2023-10-11 18:00:00', '2023-11-04 16:10:37'),
(608, 13, 3, 1, '2023-10-20 18:00:00', '2023-11-04 16:10:37'),
(609, 13, 3, 1, '2023-10-28 18:00:00', '2023-11-04 16:10:37'),
(610, 14, 1, 2, '2023-01-25 21:00:00', '2023-11-04 16:10:37'),
(611, 14, 1, 2, '2023-01-30 21:00:00', '2023-11-04 16:10:37'),
(612, 14, 1, 2, '2023-02-05 21:00:00', '2023-11-04 16:10:37'),
(613, 14, 1, 2, '2023-02-11 21:00:00', '2023-11-04 16:10:37'),
(614, 14, 2, 1, '2023-02-17 21:00:00', '2023-11-04 16:10:37'),
(615, 14, 2, 2, '2023-02-22 21:00:00', '2023-11-04 16:10:37'),
(616, 14, 2, 1, '2023-02-27 21:00:00', '2023-11-04 16:10:37'),
(617, 14, 2, 1, '2023-03-05 21:00:00', '2023-11-04 16:10:37'),
(618, 14, 2, 1, '2023-03-11 21:00:00', '2023-11-04 16:10:37'),
(619, 14, 2, 1, '2023-03-17 21:00:00', '2023-11-04 16:10:37'),
(620, 14, 3, 1, '2023-03-23 21:00:00', '2023-11-04 16:10:37'),
(621, 14, 3, 1, '2023-03-29 18:00:00', '2023-11-04 16:10:37'),
(622, 14, 3, 1, '2023-04-04 18:00:00', '2023-11-04 16:10:37'),
(623, 14, 3, 1, '2023-04-10 18:00:00', '2023-11-04 16:10:37'),
(624, 14, 3, 1, '2023-04-16 18:00:00', '2023-11-04 16:10:37'),
(625, 14, 3, 1, '2023-04-23 18:00:00', '2023-11-04 16:10:37'),
(626, 14, 3, 1, '2023-04-30 18:00:00', '2023-11-04 16:10:37'),
(627, 14, 3, 1, '2023-05-08 18:00:00', '2023-11-04 16:10:37'),
(628, 14, 3, 1, '2023-05-16 18:00:00', '2023-11-04 16:10:37'),
(629, 14, 3, 1, '2023-05-24 18:00:00', '2023-11-04 16:10:37'),
(630, 14, 3, 1, '2023-06-02 18:00:00', '2023-11-04 16:10:37'),
(631, 14, 3, 1, '2023-06-10 18:00:00', '2023-11-04 16:10:37'),
(632, 14, 3, 1, '2023-06-18 18:00:00', '2023-11-04 16:10:37'),
(633, 14, 3, 1, '2023-06-26 18:00:00', '2023-11-04 16:10:37'),
(634, 14, 3, 1, '2023-07-02 18:00:00', '2023-11-04 16:10:37'),
(635, 14, 3, 1, '2023-07-09 18:00:00', '2023-11-04 16:10:37'),
(636, 14, 3, 1, '2023-07-16 18:00:00', '2023-11-04 16:10:37'),
(637, 14, 4, 1, '2023-07-22 18:00:00', '2023-11-04 16:10:37'),
(638, 14, 4, 1, '2023-07-30 18:00:00', '2023-11-04 16:10:37'),
(639, 14, 4, 1, '2023-08-06 18:00:00', '2023-11-04 16:10:37'),
(640, 14, 4, 1, '2023-08-14 18:00:00', '2023-11-04 16:10:37'),
(641, 14, 4, 1, '2023-08-22 18:00:00', '2023-11-04 16:10:37'),
(642, 14, 5, 1, '2023-08-31 18:00:00', '2023-11-04 16:10:37'),
(643, 14, 5, 1, '2023-09-09 18:00:00', '2023-11-04 16:10:37'),
(644, 14, 5, 1, '2023-09-17 18:00:00', '2023-11-04 16:10:37'),
(645, 14, 5, 1, '2023-09-25 18:00:00', '2023-11-04 16:10:37'),
(646, 14, 5, 1, '2023-10-03 18:00:00', '2023-11-04 16:10:37'),
(647, 14, 5, 1, '2023-10-11 18:00:00', '2023-11-04 16:10:37'),
(648, 14, 5, 1, '2023-10-20 18:00:00', '2023-11-04 16:10:37'),
(649, 14, 5, 1, '2023-10-28 18:00:00', '2023-11-04 16:10:37'),
(650, 15, 5, 1, '2023-02-27 21:00:00', '2023-11-04 16:10:37'),
(651, 15, 5, 1, '2023-03-06 21:00:00', '2023-11-04 16:10:37'),
(652, 15, 5, 1, '2023-03-13 21:00:00', '2023-11-04 16:10:37'),
(653, 15, 5, 1, '2023-03-20 21:00:00', '2023-11-04 16:10:37'),
(654, 15, 5, 1, '2023-03-27 18:00:00', '2023-11-04 16:10:37'),
(655, 15, 5, 1, '2023-04-03 18:00:00', '2023-11-04 16:10:37'),
(656, 15, 5, 1, '2023-04-10 18:00:00', '2023-11-04 16:10:37'),
(657, 15, 5, 1, '2023-04-16 18:00:00', '2023-11-04 16:10:37'),
(658, 15, 5, 1, '2023-04-23 18:00:00', '2023-11-04 16:10:37'),
(659, 15, 5, 1, '2023-04-30 18:00:00', '2023-11-04 16:10:37'),
(660, 15, 5, 1, '2023-05-09 18:00:00', '2023-11-04 16:10:37'),
(661, 15, 5, 1, '2023-05-19 18:00:00', '2023-11-04 16:10:37'),
(662, 15, 5, 1, '2023-05-29 18:00:00', '2023-11-04 16:10:37'),
(663, 15, 5, 1, '2023-06-06 18:00:00', '2023-11-04 16:10:37'),
(664, 15, 5, 1, '2023-06-15 18:00:00', '2023-11-04 16:10:37'),
(665, 15, 5, 1, '2023-06-23 18:00:00', '2023-11-04 16:10:37'),
(666, 15, 5, 1, '2023-07-01 18:00:00', '2023-11-04 16:10:37'),
(667, 15, 6, 1, '2023-07-16 18:00:00', '2023-11-04 16:10:37'),
(668, 15, 6, 1, '2023-07-26 18:00:00', '2023-11-04 16:10:37'),
(669, 15, 6, 1, '2023-08-04 18:00:00', '2023-11-04 16:10:37'),
(670, 15, 6, 1, '2023-08-14 18:00:00', '2023-11-04 16:10:37'),
(671, 15, 6, 1, '2023-08-25 18:00:00', '2023-11-04 16:10:37'),
(672, 15, 6, 1, '2023-09-04 18:00:00', '2023-11-04 16:10:37'),
(673, 15, 6, 1, '2023-09-14 18:00:00', '2023-11-04 16:10:37'),
(674, 15, 6, 1, '2023-09-25 18:00:00', '2023-11-04 16:10:37'),
(675, 15, 6, 1, '2023-10-06 18:00:00', '2023-11-04 16:10:37'),
(676, 15, 6, 1, '2023-10-16 18:00:00', '2023-11-04 16:10:37'),
(677, 15, 6, 1, '2023-10-26 18:00:00', '2023-11-04 16:10:37'),
(678, 16, 5, 1, '2023-02-27 21:00:00', '2023-11-04 16:10:37'),
(679, 16, 5, 1, '2023-03-06 21:00:00', '2023-11-04 16:10:37'),
(680, 16, 5, 1, '2023-03-13 21:00:00', '2023-11-04 16:10:37'),
(681, 16, 5, 1, '2023-03-20 21:00:00', '2023-11-04 16:10:37'),
(682, 16, 5, 1, '2023-03-27 18:00:00', '2023-11-04 16:10:37'),
(683, 16, 5, 1, '2023-04-03 18:00:00', '2023-11-04 16:10:37'),
(684, 16, 5, 1, '2023-04-10 18:00:00', '2023-11-04 16:10:37'),
(685, 16, 5, 1, '2023-04-16 18:00:00', '2023-11-04 16:10:37'),
(686, 16, 5, 1, '2023-04-23 18:00:00', '2023-11-04 16:10:37'),
(687, 16, 5, 1, '2023-04-30 18:00:00', '2023-11-04 16:10:37'),
(688, 16, 5, 1, '2023-05-09 18:00:00', '2023-11-04 16:10:37'),
(689, 16, 5, 1, '2023-05-19 18:00:00', '2023-11-04 16:10:37'),
(690, 16, 5, 1, '2023-05-29 18:00:00', '2023-11-04 16:10:37'),
(691, 16, 5, 1, '2023-06-06 18:00:00', '2023-11-04 16:10:37'),
(692, 16, 5, 1, '2023-06-15 18:00:00', '2023-11-04 16:10:37'),
(693, 16, 5, 1, '2023-06-23 18:00:00', '2023-11-04 16:10:37'),
(694, 16, 5, 1, '2023-07-01 18:00:00', '2023-11-04 16:10:37'),
(695, 16, 5, 1, '2023-07-09 18:00:00', '2023-11-04 16:10:37'),
(696, 16, 5, 1, '2023-07-16 18:00:00', '2023-11-04 16:10:37'),
(697, 16, 6, 1, '2023-07-24 18:00:00', '2023-11-04 16:10:37'),
(698, 16, 6, 1, '2023-08-04 18:00:00', '2023-11-04 16:10:37'),
(699, 16, 6, 1, '2023-08-14 18:00:00', '2023-11-04 16:10:37'),
(700, 16, 6, 1, '2023-08-25 18:00:00', '2023-11-04 16:10:37'),
(701, 16, 6, 1, '2023-09-04 18:00:00', '2023-11-04 16:10:37'),
(702, 16, 6, 1, '2023-09-14 18:00:00', '2023-11-04 16:10:37'),
(703, 16, 6, 1, '2023-09-25 18:00:00', '2023-11-04 16:10:37'),
(704, 16, 6, 1, '2023-10-06 18:00:00', '2023-11-04 16:10:37'),
(705, 16, 6, 1, '2023-10-16 18:00:00', '2023-11-04 16:10:37'),
(706, 16, 6, 1, '2023-10-26 18:00:00', '2023-11-04 16:10:37'),
(707, 17, 1, 1, '2023-02-27 21:00:00', '2023-11-04 16:10:37'),
(708, 17, 0, 1, '2023-03-04 21:00:00', '2023-11-04 16:10:37'),
(709, 17, 1, 1, '2023-03-09 21:00:00', '2023-11-04 16:10:37'),
(710, 17, 1, 1, '2023-03-14 21:00:00', '2023-11-04 16:10:37'),
(711, 17, 1, 1, '2023-03-20 21:00:00', '2023-11-04 16:10:37'),
(712, 17, 1, 1, '2023-03-25 21:00:00', '2023-11-04 16:10:37'),
(713, 17, 1, 1, '2023-03-30 18:00:00', '2023-11-04 16:10:37'),
(714, 17, 1, 1, '2023-04-04 18:00:00', '2023-11-04 16:10:37'),
(715, 17, 2, 1, '2023-04-10 18:00:00', '2023-11-04 16:10:37'),
(716, 17, 2, 1, '2023-04-16 18:00:00', '2023-11-04 16:10:37'),
(717, 17, 2, 1, '2023-04-23 18:00:00', '2023-11-04 16:10:37'),
(718, 17, 2, 1, '2023-04-30 18:00:00', '2023-11-04 16:10:37'),
(719, 17, 2, 1, '2023-05-07 18:00:00', '2023-11-04 16:10:37'),
(720, 17, 3, 1, '2023-05-14 18:00:00', '2023-11-04 16:10:37'),
(721, 17, 2, 1, '2023-05-21 18:00:00', '2023-11-04 16:10:37'),
(722, 17, 2, 1, '2023-05-29 18:00:00', '2023-11-04 16:10:37'),
(723, 17, 2, 1, '2023-06-06 18:00:00', '2023-11-04 16:10:37'),
(724, 17, 2, 1, '2023-06-12 18:00:00', '2023-11-04 16:10:37'),
(725, 17, 2, 1, '2023-06-18 18:00:00', '2023-11-04 16:10:37'),
(726, 17, 2, 1, '2023-06-25 18:00:00', '2023-11-04 16:10:37'),
(727, 17, 2, 1, '2023-06-25 18:00:00', '2023-11-04 16:10:37'),
(728, 17, 2, 1, '2023-07-01 18:00:00', '2023-11-04 16:10:37'),
(729, 17, 2, 1, '2023-07-09 18:00:00', '2023-11-04 16:10:37'),
(730, 17, 2, 1, '2023-07-16 18:00:00', '2023-11-04 16:10:37'),
(731, 17, 2, 1, '2023-07-22 18:00:00', '2023-11-04 16:10:37'),
(732, 17, 3, 1, '2023-07-28 18:00:00', '2023-11-04 16:10:37'),
(733, 17, 3, 1, '2023-08-04 18:00:00', '2023-11-04 16:10:37'),
(734, 17, 3, 1, '2023-08-12 18:00:00', '2023-11-04 16:10:37'),
(735, 17, 3, 1, '2023-08-19 18:00:00', '2023-11-04 16:10:37'),
(736, 17, 3, 1, '2023-08-25 18:00:00', '2023-11-04 16:10:37'),
(737, 17, 3, 1, '2023-09-02 18:00:00', '2023-11-04 16:10:37'),
(738, 17, 3, 1, '2023-09-09 18:00:00', '2023-11-04 16:10:37'),
(739, 17, 3, 1, '2023-09-17 18:00:00', '2023-11-04 16:10:37'),
(740, 17, 3, 1, '2023-09-25 18:00:00', '2023-11-04 16:10:37'),
(741, 17, 3, 1, '2023-10-03 18:00:00', '2023-11-04 16:10:37'),
(742, 17, 3, 1, '2023-10-11 18:00:00', '2023-11-04 16:10:37'),
(743, 17, 3, 1, '2023-10-20 18:00:00', '2023-11-04 16:10:37'),
(744, 17, 3, 1, '2023-10-28 18:00:00', '2023-11-04 16:10:37'),
(745, 18, 1, 1, '2023-06-08 18:00:00', '2023-11-04 16:10:37'),
(746, 18, 1, 1, '2023-06-10 18:00:00', '2023-11-04 16:10:37'),
(747, 18, 1, 1, '2023-06-15 18:00:00', '2023-11-04 16:10:37'),
(748, 18, 1, 1, '2023-06-20 18:00:00', '2023-11-04 16:10:37'),
(749, 18, 1, 1, '2023-06-26 18:00:00', '2023-11-04 16:10:37'),
(750, 18, 1, 1, '2023-07-02 18:00:00', '2023-11-04 16:10:37'),
(751, 18, 1, 1, '2023-07-09 18:00:00', '2023-11-04 16:10:37'),
(752, 18, 1, 1, '2023-07-16 18:00:00', '2023-11-04 16:10:37'),
(753, 18, 1, 1, '2023-07-22 18:00:00', '2023-11-04 16:10:37'),
(754, 18, 2, 1, '2023-07-28 18:00:00', '2023-11-04 16:10:37'),
(755, 18, 1, 1, '2023-08-04 18:00:00', '2023-11-04 16:10:37'),
(756, 18, 1, 1, '2023-08-10 18:00:00', '2023-11-04 16:10:37'),
(757, 19, 1, 1, '2023-06-20 18:00:00', '2023-11-04 16:10:37'),
(758, 19, 1, 1, '2023-06-26 18:00:00', '2023-11-04 16:10:37'),
(759, 19, 1, 1, '2023-07-02 18:00:00', '2023-11-04 16:10:37'),
(760, 19, 1, 1, '2023-07-09 18:00:00', '2023-11-04 16:10:37'),
(761, 19, 1, 1, '2023-06-15 18:00:00', '2023-11-04 16:10:37'),
(762, 20, 1, 1, '2023-06-20 18:00:00', '2023-11-04 16:10:37'),
(763, 20, 1, 1, '2023-06-26 18:00:00', '2023-11-04 16:10:37'),
(764, 20, 1, 1, '2023-07-02 18:00:00', '2023-11-04 16:10:37'),
(765, 20, 1, 1, '2023-07-09 18:00:00', '2023-11-04 16:10:37'),
(766, 20, 1, 1, '2023-07-16 18:00:00', '2023-11-04 16:10:37'),
(767, 20, 1, 1, '2023-07-22 18:00:00', '2023-11-04 16:10:37'),
(768, 20, 1, 1, '2023-07-28 18:00:00', '2023-11-04 16:10:37'),
(769, 20, 1, 1, '2023-08-02 18:00:00', '2023-11-04 16:10:37'),
(770, 21, 1, 1, '2023-06-08 18:00:00', '2023-11-04 16:10:37'),
(771, 21, 1, 1, '2023-06-16 18:00:00', '2023-11-04 16:10:37'),
(772, 21, 1, 1, '2023-06-20 18:00:00', '2023-11-04 16:10:37'),
(773, 21, 1, 1, '2023-06-26 18:00:00', '2023-11-04 16:10:37'),
(774, 21, 1, 1, '2023-07-02 18:00:00', '2023-11-04 16:10:37'),
(775, 21, 1, 1, '2023-07-09 18:00:00', '2023-11-04 16:10:37'),
(776, 22, 1, 1, '2023-06-15 18:00:00', '2023-11-04 16:10:37'),
(777, 22, 1, 1, '2023-06-08 18:00:00', '2023-11-04 16:10:37'),
(778, 22, 1, 1, '2023-06-20 18:00:00', '2023-11-04 16:10:37'),
(779, 22, 1, 1, '2023-06-26 18:00:00', '2023-11-04 16:10:37'),
(780, 22, 1, 1, '2023-07-02 18:00:00', '2023-11-04 16:10:37'),
(781, 22, 1, 1, '2023-07-09 18:00:00', '2023-11-04 16:10:37'),
(782, 23, 1, 1, '2023-06-08 18:00:00', '2023-11-04 16:10:37'),
(783, 23, 1, 1, '2023-06-15 18:00:00', '2023-11-04 16:10:37'),
(784, 23, 1, 1, '2023-06-20 18:00:00', '2023-11-04 16:10:37'),
(785, 23, 1, 1, '2023-06-26 18:00:00', '2023-11-04 16:10:37'),
(786, 23, 1, 1, '2023-07-02 18:00:00', '2023-11-04 16:10:37'),
(787, 23, 1, 1, '2023-07-09 18:00:00', '2023-11-04 16:10:37'),
(788, 23, 1, 1, '2023-07-16 18:00:00', '2023-11-04 16:10:37'),
(789, 23, 1, 1, '2023-07-22 18:00:00', '2023-11-04 16:10:37'),
(790, 23, 1, 1, '2023-07-28 18:00:00', '2023-11-04 16:10:37'),
(791, 23, 1, 1, '2023-08-04 18:00:00', '2023-11-04 16:10:37'),
(792, 24, 1, 1, '2023-06-08 18:00:00', '2023-11-04 16:10:37'),
(793, 24, 1, 1, '2023-06-15 18:00:00', '2023-11-04 16:10:37'),
(794, 24, 1, 1, '2023-06-20 18:00:00', '2023-11-04 16:10:37'),
(795, 24, 1, 1, '2023-06-26 18:00:00', '2023-11-04 16:10:37'),
(796, 24, 1, 1, '2023-07-02 18:00:00', '2023-11-04 16:10:37'),
(797, 24, 1, 1, '2023-07-09 18:00:00', '2023-11-04 16:10:37'),
(798, 24, 1, 1, '2023-07-16 18:00:00', '2023-11-04 16:10:37'),
(799, 25, 1, 1, '2023-06-20 18:00:00', '2023-11-04 16:10:37'),
(800, 25, 1, 1, '2023-06-26 18:00:00', '2023-11-04 16:10:37'),
(801, 25, 1, 1, '2023-07-02 18:00:00', '2023-11-04 16:10:37'),
(802, 25, 1, 1, '2023-07-09 18:00:00', '2023-11-04 16:10:37'),
(803, 25, 1, 1, '2023-07-16 18:00:00', '2023-11-04 16:10:37'),
(804, 25, 1, 1, '2023-07-22 18:00:00', '2023-11-04 16:10:37'),
(805, 25, 1, 1, '2023-07-28 18:00:00', '2023-11-04 16:10:37'),
(806, 25, 1, 1, '2023-08-04 18:00:00', '2023-11-04 16:10:37'),
(807, 26, 1, 1, '2023-06-20 18:00:00', '2023-11-04 16:10:37'),
(808, 26, 1, 1, '2023-06-26 18:00:00', '2023-11-04 16:10:37'),
(809, 26, 1, 1, '2023-07-02 18:00:00', '2023-11-04 16:10:37'),
(810, 26, 1, 1, '2023-07-09 18:00:00', '2023-11-04 16:10:37'),
(811, 26, 1, 1, '2023-07-16 18:00:00', '2023-11-04 16:10:37'),
(812, 26, 1, 1, '2023-07-22 18:00:00', '2023-11-04 16:10:37'),
(813, 26, 1, 1, '2023-07-28 18:00:00', '2023-11-04 16:10:37'),
(814, 26, 1, 1, '2023-08-04 18:00:00', '2023-11-04 16:10:37'),
(815, 27, 1, 1, '2023-06-20 18:00:00', '2023-11-04 16:10:37'),
(816, 27, 1, 1, '2023-06-26 18:00:00', '2023-11-04 16:10:37'),
(817, 27, 1, 1, '2023-07-02 18:00:00', '2023-11-04 16:10:37'),
(818, 27, 1, 1, '2023-07-09 18:00:00', '2023-11-04 16:10:37'),
(819, 27, 1, 1, '2023-07-16 18:00:00', '2023-11-04 16:10:37'),
(820, 27, 1, 1, '2023-07-22 18:00:00', '2023-11-04 16:10:37'),
(821, 27, 1, 1, '2023-07-28 18:00:00', '2023-11-04 16:10:37'),
(822, 27, 1, 1, '2023-08-04 18:00:00', '2023-11-04 16:10:37'),
(823, 28, 1, 1, '2023-06-20 18:00:00', '2023-11-04 16:10:37'),
(824, 28, 1, 1, '2023-06-26 18:00:00', '2023-11-04 16:10:37'),
(825, 28, 1, 1, '2023-07-02 18:00:00', '2023-11-04 16:10:37'),
(826, 28, 1, 1, '2023-07-09 18:00:00', '2023-11-04 16:10:37'),
(827, 28, 1, 1, '2023-07-16 18:00:00', '2023-11-04 16:10:37');
INSERT INTO `animal_feedings` (`id`, `animal_id`, `feed_id`, `amount`, `created_at`, `updated_at`) VALUES
(828, 28, 1, 1, '2023-07-22 18:00:00', '2023-11-04 16:10:37'),
(829, 28, 1, 1, '2023-07-28 18:00:00', '2023-11-04 16:10:37'),
(830, 29, 1, 1, '2023-06-08 18:00:00', '2023-11-04 16:10:37'),
(831, 29, 1, 1, '2023-06-15 18:00:00', '2023-11-04 16:10:37'),
(832, 29, 1, 1, '2023-06-20 18:00:00', '2023-11-04 16:10:37'),
(833, 29, 1, 1, '2023-06-26 18:00:00', '2023-11-04 16:10:37'),
(834, 29, 1, 1, '2023-07-02 18:00:00', '2023-11-04 16:10:37'),
(835, 29, 1, 1, '2023-07-09 18:00:00', '2023-11-04 16:10:37'),
(836, 29, 1, 1, '2023-07-16 18:00:00', '2023-11-04 16:10:37'),
(837, 29, 0, 1, '2023-07-22 18:00:00', '2023-11-04 16:10:37'),
(838, 29, 1, 1, '2023-07-28 18:00:00', '2023-11-04 16:10:37'),
(839, 29, 1, 1, '2023-08-04 18:00:00', '2023-11-04 16:10:37'),
(840, 30, 1, 1, '2023-06-08 18:00:00', '2023-11-04 16:10:37'),
(841, 30, 1, 1, '2023-06-15 18:00:00', '2023-11-04 16:10:37'),
(842, 30, 1, 1, '2023-06-20 18:00:00', '2023-11-04 16:10:37'),
(843, 30, 1, 1, '2023-06-26 18:00:00', '2023-11-04 16:10:37'),
(844, 30, 1, 1, '2023-07-02 18:00:00', '2023-11-04 16:10:37'),
(845, 30, 1, 1, '2023-07-09 18:00:00', '2023-11-04 16:10:37'),
(846, 30, 1, 1, '2023-07-16 18:00:00', '2023-11-04 16:10:37'),
(847, 30, 1, 1, '2023-07-22 18:00:00', '2023-11-04 16:10:37'),
(848, 30, 1, 1, '2023-07-28 18:00:00', '2023-11-04 16:10:37'),
(849, 31, 1, 1, '2023-07-24 18:00:00', '2023-11-04 16:10:37'),
(850, 31, 1, 1, '2023-07-30 18:00:00', '2023-11-04 16:10:37'),
(851, 31, 1, 1, '2023-08-04 18:00:00', '2023-11-04 16:10:37'),
(852, 31, 1, 1, '2023-08-10 18:00:00', '2023-11-04 16:10:37'),
(853, 31, 1, 1, '2023-08-16 18:00:00', '2023-11-04 16:10:37'),
(854, 31, 1, 1, '2023-08-22 18:00:00', '2023-11-04 16:10:37'),
(855, 32, 1, 1, '2023-07-24 18:00:00', '2023-11-04 16:10:37'),
(856, 32, 0, 1, '2023-08-04 18:00:00', '2023-11-04 16:10:37'),
(857, 32, 1, 1, '2023-08-10 18:00:00', '2023-11-04 16:10:37'),
(858, 32, 1, 1, '2023-08-16 18:00:00', '2023-11-04 16:10:37'),
(859, 32, 1, 1, '2023-08-22 18:00:00', '2023-11-04 16:10:37'),
(860, 32, 1, 1, '2023-08-29 18:00:00', '2023-11-04 16:10:37'),
(861, 32, 1, 1, '2023-09-04 18:00:00', '2023-11-04 16:10:37'),
(862, 33, 1, 1, '2023-07-24 18:00:00', '2023-11-04 16:10:37'),
(863, 33, 1, 1, '2023-07-30 18:00:00', '2023-11-04 16:10:37'),
(864, 33, 1, 1, '2023-08-04 18:00:00', '2023-11-04 16:10:37'),
(865, 33, 1, 1, '2023-08-10 18:00:00', '2023-11-04 16:10:37'),
(866, 33, 1, 1, '2023-08-16 18:00:00', '2023-11-04 16:10:37'),
(867, 33, 1, 1, '2023-08-22 18:00:00', '2023-11-04 16:10:37'),
(868, 33, 1, 1, '2023-08-29 18:00:00', '2023-11-04 16:10:37'),
(869, 33, 1, 1, '2023-09-04 18:00:00', '2023-11-04 16:10:37'),
(870, 33, 1, 1, '2023-09-11 18:00:00', '2023-11-04 16:10:37'),
(871, 33, 1, 1, '2023-09-14 18:00:00', '2023-11-04 16:10:37'),
(872, 33, 1, 1, '2023-09-19 18:00:00', '2023-11-04 16:10:37'),
(873, 33, 1, 1, '2023-09-25 18:00:00', '2023-11-04 16:10:37'),
(874, 33, 1, 1, '2023-09-30 18:00:00', '2023-11-04 16:10:37'),
(875, 33, 1, 1, '2023-10-06 18:00:00', '2023-11-04 16:10:37'),
(876, 33, 1, 1, '2023-10-11 18:00:00', '2023-11-04 16:10:37'),
(877, 33, 2, 1, '2023-10-16 18:00:00', '2023-11-04 16:10:37'),
(878, 33, 2, 1, '2023-10-22 18:00:00', '2023-11-04 16:10:37'),
(879, 33, 2, 1, '2023-10-28 18:00:00', '2023-11-04 16:10:37'),
(880, 33, 2, 1, '2023-11-01 21:00:00', '2023-11-04 16:10:37'),
(881, 34, 1, 1, '2023-07-24 18:00:00', '2023-11-04 16:10:38'),
(882, 34, 1, 1, '2023-07-30 18:00:00', '2023-11-04 16:10:38'),
(883, 34, 1, 1, '2023-08-04 18:00:00', '2023-11-04 16:10:38'),
(884, 34, 1, 1, '2023-08-10 18:00:00', '2023-11-04 16:10:38'),
(885, 34, 1, 1, '2023-08-16 18:00:00', '2023-11-04 16:10:38'),
(886, 34, 1, 1, '2023-08-22 18:00:00', '2023-11-04 16:10:38'),
(887, 35, 1, 1, '2023-07-24 18:00:00', '2023-11-04 16:10:38'),
(888, 35, 1, 1, '2023-07-30 18:00:00', '2023-11-04 16:10:38'),
(889, 35, 1, 1, '2023-08-04 18:00:00', '2023-11-04 16:10:38'),
(890, 35, 1, 1, '2023-08-10 18:00:00', '2023-11-04 16:10:38'),
(891, 36, 1, 1, '2023-07-24 18:00:00', '2023-11-04 16:10:38'),
(892, 36, 1, 1, '2023-07-30 18:00:00', '2023-11-04 16:10:38'),
(893, 36, 1, 1, '2023-08-04 18:00:00', '2023-11-04 16:10:38'),
(894, 36, 1, 1, '2023-08-10 18:00:00', '2023-11-04 16:10:38'),
(895, 36, 1, 1, '2023-08-15 18:00:00', '2023-11-04 16:10:38'),
(896, 36, 1, 1, '2023-08-20 18:00:00', '2023-11-04 16:10:38'),
(897, 36, 1, 1, '2023-08-25 18:00:00', '2023-11-04 16:10:38'),
(898, 36, 1, 1, '2023-08-31 18:00:00', '2023-11-04 16:10:38'),
(899, 36, 1, 1, '2023-09-06 18:00:00', '2023-11-04 16:10:38'),
(900, 37, 5, 1, '2023-08-06 18:00:00', '2023-11-04 16:10:38'),
(901, 37, 5, 1, '2023-08-14 18:00:00', '2023-11-04 16:10:38'),
(902, 37, 6, 1, '2023-08-22 18:00:00', '2023-11-04 16:10:38'),
(903, 37, 6, 1, '2023-09-02 18:00:00', '2023-11-04 16:10:38'),
(904, 37, 6, 1, '2023-09-14 18:00:00', '2023-11-04 16:10:38'),
(905, 37, 6, 1, '2023-09-25 18:00:00', '2023-11-04 16:10:38'),
(906, 37, 6, 1, '2023-10-06 18:00:00', '2023-11-04 16:10:38'),
(907, 37, 6, 1, '2023-10-16 18:00:00', '2023-11-04 16:10:38'),
(908, 37, 6, 1, '2023-10-26 18:00:00', '2023-11-04 16:10:38'),
(909, 38, 6, 1, '2023-08-06 18:00:00', '2023-11-04 16:10:38'),
(910, 38, 6, 1, '2023-08-14 18:00:00', '2023-11-04 16:10:38'),
(911, 38, 6, 1, '2023-08-25 18:00:00', '2023-11-04 16:10:38'),
(912, 38, 6, 1, '2023-09-04 18:00:00', '2023-11-04 16:10:38'),
(913, 38, 6, 1, '2023-09-14 18:00:00', '2023-11-04 16:10:38'),
(914, 38, 6, 1, '2023-09-25 18:00:00', '2023-11-04 16:10:38'),
(915, 38, 6, 1, '2023-10-06 18:00:00', '2023-11-04 16:10:38'),
(916, 38, 6, 1, '2023-10-16 18:00:00', '2023-11-04 16:10:38'),
(917, 38, 6, 1, '2023-10-26 18:00:00', '2023-11-04 16:10:38'),
(918, 39, 4, 1, '2023-08-06 18:00:00', '2023-11-04 16:10:38'),
(919, 39, 5, 1, '2023-08-14 18:00:00', '2023-11-04 16:10:38'),
(920, 39, 5, 1, '2023-08-22 18:00:00', '2023-11-04 16:10:38'),
(921, 39, 5, 1, '2023-08-31 18:00:00', '2023-11-04 16:10:38'),
(922, 39, 5, 1, '2023-09-09 18:00:00', '2023-11-04 16:10:38'),
(923, 39, 5, 1, '2023-09-17 18:00:00', '2023-11-04 16:10:38'),
(924, 39, 5, 1, '2023-09-25 18:00:00', '2023-11-04 16:10:38'),
(925, 39, 5, 1, '2023-10-03 18:00:00', '2023-11-04 16:10:38'),
(926, 39, 4, 1, '2023-10-11 18:00:00', '2023-11-04 16:10:38'),
(927, 39, 4, 1, '2023-10-20 18:00:00', '2023-11-04 16:10:38'),
(928, 39, 4, 1, '2023-10-28 18:00:00', '2023-11-04 16:10:38'),
(929, 40, 1, 1, '2023-08-04 18:00:00', '2023-11-04 16:10:38'),
(930, 40, 1, 1, '2023-08-10 18:00:00', '2023-11-04 16:10:38'),
(931, 40, 1, 1, '2023-08-15 18:00:00', '2023-11-04 16:10:38'),
(932, 40, 1, 1, '2023-08-20 18:00:00', '2023-11-04 16:10:38'),
(933, 40, 1, 1, '2023-08-25 18:00:00', '2023-11-04 16:10:38'),
(934, 40, 1, 1, '2023-08-31 18:00:00', '2023-11-04 16:10:38'),
(935, 40, 1, 1, '2023-09-04 18:00:00', '2023-11-04 16:10:38'),
(936, 40, 1, 1, '2023-09-09 18:00:00', '2023-11-04 16:10:38'),
(937, 40, 1, 1, '2023-09-14 18:00:00', '2023-11-04 16:10:38'),
(938, 40, 1, 1, '2023-09-19 18:00:00', '2023-11-04 16:10:38'),
(939, 40, 1, 1, '2023-09-25 18:00:00', '2023-11-04 16:10:38'),
(940, 40, 1, 1, '2023-09-30 18:00:00', '2023-11-04 16:10:38'),
(941, 40, 1, 1, '2023-10-06 18:00:00', '2023-11-04 16:10:38'),
(942, 40, 1, 1, '2023-10-11 18:00:00', '2023-11-04 16:10:38'),
(943, 40, 1, 1, '2023-10-16 18:00:00', '2023-11-04 16:10:38'),
(944, 40, 1, 1, '2023-10-22 18:00:00', '2023-11-04 16:10:38'),
(945, 40, 1, 1, '2023-10-28 18:00:00', '2023-11-04 16:10:38'),
(946, 40, 1, 1, '2023-11-01 21:00:00', '2023-11-04 16:10:38'),
(947, 41, 1, 1, '2023-08-04 18:00:00', '2023-11-04 16:10:38'),
(948, 41, 1, 1, '2023-08-10 18:00:00', '2023-11-04 16:10:38'),
(949, 41, 1, 1, '2023-08-15 18:00:00', '2023-11-04 16:10:38'),
(950, 41, 1, 1, '2023-08-20 18:00:00', '2023-11-04 16:10:38'),
(951, 41, 1, 1, '2023-08-25 18:00:00', '2023-11-04 16:10:38'),
(952, 41, 1, 1, '2023-08-31 18:00:00', '2023-11-04 16:10:38'),
(953, 41, 1, 1, '2023-09-04 18:00:00', '2023-11-04 16:10:38'),
(954, 41, 1, 1, '2023-09-09 18:00:00', '2023-11-04 16:10:38'),
(955, 41, 1, 1, '2023-09-14 18:00:00', '2023-11-04 16:10:38'),
(956, 42, 6, 1, '2023-09-14 18:00:00', '2023-11-04 16:10:38'),
(957, 42, 0, 1, '2023-09-25 18:00:00', '2023-11-04 16:10:38'),
(958, 42, 0, 1, '2023-10-06 18:00:00', '2023-11-04 16:10:38'),
(959, 42, 0, 1, '2023-10-11 18:00:00', '2023-11-04 16:10:38'),
(960, 43, 6, 1, '2023-09-14 18:00:00', '2023-11-04 16:10:38'),
(961, 43, 6, 1, '2023-09-25 18:00:00', '2023-11-04 16:10:38'),
(962, 43, 6, 1, '2023-10-06 18:00:00', '2023-11-04 16:10:38'),
(963, 43, 6, 1, '2023-10-11 18:00:00', '2023-11-04 16:10:38'),
(964, 43, 6, 1, '2023-10-22 18:00:00', '2023-11-04 16:10:38'),
(965, 43, 6, 1, '2023-11-01 21:00:00', '2023-11-04 16:10:38'),
(966, 44, 1, 1, '2023-09-14 18:00:00', '2023-11-04 16:10:38'),
(967, 44, 0, 1, '2023-09-19 18:00:00', '2023-11-04 16:10:38'),
(968, 44, 0, 1, '2023-09-25 18:00:00', '2023-11-04 16:10:38'),
(969, 44, 0, 1, '2023-10-01 18:00:00', '2023-11-04 16:10:38'),
(970, 44, 0, 1, '2023-10-04 18:00:00', '2023-11-04 16:10:38'),
(971, 44, 0, 1, '2023-10-07 18:00:00', '2023-11-04 16:10:38'),
(972, 44, 1, 1, '2023-10-22 18:00:00', '2023-11-04 16:10:38'),
(973, 45, 1, 1, '2023-09-19 18:00:00', '2023-11-04 16:10:38'),
(974, 45, 1, 1, '2023-09-25 18:00:00', '2023-11-04 16:10:38'),
(975, 45, 1, 1, '2023-09-30 18:00:00', '2023-11-04 16:10:38'),
(976, 45, 1, 1, '2023-10-06 18:00:00', '2023-11-04 16:10:38'),
(977, 45, 1, 1, '2023-10-11 18:00:00', '2023-11-04 16:10:38'),
(978, 45, 1, 1, '2023-10-16 18:00:00', '2023-11-04 16:10:38'),
(979, 45, 0, 1, '2023-10-22 18:00:00', '2023-11-04 16:10:38'),
(980, 45, 1, 1, '2023-11-01 21:00:00', '2023-11-04 16:10:38'),
(981, 46, 1, 1, '2023-09-19 18:00:00', '2023-11-04 16:10:38'),
(982, 46, 1, 1, '2023-09-25 18:00:00', '2023-11-04 16:10:38'),
(983, 46, 1, 1, '2023-09-30 18:00:00', '2023-11-04 16:10:38'),
(984, 46, 1, 1, '2023-10-06 18:00:00', '2023-11-04 16:10:38'),
(985, 46, 1, 1, '2023-10-11 18:00:00', '2023-11-04 16:10:38'),
(986, 46, 1, 1, '2023-10-16 18:00:00', '2023-11-04 16:10:38'),
(987, 46, 1, 1, '2023-10-22 18:00:00', '2023-11-04 16:10:38'),
(988, 46, 1, 1, '2023-10-28 18:00:00', '2023-11-04 16:10:38'),
(989, 46, 1, 1, '2023-11-01 21:00:00', '2023-11-04 16:10:38'),
(990, 47, 1, 1, '2023-09-14 18:00:00', '2023-11-04 16:10:38'),
(991, 47, 1, 1, '2023-09-19 18:00:00', '2023-11-04 16:10:38'),
(992, 47, 1, 1, '2023-09-25 18:00:00', '2023-11-04 16:10:38'),
(993, 47, 1, 1, '2023-09-30 18:00:00', '2023-11-04 16:10:38'),
(994, 47, 1, 1, '2023-10-06 18:00:00', '2023-11-04 16:10:38'),
(995, 47, 1, 1, '2023-10-11 18:00:00', '2023-11-04 16:10:38'),
(996, 47, 1, 1, '2023-10-16 18:00:00', '2023-11-04 16:10:38'),
(997, 47, 1, 1, '2023-10-22 18:00:00', '2023-11-04 16:10:38'),
(998, 47, 1, 1, '2023-10-28 18:00:00', '2023-11-04 16:10:38'),
(999, 47, 1, 1, '2023-11-01 21:00:00', '2023-11-04 16:10:38'),
(1001, 1, 4, 1, '2023-11-05 16:20:53', '2023-11-05 16:20:53'),
(1002, 3, 3, 1, '2023-11-05 16:20:53', '2023-11-05 16:20:53'),
(1003, 4, 4, 1, '2023-11-05 16:20:53', '2023-11-05 16:20:53'),
(1004, 5, 3, 1, '2023-11-05 16:20:53', '2023-11-05 16:20:53'),
(1005, 8, 3, 1, '2023-11-05 16:20:54', '2023-11-05 16:20:54'),
(1006, 12, 4, 1, '2023-11-05 16:20:54', '2023-11-05 16:20:54'),
(1007, 17, 3, 1, '2023-11-05 16:20:54', '2023-11-05 16:20:54'),
(1009, 2, 4, 1, '2023-11-05 16:22:06', '2023-11-05 16:22:06'),
(1010, 6, 4, 1, '2023-11-05 16:22:06', '2023-11-05 16:22:06'),
(1011, 7, 6, 1, '2023-11-05 16:22:06', '2023-11-05 16:22:06'),
(1012, 13, 4, 1, '2023-11-05 16:22:06', '2023-11-05 16:22:06'),
(1013, 14, 5, 1, '2023-11-05 16:22:06', '2023-11-05 16:22:06'),
(1014, 15, 6, 1, '2023-11-05 16:22:06', '2023-11-05 16:22:06'),
(1015, 16, 6, 1, '2023-11-05 16:22:06', '2023-11-05 16:22:06'),
(1016, 37, 6, 1, '2023-11-05 16:22:06', '2023-11-05 16:22:06'),
(1017, 38, 6, 1, '2023-11-05 16:22:06', '2023-11-05 16:22:06'),
(1018, 39, 4, 1, '2023-11-05 16:22:06', '2023-11-05 16:22:06'),
(1019, 44, 1, 1, '2023-11-05 16:22:06', '2023-11-05 16:22:06'),
(1020, 33, 2, 1, '2023-11-09 14:34:56', '2023-11-09 14:34:56'),
(1021, 40, 2, 1, '2023-11-09 14:34:56', '2023-11-09 14:34:56'),
(1023, 46, 1, 1, '2023-11-09 14:34:56', '2023-11-09 14:34:56'),
(1024, 47, 1, 1, '2023-11-09 14:34:56', '2023-11-09 14:34:56'),
(1025, 45, 0, 1, '2023-11-08 21:00:00', '2023-11-10 05:31:37'),
(1026, 3, 3, 1, '2023-11-12 17:14:14', '2023-11-12 17:14:14'),
(1028, 8, 3, 1, '2023-11-12 17:14:14', '2023-11-12 17:14:14'),
(1029, 9, 6, 1, '2023-11-12 17:14:14', '2023-11-12 17:14:14'),
(1030, 10, 6, 1, '2023-11-12 17:14:14', '2023-11-12 17:14:14'),
(1031, 17, 3, 1, '2023-11-12 17:14:14', '2023-11-12 17:14:14'),
(1032, 43, 6, 1, '2023-11-12 17:14:14', '2023-11-12 17:14:14'),
(1033, 44, 1, 1, '2023-11-12 17:14:14', '2023-11-12 17:14:14'),
(1035, 45, 1, 1, '2023-11-10 21:00:00', '2023-11-14 14:38:03'),
(1036, 1, 4, 1, '2023-11-14 16:39:07', '2023-11-14 16:39:07'),
(1037, 2, 4, 1, '2023-11-14 16:39:07', '2023-11-14 16:39:07'),
(1038, 4, 4, 1, '2023-11-14 16:39:07', '2023-11-14 16:39:07'),
(1039, 6, 4, 1, '2023-11-14 16:39:07', '2023-11-14 16:39:07'),
(1040, 7, 6, 1, '2023-11-14 16:39:07', '2023-11-14 16:39:07'),
(1041, 12, 4, 1, '2023-11-14 16:39:07', '2023-11-14 16:39:07'),
(1042, 13, 4, 1, '2023-11-14 16:39:07', '2023-11-14 16:39:07'),
(1043, 14, 6, 1, '2023-11-14 16:39:07', '2023-11-14 16:39:07'),
(1044, 15, 6, 1, '2023-11-14 16:39:07', '2023-11-14 16:39:07'),
(1045, 16, 6, 1, '2023-11-14 16:39:07', '2023-11-14 16:39:07'),
(1046, 33, 2, 1, '2023-11-14 16:39:07', '2023-11-14 16:39:07'),
(1047, 37, 6, 1, '2023-11-14 16:39:07', '2023-11-14 16:39:07'),
(1048, 38, 6, 1, '2023-11-14 16:39:07', '2023-11-14 16:39:07'),
(1049, 39, 4, 1, '2023-11-14 16:39:07', '2023-11-14 16:39:07'),
(1050, 40, 2, 1, '2023-11-14 16:39:07', '2023-11-14 16:39:07'),
(1051, 46, 1, 1, '2023-11-14 16:39:07', '2023-11-14 16:39:07'),
(1052, 47, 1, 1, '2023-11-14 16:39:07', '2023-11-14 16:39:07'),
(1053, 5, 0, 1, '2023-11-11 21:00:00', '2023-11-14 16:39:34'),
(1054, 45, 1, 1, '2023-11-13 21:00:00', '2023-11-15 04:53:07'),
(1055, 44, 1, 1, '2023-11-13 21:00:00', '2023-11-15 05:50:32'),
(1056, 3, 3, 1, '2023-11-20 05:14:52', '2023-11-20 05:14:52'),
(1057, 5, 3, 1, '2023-11-20 05:14:52', '2023-11-20 05:14:52'),
(1058, 8, 3, 1, '2023-11-20 05:14:52', '2023-11-20 05:14:52'),
(1059, 17, 3, 1, '2023-11-20 05:14:52', '2023-11-20 05:14:52'),
(1060, 33, 2, 1, '2023-11-20 05:14:52', '2023-11-20 05:14:52'),
(1061, 40, 2, 1, '2023-11-20 05:14:52', '2023-11-20 05:14:52'),
(1063, 45, 1, 1, '2023-11-20 05:14:52', '2023-11-20 05:14:52'),
(1064, 46, 1, 1, '2023-11-20 05:14:52', '2023-11-20 05:14:52'),
(1065, 47, 1, 1, '2023-11-20 05:14:52', '2023-11-20 05:14:52'),
(1066, 33, 1, 1, '2023-11-19 21:00:00', '2023-11-20 17:14:55'),
(1067, 40, 1, 1, '2023-11-19 21:00:00', '2023-11-20 17:14:58'),
(1068, 44, 0, 1, '2023-11-19 21:00:00', '2023-11-21 05:10:36'),
(1069, 1, 4, 1, '2023-11-24 16:34:17', '2023-11-24 16:34:17'),
(1070, 2, 4, 1, '2023-11-24 16:34:17', '2023-11-24 16:34:17'),
(1071, 4, 4, 1, '2023-11-24 16:34:17', '2023-11-24 16:34:17'),
(1072, 6, 4, 1, '2023-11-24 16:34:17', '2023-11-24 16:34:17'),
(1073, 7, 6, 1, '2023-11-24 16:34:17', '2023-11-24 16:34:17'),
(1074, 9, 6, 1, '2023-11-24 16:34:17', '2023-11-24 16:34:17'),
(1075, 10, 6, 1, '2023-11-24 16:34:17', '2023-11-24 16:34:17'),
(1076, 12, 4, 1, '2023-11-24 16:34:17', '2023-11-24 16:34:17'),
(1077, 13, 4, 1, '2023-11-24 16:34:17', '2023-11-24 16:34:17'),
(1078, 14, 6, 1, '2023-11-24 16:34:17', '2023-11-24 16:34:17'),
(1079, 15, 6, 1, '2023-11-24 16:34:17', '2023-11-24 16:34:17'),
(1080, 16, 6, 1, '2023-11-24 16:34:17', '2023-11-24 16:34:17'),
(1081, 37, 6, 1, '2023-11-24 16:34:17', '2023-11-24 16:34:17'),
(1082, 38, 6, 1, '2023-11-24 16:34:17', '2023-11-24 16:34:17'),
(1083, 39, 6, 1, '2023-11-24 16:34:17', '2023-11-24 16:34:17'),
(1084, 43, 6, 1, '2023-11-24 16:34:17', '2023-11-24 16:34:17'),
(1085, 33, 2, 1, '2023-11-25 16:07:52', '2023-11-25 16:07:52'),
(1086, 40, 2, 1, '2023-11-25 16:07:52', '2023-11-25 16:07:52'),
(1088, 45, 1, 1, '2023-11-25 16:07:52', '2023-11-25 16:07:52'),
(1089, 46, 1, 1, '2023-11-25 16:07:52', '2023-11-25 16:07:52'),
(1090, 47, 1, 1, '2023-11-25 16:07:52', '2023-11-25 16:07:52'),
(1091, 44, 0, 1, '2023-11-24 21:00:00', '2023-11-26 13:03:30'),
(1092, 3, 3, 1, '2023-11-27 16:09:20', '2023-11-27 16:09:20'),
(1093, 5, 3, 1, '2023-11-27 16:09:20', '2023-11-27 16:09:20'),
(1094, 8, 3, 1, '2023-11-27 16:09:20', '2023-11-27 16:09:20'),
(1095, 17, 3, 1, '2023-11-27 16:09:20', '2023-11-27 16:09:20'),
(1096, 44, 1, 1, '2023-11-27 16:09:20', '2023-11-27 16:09:20'),
(1097, 11, 7, 1, '2023-12-01 17:37:41', '2023-12-01 17:37:41'),
(1098, 33, 2, 1, '2023-12-01 17:37:41', '2023-12-01 17:37:41'),
(1099, 40, 2, 1, '2023-12-01 17:37:41', '2023-12-01 17:37:41'),
(1101, 46, 1, 1, '2023-12-01 17:37:41', '2023-12-01 17:37:41'),
(1102, 47, 1, 1, '2023-12-01 17:37:41', '2023-12-01 17:37:41'),
(1103, 45, 0, 1, '2023-11-30 21:00:00', '2023-12-03 11:23:05'),
(1104, 1, 4, 1, '2023-12-05 03:12:36', '2023-12-05 03:12:36'),
(1105, 2, 4, 1, '2023-12-05 03:12:36', '2023-12-05 03:12:36'),
(1106, 4, 4, 1, '2023-12-05 03:12:36', '2023-12-05 03:12:36'),
(1107, 6, 4, 1, '2023-12-05 03:12:36', '2023-12-05 03:12:36'),
(1108, 12, 4, 1, '2023-12-05 03:12:36', '2023-12-05 03:12:36'),
(1109, 13, 4, 1, '2023-12-05 03:12:36', '2023-12-05 03:12:36'),
(1110, 3, 3, 1, '2023-12-05 16:49:04', '2023-12-05 16:49:04'),
(1111, 5, 3, 1, '2023-12-05 16:49:04', '2023-12-05 16:49:04'),
(1112, 7, 6, 1, '2023-12-05 16:49:04', '2023-12-05 16:49:04'),
(1113, 8, 3, 1, '2023-12-05 16:49:04', '2023-12-05 16:49:04'),
(1114, 9, 6, 1, '2023-12-05 16:49:04', '2023-12-05 16:49:04'),
(1115, 10, 6, 1, '2023-12-05 16:49:04', '2023-12-05 16:49:04'),
(1116, 14, 6, 1, '2023-12-05 16:49:04', '2023-12-05 16:49:04'),
(1117, 15, 6, 1, '2023-12-05 16:49:04', '2023-12-05 16:49:04'),
(1118, 16, 6, 1, '2023-12-05 16:49:04', '2023-12-05 16:49:04'),
(1119, 17, 3, 1, '2023-12-05 16:49:04', '2023-12-05 16:49:04'),
(1120, 37, 6, 1, '2023-12-05 16:49:04', '2023-12-05 16:49:04'),
(1121, 38, 6, 1, '2023-12-05 16:49:04', '2023-12-05 16:49:04'),
(1122, 39, 6, 1, '2023-12-05 16:49:04', '2023-12-05 16:49:04'),
(1123, 43, 6, 1, '2023-12-05 16:49:04', '2023-12-05 16:49:04'),
(1124, 44, 1, 1, '2023-12-05 21:00:00', '2023-12-06 13:08:11'),
(1125, 33, 2, 1, '2023-12-08 17:45:10', '2023-12-08 17:45:10'),
(1126, 40, 2, 1, '2023-12-08 17:45:10', '2023-12-08 17:45:10'),
(1128, 45, 1, 1, '2023-12-08 17:45:10', '2023-12-08 17:45:10'),
(1129, 46, 1, 1, '2023-12-08 17:45:10', '2023-12-08 17:45:10'),
(1130, 47, 1, 1, '2023-12-08 17:45:10', '2023-12-08 17:45:10'),
(1131, 1, 4, 1, '2023-12-15 19:10:09', '2023-12-15 19:10:09'),
(1132, 2, 4, 1, '2023-12-15 19:10:09', '2023-12-15 19:10:09'),
(1133, 3, 3, 1, '2023-12-15 19:10:09', '2023-12-15 19:10:09'),
(1134, 4, 4, 1, '2023-12-15 19:10:09', '2023-12-15 19:10:09'),
(1135, 5, 3, 1, '2023-12-15 19:10:09', '2023-12-15 19:10:09'),
(1136, 6, 4, 1, '2023-12-15 19:10:09', '2023-12-15 19:10:09'),
(1137, 7, 6, 1, '2023-12-15 19:10:09', '2023-12-15 19:10:09'),
(1138, 8, 3, 1, '2023-12-15 19:10:09', '2023-12-15 19:10:09'),
(1139, 9, 6, 1, '2023-12-15 19:10:09', '2023-12-15 19:10:09'),
(1140, 10, 6, 1, '2023-12-15 19:10:09', '2023-12-15 19:10:09'),
(1141, 12, 4, 1, '2023-12-15 19:10:09', '2023-12-15 19:10:09'),
(1142, 13, 4, 1, '2023-12-15 19:10:09', '2023-12-15 19:10:09'),
(1143, 14, 6, 1, '2023-12-15 19:10:09', '2023-12-15 19:10:09'),
(1144, 15, 6, 1, '2023-12-15 19:10:09', '2023-12-15 19:10:09'),
(1145, 16, 6, 1, '2023-12-15 19:10:09', '2023-12-15 19:10:09'),
(1146, 17, 3, 1, '2023-12-15 19:10:09', '2023-12-15 19:10:09'),
(1147, 33, 2, 1, '2023-12-15 19:10:09', '2023-12-15 19:10:09'),
(1148, 37, 6, 1, '2023-12-15 19:10:09', '2023-12-15 19:10:09'),
(1149, 38, 6, 1, '2023-12-15 19:10:09', '2023-12-15 19:10:09'),
(1150, 39, 6, 1, '2023-12-15 19:10:09', '2023-12-15 19:10:09'),
(1151, 40, 2, 1, '2023-12-15 19:10:09', '2023-12-15 19:10:09'),
(1152, 43, 6, 1, '2023-12-15 19:10:09', '2023-12-15 19:10:09'),
(1153, 44, 1, 1, '2023-12-15 19:10:09', '2023-12-15 19:10:09'),
(1154, 45, 1, 1, '2023-12-15 19:10:09', '2023-12-15 19:10:09'),
(1155, 46, 1, 1, '2023-12-15 19:10:09', '2023-12-15 19:10:09'),
(1156, 47, 1, 1, '2023-12-15 19:10:09', '2023-12-15 19:10:09'),
(1157, 33, 2, 1, '2023-12-21 16:52:37', '2023-12-21 16:52:37'),
(1158, 40, 2, 1, '2023-12-21 16:52:37', '2023-12-21 16:52:37'),
(1160, 45, 1, 1, '2023-12-21 16:52:37', '2023-12-21 16:52:37'),
(1161, 46, 1, 1, '2023-12-21 16:52:37', '2023-12-21 16:52:37'),
(1162, 47, 2, 1, '2023-12-21 16:52:37', '2023-12-21 16:52:37'),
(1163, 3, 3, 1, '2023-12-21 16:52:55', '2023-12-21 16:52:55'),
(1164, 5, 3, 1, '2023-12-21 16:52:55', '2023-12-21 16:52:55'),
(1165, 8, 3, 1, '2023-12-21 16:52:55', '2023-12-21 16:52:55'),
(1166, 1, 4, 1, '2023-12-25 14:51:35', '2023-12-25 14:51:35'),
(1167, 2, 4, 1, '2023-12-25 14:51:35', '2023-12-25 14:51:35'),
(1168, 4, 4, 1, '2023-12-25 14:51:35', '2023-12-25 14:51:35'),
(1169, 6, 4, 1, '2023-12-25 14:51:35', '2023-12-25 14:51:35'),
(1170, 12, 4, 1, '2023-12-25 14:51:35', '2023-12-25 14:51:35'),
(1171, 13, 4, 1, '2023-12-25 14:51:35', '2023-12-25 14:51:35'),
(1172, 14, 6, 1, '2023-12-25 14:51:35', '2023-12-25 14:51:35'),
(1173, 17, 4, 1, '2023-12-25 14:51:35', '2023-12-25 14:51:35'),
(1174, 39, 6, 1, '2023-12-25 14:51:35', '2023-12-25 14:51:35'),
(1175, 44, 1, 1, '2023-12-25 14:51:35', '2023-12-25 14:51:35'),
(1177, 33, 2, 1, '2023-12-27 17:30:06', '2023-12-27 17:30:06'),
(1178, 40, 2, 1, '2023-12-27 17:30:06', '2023-12-27 17:30:06'),
(1179, 45, 1, 1, '2023-12-27 17:30:06', '2023-12-27 17:30:06'),
(1180, 46, 1, 1, '2023-12-27 17:30:06', '2023-12-27 17:30:06'),
(1181, 47, 2, 1, '2023-12-27 17:30:06', '2023-12-27 17:30:06'),
(1182, 3, 3, 1, '2023-12-28 21:00:00', '2023-12-29 15:17:39'),
(1183, 5, 3, 1, '2023-12-28 21:00:00', '2023-12-29 15:17:49'),
(1184, 8, 3, 1, '2023-12-28 21:00:00', '2023-12-29 15:17:59'),
(1186, 33, 2, 1, '2024-01-01 16:14:40', '2024-01-01 16:14:40'),
(1187, 40, 2, 1, '2024-01-01 16:14:40', '2024-01-01 16:14:40'),
(1189, 45, 1, 1, '2024-01-01 16:14:40', '2024-01-01 16:14:40'),
(1190, 46, 1, 1, '2024-01-01 16:14:40', '2024-01-01 16:14:40'),
(1191, 47, 2, 1, '2024-01-01 16:14:40', '2024-01-01 16:14:40'),
(1192, 1, 4, 1, '2024-01-03 17:54:39', '2024-01-03 17:54:39'),
(1193, 2, 4, 1, '2024-01-03 17:54:39', '2024-01-03 17:54:39'),
(1194, 4, 4, 1, '2024-01-03 17:54:39', '2024-01-03 17:54:39'),
(1195, 6, 4, 1, '2024-01-03 17:54:39', '2024-01-03 17:54:39'),
(1196, 12, 4, 1, '2024-01-03 17:54:39', '2024-01-03 17:54:39'),
(1197, 13, 4, 1, '2024-01-03 17:54:39', '2024-01-03 17:54:39'),
(1198, 17, 4, 1, '2024-01-03 17:54:39', '2024-01-03 17:54:39'),
(1199, 44, 1, 1, '2024-01-03 17:54:39', '2024-01-03 17:54:39'),
(1200, 14, 6, 1, '2024-01-03 17:54:53', '2024-01-03 17:54:53'),
(1201, 39, 6, 1, '2024-01-03 17:54:53', '2024-01-03 17:54:53'),
(1202, 3, 3, 1, '2024-01-06 16:50:35', '2024-01-06 16:50:35'),
(1203, 5, 4, 1, '2024-01-06 16:50:35', '2024-01-06 16:50:35'),
(1204, 8, 3, 1, '2024-01-06 16:50:35', '2024-01-06 16:50:35'),
(1205, 33, 2, 1, '2024-01-06 16:50:35', '2024-01-06 16:50:35'),
(1206, 40, 2, 1, '2024-01-06 16:50:35', '2024-01-06 16:50:35'),
(1207, 45, 1, 1, '2024-01-06 16:50:35', '2024-01-06 16:50:35'),
(1208, 46, 1, 1, '2024-01-06 16:50:35', '2024-01-06 16:50:35'),
(1209, 47, 2, 1, '2024-01-06 16:50:35', '2024-01-06 16:50:35'),
(1212, 1, 4, 1, '2024-01-11 21:00:00', '2024-01-12 17:19:25'),
(1213, 2, 4, 1, '2024-01-11 21:00:00', '2024-01-12 17:19:55'),
(1214, 3, 3, 1, '2024-01-11 21:00:00', '2024-01-12 17:21:04'),
(1215, 4, 4, 1, '2024-01-11 21:00:00', '2024-01-12 17:21:41'),
(1216, 6, 4, 1, '2024-01-11 21:00:00', '2024-01-12 17:22:22'),
(1217, 8, 3, 1, '2024-01-11 21:00:00', '2024-01-12 17:22:58'),
(1218, 12, 4, 1, '2024-01-11 21:00:00', '2024-01-12 17:23:31'),
(1219, 13, 4, 1, '2024-01-11 21:00:00', '2024-01-12 17:24:07'),
(1220, 14, 6, 1, '2024-01-11 21:00:00', '2024-01-12 17:24:46'),
(1221, 39, 6, 1, '2024-01-11 21:00:00', '2024-01-12 17:26:19'),
(1222, 17, 4, 1, '2024-01-11 21:00:00', '2024-01-12 17:26:58'),
(1225, 46, 1, 1, '2024-01-11 21:00:00', '2024-01-12 17:30:11'),
(1226, 47, 2, 1, '2024-01-11 21:00:00', '2024-01-12 17:31:17'),
(1227, 40, 2, 1, '2024-01-11 21:00:00', '2024-01-12 17:32:58'),
(1228, 33, 2, 1, '2024-01-11 21:00:00', '2024-01-12 17:33:04'),
(1229, 45, 0, 1, '2024-01-12 21:00:00', '2024-01-13 05:13:23'),
(1230, 44, 0, 1, '2023-12-10 21:00:00', '2024-01-13 05:14:09'),
(1231, 44, 0, 1, '2023-12-19 21:00:00', '2024-01-13 05:14:22'),
(1232, 44, 0, 1, '2023-12-29 21:00:00', '2024-01-13 05:14:35'),
(1234, 44, 0, 1, '2023-11-30 21:00:00', '2024-01-13 05:15:06'),
(1235, 44, 0, 1, '2024-01-06 21:00:00', '2024-01-13 05:15:47'),
(1236, 5, 4, 1, '2024-01-12 21:00:00', '2024-01-13 16:40:17'),
(1238, 3, 3, 1, '2024-01-17 21:00:00', '2024-01-18 04:44:13'),
(1239, 8, 3, 1, '2024-01-17 21:00:00', '2024-01-18 04:45:01'),
(1240, 33, 2, 1, '2024-01-17 21:00:00', '2024-01-18 04:47:25'),
(1241, 40, 2, 1, '2024-01-17 21:00:00', '2024-01-18 04:48:39'),
(1243, 46, 1, 1, '2024-01-17 21:00:00', '2024-01-18 04:51:41'),
(1244, 47, 2, 1, '2024-01-17 21:00:00', '2024-01-18 04:53:36'),
(1246, 44, 0, 1, '2024-01-12 21:00:00', '2024-01-18 07:13:20'),
(1247, 44, 0, 1, '2024-01-17 21:00:00', '2024-01-19 04:55:13'),
(1248, 45, 0, 1, '2024-01-17 21:00:00', '2024-01-19 04:55:28'),
(1249, 1, 4, 1, '2024-01-20 21:00:00', '2024-01-21 13:54:03'),
(1250, 2, 4, 1, '2024-01-20 21:00:00', '2024-01-21 13:54:36'),
(1251, 4, 4, 1, '2024-01-20 21:00:00', '2024-01-21 13:55:09'),
(1252, 5, 4, 1, '2024-01-20 21:00:00', '2024-01-21 13:55:51'),
(1253, 6, 4, 1, '2024-01-20 21:00:00', '2024-01-21 13:56:17'),
(1254, 12, 4, 1, '2024-01-20 21:00:00', '2024-01-21 13:57:13'),
(1255, 13, 4, 1, '2024-01-20 21:00:00', '2024-01-21 13:57:45'),
(1256, 14, 6, 1, '2024-01-20 21:00:00', '2024-01-21 13:58:24'),
(1257, 17, 4, 1, '2024-01-20 21:00:00', '2024-01-21 13:59:04'),
(1259, 39, 6, 1, '2024-01-20 21:00:00', '2024-01-21 14:00:23'),
(1260, 33, 2, 1, '2024-01-22 21:00:00', '2024-01-23 16:13:31'),
(1261, 40, 2, 1, '2024-01-22 21:00:00', '2024-01-23 16:14:27'),
(1262, 45, 1, 1, '2024-01-22 21:00:00', '2024-01-23 16:15:20'),
(1263, 46, 2, 1, '2024-01-22 21:00:00', '2024-01-23 16:16:46'),
(1264, 47, 2, 1, '2024-01-22 21:00:00', '2024-01-23 16:19:08'),
(1265, 33, 2, 1, '2024-01-22 21:00:00', '2024-01-23 16:19:31'),
(1266, 3, 3, 1, '2024-01-25 08:26:12', '2024-01-25 08:26:12'),
(1267, 8, 4, 1, '2024-01-25 08:26:12', '2024-01-25 08:26:12'),
(1268, 7, 4, 1, '2024-01-24 21:00:00', '2024-01-25 08:26:25'),
(1269, 43, 4, 1, '2024-01-24 21:00:00', '2024-01-25 08:26:36'),
(1270, 38, 4, 1, '2024-01-24 21:00:00', '2024-01-25 08:26:47'),
(1271, 37, 4, 1, '2024-01-24 21:00:00', '2024-01-25 08:26:51'),
(1272, 33, 2, 1, '2024-01-28 15:46:10', '2024-01-28 15:46:10'),
(1273, 40, 2, 1, '2024-01-28 15:46:10', '2024-01-28 15:46:10'),
(1274, 45, 1, 1, '2024-01-28 15:46:10', '2024-01-28 15:46:10'),
(1275, 46, 2, 1, '2024-01-28 15:46:10', '2024-01-28 15:46:10'),
(1276, 47, 2, 1, '2024-01-28 15:46:10', '2024-01-28 15:46:10'),
(1277, 1, 4, 1, '2024-01-28 21:00:00', '2024-01-29 15:59:11'),
(1278, 2, 4, 1, '2024-01-28 21:00:00', '2024-01-29 15:59:34'),
(1279, 4, 4, 1, '2024-01-28 21:00:00', '2024-01-29 15:59:59'),
(1280, 5, 4, 1, '2024-01-28 21:00:00', '2024-01-29 16:00:29'),
(1281, 6, 4, 1, '2024-01-28 21:00:00', '2024-01-29 16:01:15'),
(1282, 12, 4, 1, '2024-01-28 21:00:00', '2024-01-29 16:01:55'),
(1283, 13, 4, 1, '2024-01-28 21:00:00', '2024-01-29 16:02:22'),
(1284, 17, 4, 1, '2024-01-28 21:00:00', '2024-01-29 16:03:01'),
(1285, 3, 3, 1, '2024-02-02 21:00:00', '2024-02-03 14:57:34'),
(1286, 7, 6, 1, '2024-02-02 21:00:00', '2024-02-03 14:58:34'),
(1287, 8, 4, 1, '2024-02-02 21:00:00', '2024-02-03 14:59:39'),
(1288, 14, 6, 1, '2024-02-02 21:00:00', '2024-02-03 15:00:42'),
(1289, 33, 2, 1, '2024-02-02 21:00:00', '2024-02-03 15:02:49'),
(1290, 37, 6, 1, '2024-02-02 21:00:00', '2024-02-03 15:03:30'),
(1291, 38, 6, 1, '2024-02-02 21:00:00', '2024-02-03 15:03:57'),
(1292, 39, 6, 1, '2024-02-02 21:00:00', '2024-02-03 15:05:41'),
(1293, 40, 2, 1, '2024-02-02 21:00:00', '2024-02-03 15:06:34'),
(1294, 43, 6, 1, '2024-02-02 21:00:00', '2024-02-03 15:07:04'),
(1295, 45, 1, 1, '2024-02-02 21:00:00', '2024-02-03 15:07:48'),
(1296, 46, 2, 1, '2024-02-02 21:00:00', '2024-02-03 15:09:05'),
(1297, 47, 2, 1, '2024-02-02 21:00:00', '2024-02-03 15:09:08'),
(1298, 1, 4, 1, '2024-02-06 22:00:00', '2024-02-07 08:58:25'),
(1299, 2, 4, 1, '2024-02-06 22:00:00', '2024-02-07 08:59:34'),
(1300, 4, 4, 1, '2024-02-06 22:00:00', '2024-02-07 09:00:38'),
(1301, 5, 4, 1, '2024-02-06 22:00:00', '2024-02-07 09:01:26'),
(1302, 6, 4, 1, '2024-02-06 22:00:00', '2024-02-07 09:01:59'),
(1303, 12, 4, 1, '2024-02-06 22:00:00', '2024-02-07 09:03:14'),
(1304, 13, 4, 1, '2024-02-06 22:00:00', '2024-02-07 09:04:11'),
(1305, 17, 4, 1, '2024-02-06 22:00:00', '2024-02-07 09:05:09'),
(1306, 33, 2, 2, '2024-02-08 17:10:08', '2024-02-08 17:10:08'),
(1307, 40, 2, 1, '2024-02-08 17:10:08', '2024-02-08 17:10:08'),
(1308, 45, 1, 1, '2024-02-08 17:10:08', '2024-02-08 17:10:08'),
(1309, 46, 2, 1, '2024-02-08 17:10:08', '2024-02-08 17:10:08'),
(1310, 47, 2, 1, '2024-02-08 17:10:08', '2024-02-08 17:10:08'),
(1311, 3, 3, 1, '2024-02-12 22:00:00', '2024-02-13 16:22:28'),
(1312, 7, 6, 1, '2024-02-12 22:00:00', '2024-02-13 16:23:57'),
(1313, 8, 4, 1, '2024-02-12 22:00:00', '2024-02-13 16:24:37'),
(1314, 14, 6, 1, '2024-02-12 22:00:00', '2024-02-13 16:25:36'),
(1315, 33, 2, 1, '2024-02-12 22:00:00', '2024-02-13 16:26:44'),
(1316, 37, 6, 1, '2024-02-12 22:00:00', '2024-02-13 16:27:37'),
(1317, 38, 6, 1, '2024-02-12 22:00:00', '2024-02-13 16:28:12'),
(1318, 39, 6, 1, '2024-02-12 22:00:00', '2024-02-13 16:28:50'),
(1319, 40, 2, 1, '2024-02-12 22:00:00', '2024-02-13 16:29:20'),
(1320, 43, 6, 1, '2024-02-12 22:00:00', '2024-02-13 16:30:05'),
(1321, 45, 2, 1, '2024-02-12 22:00:00', '2024-02-13 16:30:43'),
(1322, 46, 2, 1, '2024-02-12 22:00:00', '2024-02-13 16:31:51'),
(1323, 47, 2, 1, '2024-02-12 22:00:00', '2024-02-13 16:31:57'),
(1324, 1, 4, 1, '2024-02-17 22:00:00', '2024-02-18 15:45:46'),
(1325, 2, 4, 1, '2024-02-17 22:00:00', '2024-02-18 15:46:17'),
(1326, 3, 3, 1, '2024-02-17 22:00:00', '2024-02-18 15:46:43'),
(1327, 4, 4, 1, '2024-02-17 22:00:00', '2024-02-18 15:47:07'),
(1328, 5, 4, 1, '2024-02-17 22:00:00', '2024-02-18 15:47:43'),
(1329, 6, 4, 1, '2024-02-17 22:00:00', '2024-02-18 15:48:22'),
(1330, 12, 4, 1, '2024-02-17 22:00:00', '2024-02-18 15:49:06'),
(1331, 13, 4, 1, '2024-02-17 22:00:00', '2024-02-18 15:49:38'),
(1332, 17, 4, 1, '2024-02-17 22:00:00', '2024-02-18 15:50:09'),
(1333, 33, 3, 1, '2024-02-17 22:00:00', '2024-02-18 15:50:17'),
(1334, 40, 2, 1, '2024-02-17 22:00:00', '2024-02-18 15:50:23'),
(1335, 45, 2, 1, '2024-02-17 22:00:00', '2024-02-18 15:50:26'),
(1336, 46, 2, 1, '2024-02-17 22:00:00', '2024-02-18 15:50:29'),
(1337, 47, 2, 1, '2024-02-17 22:00:00', '2024-02-18 15:50:32'),
(1338, 3, 3, 1, '2024-02-23 22:00:00', '2024-02-24 16:47:28'),
(1339, 7, 6, 1, '2024-02-23 22:00:00', '2024-02-24 16:47:34'),
(1340, 8, 4, 1, '2024-02-23 22:00:00', '2024-02-24 16:48:07'),
(1341, 14, 6, 1, '2024-02-23 22:00:00', '2024-02-24 16:48:16'),
(1342, 33, 3, 1, '2024-02-23 22:00:00', '2024-02-24 16:48:59'),
(1343, 37, 6, 1, '2024-02-23 22:00:00', '2024-02-24 16:49:03'),
(1344, 38, 6, 1, '2024-02-23 22:00:00', '2024-02-24 16:49:07'),
(1345, 39, 6, 1, '2024-02-23 22:00:00', '2024-02-24 16:49:10'),
(1346, 40, 2, 1, '2024-02-23 22:00:00', '2024-02-24 16:50:14'),
(1347, 43, 6, 1, '2024-02-23 22:00:00', '2024-02-24 16:50:17'),
(1349, 46, 2, 1, '2024-02-23 22:00:00', '2024-02-24 16:52:49'),
(1350, 47, 2, 1, '2024-02-23 22:00:00', '2024-02-24 16:52:54'),
(1351, 16, 4, 1, '2024-02-19 22:00:00', '2024-02-24 16:59:06'),
(1352, 16, 6, 1, '2024-02-23 22:00:00', '2024-02-24 16:59:07'),
(1353, 15, 4, 1, '2024-02-18 22:00:00', '2024-02-24 16:59:20'),
(1354, 15, 6, 1, '2024-02-23 22:00:00', '2024-02-24 16:59:21'),
(1355, 11, 4, 1, '2024-02-18 22:00:00', '2024-02-24 16:59:27'),
(1356, 11, 6, 1, '2024-02-23 22:00:00', '2024-02-24 16:59:28'),
(1357, 10, 4, 1, '2024-02-18 22:00:00', '2024-02-24 16:59:35'),
(1358, 10, 6, 1, '2024-02-23 22:00:00', '2024-02-24 16:59:36'),
(1359, 9, 4, 1, '2024-02-18 22:00:00', '2024-02-24 16:59:42'),
(1360, 9, 6, 1, '2024-02-23 22:00:00', '2024-02-24 16:59:44'),
(1362, 45, 9, 1, '2024-02-23 22:00:00', '2024-02-25 05:06:03'),
(1363, 1, 4, 1, '2024-02-25 22:00:00', '2024-02-26 15:31:06'),
(1364, 2, 4, 1, '2024-02-25 22:00:00', '2024-02-26 15:31:45'),
(1365, 4, 4, 1, '2024-02-25 22:00:00', '2024-02-26 15:32:13'),
(1366, 5, 4, 1, '2024-02-25 22:00:00', '2024-02-26 15:32:46'),
(1367, 6, 4, 1, '2024-02-25 22:00:00', '2024-02-26 15:33:48'),
(1368, 12, 4, 1, '2024-02-25 22:00:00', '2024-02-26 15:35:46'),
(1369, 13, 4, 1, '2024-02-25 22:00:00', '2024-02-26 15:37:14'),
(1370, 17, 4, 1, '2024-02-25 22:00:00', '2024-02-26 15:38:23'),
(1371, 3, 4, 1, '2024-02-29 22:00:00', '2024-03-01 15:57:17'),
(1372, 33, 3, 1, '2024-02-29 22:00:00', '2024-03-01 15:58:23'),
(1373, 40, 3, 1, '2024-02-29 22:00:00', '2024-03-01 15:59:23'),
(1374, 45, 2, 1, '2024-02-29 22:00:00', '2024-03-01 16:02:19'),
(1375, 46, 2, 1, '2024-02-29 22:00:00', '2024-03-01 16:02:23'),
(1376, 47, 2, 2, '2024-02-29 22:00:00', '2024-03-01 16:02:33'),
(1377, 1, 5, 1, '2024-03-04 23:00:00', '2024-03-05 18:07:48'),
(1378, 2, 5, 1, '2024-03-04 23:00:00', '2024-03-05 18:08:53'),
(1379, 4, 5, 1, '2024-03-04 23:00:00', '2024-03-05 18:10:28'),
(1380, 5, 4, 1, '2024-03-04 23:00:00', '2024-03-05 18:11:22'),
(1381, 6, 4, 1, '2024-03-04 23:00:00', '2024-03-05 18:12:03'),
(1382, 7, 6, 1, '2024-03-04 23:00:00', '2024-03-05 18:13:15'),
(1383, 8, 4, 1, '2024-03-04 23:00:00', '2024-03-05 18:14:20'),
(1384, 9, 6, 1, '2024-03-04 23:00:00', '2024-03-05 18:14:45'),
(1385, 10, 6, 1, '2024-03-04 23:00:00', '2024-03-05 18:15:10'),
(1386, 11, 6, 1, '2024-03-04 23:00:00', '2024-03-05 18:15:33'),
(1387, 12, 5, 1, '2024-03-04 23:00:00', '2024-03-05 18:16:06'),
(1388, 13, 4, 1, '2024-03-04 23:00:00', '2024-03-05 18:16:38'),
(1389, 14, 6, 1, '2024-03-04 23:00:00', '2024-03-05 18:17:29'),
(1390, 15, 6, 1, '2024-03-04 23:00:00', '2024-03-05 18:18:00'),
(1391, 16, 6, 1, '2024-03-04 23:00:00', '2024-03-05 18:18:36'),
(1392, 17, 4, 1, '2024-03-04 23:00:00', '2024-03-05 18:19:03'),
(1393, 37, 6, 1, '2024-03-04 23:00:00', '2024-03-05 18:21:51'),
(1394, 38, 6, 1, '2024-03-04 23:00:00', '2024-03-05 18:22:46'),
(1395, 39, 6, 1, '2024-03-04 23:00:00', '2024-03-05 18:23:21'),
(1396, 43, 6, 1, '2024-03-04 23:00:00', '2024-03-05 18:24:43'),
(1397, 45, 2, 1, '2024-03-04 23:00:00', '2024-03-05 18:25:54'),
(1398, 46, 2, 1, '2024-03-04 23:00:00', '2024-03-05 18:26:34'),
(1399, 47, 2, 1, '2024-03-04 23:00:00', '2024-03-05 18:27:32'),
(1400, 3, 4, 1, '2024-03-08 23:00:00', '2024-03-09 11:06:50'),
(1401, 33, 3, 1, '2024-03-08 23:00:00', '2024-03-09 11:06:52'),
(1402, 40, 3, 1, '2024-03-08 23:00:00', '2024-03-09 11:06:54'),
(1403, 45, 2, 1, '2024-03-11 19:35:32', '2024-03-11 19:35:32'),
(1404, 46, 2, 1, '2024-03-11 19:35:32', '2024-03-11 19:35:32'),
(1405, 47, 2, 2, '2024-03-11 19:35:32', '2024-03-11 19:35:32'),
(1406, 5, 4, 1, '2024-03-14 16:40:14', '2024-03-14 16:40:14'),
(1407, 6, 4, 1, '2024-03-14 16:40:14', '2024-03-14 16:40:14'),
(1408, 8, 4, 1, '2024-03-14 16:40:14', '2024-03-14 16:40:14'),
(1409, 13, 4, 1, '2024-03-14 16:40:14', '2024-03-14 16:40:14'),
(1410, 17, 4, 1, '2024-03-14 16:40:14', '2024-03-14 16:40:14'),
(1411, 1, 5, 1, '2024-03-15 23:00:00', '2024-03-16 18:30:09'),
(1412, 2, 5, 1, '2024-03-15 23:00:00', '2024-03-16 18:30:46'),
(1413, 4, 5, 1, '2024-03-15 23:00:00', '2024-03-16 18:32:50'),
(1414, 12, 5, 1, '2024-03-15 23:00:00', '2024-03-16 18:33:54'),
(1415, 33, 3, 1, '2024-03-15 23:00:00', '2024-03-16 18:35:49'),
(1416, 40, 3, 1, '2024-03-15 23:00:00', '2024-03-16 18:36:06'),
(1417, 47, 2, 2, '2024-03-15 23:00:00', '2024-03-16 18:40:15'),
(1418, 46, 2, 1, '2024-03-15 23:00:00', '2024-03-16 18:40:18'),
(1419, 45, 2, 1, '2024-03-15 23:00:00', '2024-03-16 18:40:22'),
(1420, 43, 6, 1, '2024-03-16 23:00:00', '2024-03-17 16:41:39'),
(1421, 3, 4, 1, '2024-03-16 23:00:00', '2024-03-17 16:42:49'),
(1422, 7, 6, 1, '2024-03-16 23:00:00', '2024-03-17 16:43:39'),
(1423, 9, 6, 1, '2024-03-16 23:00:00', '2024-03-17 16:44:05'),
(1424, 10, 6, 1, '2024-03-16 23:00:00', '2024-03-17 16:44:24'),
(1425, 11, 6, 1, '2024-03-16 23:00:00', '2024-03-17 16:44:50'),
(1426, 14, 6, 1, '2024-03-16 23:00:00', '2024-03-17 16:45:23'),
(1427, 15, 6, 1, '2024-03-16 23:00:00', '2024-03-17 16:45:53'),
(1428, 16, 6, 1, '2024-03-16 23:00:00', '2024-03-17 16:46:20'),
(1429, 37, 6, 1, '2024-03-16 23:00:00', '2024-03-17 16:46:49'),
(1430, 38, 6, 1, '2024-03-16 23:00:00', '2024-03-17 16:47:06'),
(1431, 39, 6, 1, '2024-03-16 23:00:00', '2024-03-17 16:47:53'),
(1432, 45, 2, 1, '2024-03-19 23:00:00', '2024-03-21 04:54:41'),
(1433, 46, 9, 1, '2024-03-19 23:00:00', '2024-03-21 04:54:57'),
(1434, 47, 2, 1, '2024-03-19 23:00:00', '2024-03-21 04:55:14'),
(1435, 5, 4, 1, '2024-03-22 23:00:00', '2024-03-23 18:13:18'),
(1436, 6, 4, 1, '2024-03-22 23:00:00', '2024-03-23 18:14:07'),
(1437, 8, 4, 1, '2024-03-22 23:00:00', '2024-03-23 18:14:53'),
(1438, 13, 4, 1, '2024-03-22 23:00:00', '2024-03-23 18:15:27'),
(1439, 17, 4, 1, '2024-03-22 23:00:00', '2024-03-23 18:16:00'),
(1440, 33, 3, 1, '2024-03-22 23:00:00', '2024-03-23 18:16:48'),
(1441, 40, 3, 1, '2024-03-22 23:00:00', '2024-03-23 18:51:47'),
(1442, 1, 5, 1, '2024-03-25 23:00:00', '2024-03-26 17:12:56'),
(1443, 2, 5, 1, '2024-03-25 23:00:00', '2024-03-26 17:13:23'),
(1444, 3, 4, 1, '2024-03-25 23:00:00', '2024-03-26 17:14:01'),
(1445, 4, 5, 1, '2024-03-25 23:00:00', '2024-03-26 17:14:27'),
(1446, 12, 5, 1, '2024-03-25 23:00:00', '2024-03-26 17:15:25'),
(1447, 45, 2, 1, '2024-03-25 23:00:00', '2024-03-26 17:17:47'),
(1448, 46, 2, 1, '2024-03-25 23:00:00', '2024-03-26 17:17:52'),
(1449, 47, 2, 2, '2024-03-25 23:00:00', '2024-03-26 17:17:58'),
(1450, 7, 6, 1, '2024-03-28 23:00:00', '2024-03-29 18:19:17'),
(1451, 9, 6, 1, '2024-03-28 23:00:00', '2024-03-29 18:19:33'),
(1452, 10, 6, 1, '2024-03-28 23:00:00', '2024-03-29 18:20:06'),
(1453, 11, 6, 1, '2024-03-28 23:00:00', '2024-03-29 18:20:23'),
(1454, 14, 6, 1, '2024-03-28 23:00:00', '2024-03-29 18:20:30'),
(1455, 15, 6, 1, '2024-03-28 23:00:00', '2024-03-29 18:21:33'),
(1456, 16, 6, 1, '2024-03-28 23:00:00', '2024-03-29 18:22:03'),
(1457, 37, 6, 1, '2024-03-28 23:00:00', '2024-03-29 18:22:45'),
(1458, 38, 6, 1, '2024-03-28 23:00:00', '2024-03-29 18:22:59'),
(1459, 39, 6, 1, '2024-03-28 23:00:00', '2024-03-29 18:23:38'),
(1460, 43, 6, 1, '2024-03-28 23:00:00', '2024-03-29 18:24:11'),
(1461, 3, 4, 1, '2024-04-01 22:00:00', '2024-04-02 15:28:41'),
(1462, 5, 4, 1, '2024-04-01 22:00:00', '2024-04-02 15:29:29'),
(1463, 6, 4, 1, '2024-04-01 22:00:00', '2024-04-02 15:30:01'),
(1464, 8, 4, 1, '2024-04-01 22:00:00', '2024-04-02 15:30:51'),
(1465, 13, 4, 1, '2024-04-01 22:00:00', '2024-04-02 15:31:36'),
(1466, 33, 3, 1, '2024-04-02 15:32:24', '2024-04-02 15:32:24'),
(1467, 40, 3, 1, '2024-04-02 15:32:24', '2024-04-02 15:32:24'),
(1468, 45, 2, 1, '2024-04-02 15:32:24', '2024-04-02 15:32:24'),
(1469, 46, 2, 1, '2024-04-02 15:32:24', '2024-04-02 15:32:24'),
(1470, 47, 3, 1, '2024-04-02 15:32:24', '2024-04-02 15:32:24'),
(1471, 1, 5, 1, '2024-04-04 22:00:00', '2024-04-05 16:11:58'),
(1472, 2, 5, 1, '2024-04-04 22:00:00', '2024-04-05 16:13:20'),
(1473, 4, 5, 1, '2024-04-04 22:00:00', '2024-04-05 16:14:34'),
(1474, 12, 5, 1, '2024-04-04 22:00:00', '2024-04-05 16:15:28'),
(1475, 17, 4, 1, '2024-04-04 22:00:00', '2024-04-05 16:16:43'),
(1476, 33, 3, 1, '2024-04-09 15:22:59', '2024-04-09 15:22:59'),
(1477, 40, 3, 1, '2024-04-09 15:22:59', '2024-04-09 15:22:59'),
(1478, 45, 2, 1, '2024-04-09 15:22:59', '2024-04-09 15:22:59'),
(1479, 46, 2, 1, '2024-04-09 15:22:59', '2024-04-09 15:22:59'),
(1480, 47, 3, 1, '2024-04-09 15:22:59', '2024-04-09 15:22:59'),
(1481, 3, 4, 1, '2024-04-11 16:08:09', '2024-04-11 16:08:09'),
(1482, 5, 4, 1, '2024-04-11 16:08:09', '2024-04-11 16:08:09'),
(1483, 6, 4, 1, '2024-04-11 16:08:09', '2024-04-11 16:08:09'),
(1484, 7, 6, 1, '2024-04-11 16:08:09', '2024-04-11 16:08:09'),
(1485, 8, 4, 1, '2024-04-11 16:08:09', '2024-04-11 16:08:09'),
(1486, 9, 6, 1, '2024-04-11 16:08:09', '2024-04-11 16:08:09'),
(1487, 11, 7, 1, '2024-04-11 16:08:09', '2024-04-11 16:08:09'),
(1488, 13, 4, 1, '2024-04-11 16:08:09', '2024-04-11 16:08:09'),
(1489, 14, 6, 1, '2024-04-11 16:08:09', '2024-04-11 16:08:09'),
(1490, 15, 4, 1, '2024-04-11 16:08:09', '2024-04-11 16:08:09'),
(1491, 16, 6, 1, '2024-04-11 16:08:09', '2024-04-11 16:08:09'),
(1492, 37, 6, 1, '2024-04-11 16:08:09', '2024-04-11 16:08:09'),
(1493, 38, 6, 1, '2024-04-11 16:08:09', '2024-04-11 16:08:09'),
(1494, 39, 6, 1, '2024-04-11 16:08:09', '2024-04-11 16:08:09'),
(1495, 43, 6, 1, '2024-04-11 16:08:09', '2024-04-11 16:08:09'),
(1496, 10, 9, 1, '2024-04-10 22:00:00', '2024-04-11 16:08:53'),
(1497, 1, 5, 1, '2024-04-16 15:48:06', '2024-04-16 15:48:06'),
(1498, 2, 5, 1, '2024-04-16 15:48:06', '2024-04-16 15:48:06'),
(1499, 4, 5, 1, '2024-04-16 15:48:06', '2024-04-16 15:48:06'),
(1500, 12, 5, 1, '2024-04-16 15:48:06', '2024-04-16 15:48:06'),
(1501, 17, 4, 1, '2024-04-16 15:48:06', '2024-04-16 15:48:06'),
(1502, 33, 3, 1, '2024-04-16 15:48:06', '2024-04-16 15:48:06'),
(1503, 40, 3, 1, '2024-04-16 15:48:06', '2024-04-16 15:48:06'),
(1504, 45, 2, 1, '2024-04-16 15:48:06', '2024-04-16 15:48:06'),
(1505, 46, 2, 1, '2024-04-16 15:48:06', '2024-04-16 15:48:06'),
(1506, 47, 3, 1, '2024-04-16 15:48:06', '2024-04-16 15:48:06'),
(1507, 3, 4, 1, '2024-04-21 14:32:19', '2024-04-21 14:32:19'),
(1508, 5, 4, 1, '2024-04-21 14:32:19', '2024-04-21 14:32:19'),
(1509, 6, 4, 1, '2024-04-21 14:32:19', '2024-04-21 14:32:19'),
(1510, 8, 4, 1, '2024-04-21 14:32:19', '2024-04-21 14:32:19'),
(1511, 13, 4, 1, '2024-04-21 14:32:19', '2024-04-21 14:32:19'),
(1512, 39, 6, 1, '2024-04-21 14:32:19', '2024-04-21 14:32:19'),
(1513, 45, 2, 1, '2024-04-21 14:32:19', '2024-04-21 14:32:19'),
(1514, 46, 2, 1, '2024-04-21 14:32:19', '2024-04-21 14:32:19'),
(1515, 7, 6, 1, '2024-04-25 16:08:21', '2024-04-25 16:08:21'),
(1516, 9, 6, 1, '2024-04-25 16:08:21', '2024-04-25 16:08:21'),
(1517, 10, 6, 1, '2024-04-25 16:08:21', '2024-04-25 16:08:21'),
(1518, 14, 6, 1, '2024-04-25 16:08:21', '2024-04-25 16:08:21'),
(1519, 15, 6, 1, '2024-04-25 16:08:21', '2024-04-25 16:08:21'),
(1520, 17, 4, 1, '2024-04-25 16:08:21', '2024-04-25 16:08:21'),
(1521, 33, 3, 1, '2024-04-25 16:08:21', '2024-04-25 16:08:21'),
(1522, 38, 6, 1, '2024-04-25 16:08:21', '2024-04-25 16:08:21'),
(1523, 40, 3, 1, '2024-04-25 16:08:21', '2024-04-25 16:08:21'),
(1524, 43, 6, 1, '2024-04-25 16:08:21', '2024-04-25 16:08:21'),
(1525, 47, 3, 1, '2024-04-25 16:08:21', '2024-04-25 16:08:21'),
(1526, 1, 5, 1, '2024-04-25 16:08:42', '2024-04-25 16:08:42'),
(1527, 2, 5, 1, '2024-04-25 16:08:42', '2024-04-25 16:08:42'),
(1528, 4, 5, 1, '2024-04-25 16:08:42', '2024-04-25 16:08:42'),
(1529, 12, 5, 1, '2024-04-25 16:08:42', '2024-04-25 16:08:42'),
(1532, 45, 2, 1, '2024-04-24 22:00:00', '2024-04-25 16:08:48'),
(1533, 46, 2, 1, '2024-04-24 22:00:00', '2024-04-25 16:08:50'),
(1534, 3, 4, 1, '2024-05-01 13:13:27', '2024-05-01 13:13:27'),
(1535, 5, 4, 1, '2024-05-01 13:13:27', '2024-05-01 13:13:27'),
(1536, 6, 4, 1, '2024-05-01 13:13:27', '2024-05-01 13:13:27'),
(1537, 8, 4, 1, '2024-05-01 13:13:27', '2024-05-01 13:13:27'),
(1538, 13, 4, 1, '2024-05-01 13:13:27', '2024-05-01 13:13:27'),
(1539, 33, 3, 1, '2024-05-01 13:13:27', '2024-05-01 13:13:27'),
(1540, 40, 3, 1, '2024-05-01 13:13:27', '2024-05-01 13:13:27'),
(1541, 45, 2, 1, '2024-05-01 13:13:27', '2024-05-01 13:13:27'),
(1542, 46, 2, 1, '2024-05-01 13:13:27', '2024-05-01 13:13:27'),
(1543, 47, 3, 1, '2024-05-01 13:13:27', '2024-05-01 13:13:27'),
(1544, 16, 9, 1, '2024-04-22 22:00:00', '2024-05-02 03:31:15'),
(1545, 37, 9, 1, '2024-04-22 22:00:00', '2024-05-02 03:31:37'),
(1546, 2, 5, 1, '2024-05-05 13:53:31', '2024-05-05 13:53:31'),
(1547, 4, 5, 1, '2024-05-05 13:53:31', '2024-05-05 13:53:31'),
(1548, 11, 7, 1, '2024-05-05 13:53:31', '2024-05-05 13:53:31'),
(1549, 12, 5, 1, '2024-05-05 13:53:31', '2024-05-05 13:53:31'),
(1550, 17, 4, 1, '2024-05-05 13:53:31', '2024-05-05 13:53:31'),
(1551, 37, 6, 1, '2024-05-05 13:53:31', '2024-05-05 13:53:31'),
(1553, 45, 2, 1, '2024-05-05 13:53:31', '2024-05-05 13:53:31'),
(1554, 46, 2, 1, '2024-05-05 13:53:31', '2024-05-05 13:53:31'),
(1555, 39, 9, 1, '2024-05-04 22:00:00', '2024-05-06 05:30:03'),
(1556, 43, 9, 1, '2024-05-07 22:00:00', '2024-05-08 12:54:56'),
(1557, 1, 6, 1, '2024-05-08 15:07:06', '2024-05-08 15:07:06'),
(1558, 7, 6, 1, '2024-05-08 15:07:06', '2024-05-08 15:07:06'),
(1559, 9, 6, 1, '2024-05-08 15:07:06', '2024-05-08 15:07:06'),
(1560, 10, 6, 1, '2024-05-08 15:07:06', '2024-05-08 15:07:06'),
(1561, 14, 6, 1, '2024-05-08 15:07:06', '2024-05-08 15:07:06'),
(1562, 15, 6, 1, '2024-05-08 15:07:06', '2024-05-08 15:07:06'),
(1563, 16, 6, 1, '2024-05-08 15:07:06', '2024-05-08 15:07:06'),
(1564, 33, 3, 1, '2024-05-08 15:07:06', '2024-05-08 15:07:06'),
(1565, 38, 6, 1, '2024-05-08 15:07:06', '2024-05-08 15:07:06'),
(1566, 40, 3, 1, '2024-05-08 15:07:06', '2024-05-08 15:07:06'),
(1567, 47, 3, 1, '2024-05-08 15:07:06', '2024-05-08 15:07:06'),
(1568, 3, 4, 1, '2024-05-11 16:02:26', '2024-05-11 16:02:26'),
(1569, 5, 4, 1, '2024-05-11 16:02:26', '2024-05-11 16:02:26'),
(1570, 6, 5, 1, '2024-05-11 16:02:26', '2024-05-11 16:02:26'),
(1571, 8, 4, 1, '2024-05-11 16:02:26', '2024-05-11 16:02:26'),
(1572, 13, 4, 1, '2024-05-11 16:02:26', '2024-05-11 16:02:26'),
(1573, 45, 2, 1, '2024-05-11 16:02:26', '2024-05-11 16:02:26'),
(1574, 46, 2, 1, '2024-05-11 16:02:26', '2024-05-11 16:02:26'),
(1575, 2, 5, 1, '2024-05-15 16:47:42', '2024-05-15 16:47:42'),
(1576, 4, 5, 1, '2024-05-15 16:47:42', '2024-05-15 16:47:42'),
(1577, 12, 5, 1, '2024-05-15 16:47:42', '2024-05-15 16:47:42'),
(1578, 17, 4, 1, '2024-05-15 16:47:43', '2024-05-15 16:47:43'),
(1579, 33, 3, 1, '2024-05-15 16:47:43', '2024-05-15 16:47:43'),
(1580, 37, 6, 1, '2024-05-15 16:47:43', '2024-05-15 16:47:43'),
(1581, 38, 9, 1, '2024-05-15 16:47:43', '2024-05-15 16:47:43'),
(1582, 39, 6, 1, '2024-05-15 16:47:43', '2024-05-15 16:47:43'),
(1583, 40, 3, 1, '2024-05-15 16:47:43', '2024-05-15 16:47:43'),
(1584, 45, 2, 1, '2024-05-15 16:47:43', '2024-05-15 16:47:43'),
(1585, 46, 2, 1, '2024-05-15 16:47:43', '2024-05-15 16:47:43'),
(1586, 47, 3, 1, '2024-05-15 16:47:43', '2024-05-15 16:47:43'),
(1587, 1, 6, 1, '2024-05-19 17:05:28', '2024-05-19 17:05:28'),
(1588, 3, 4, 1, '2024-05-19 17:05:28', '2024-05-19 17:05:28'),
(1589, 5, 4, 1, '2024-05-19 17:05:28', '2024-05-19 17:05:28'),
(1590, 6, 5, 1, '2024-05-19 17:05:28', '2024-05-19 17:05:28'),
(1591, 7, 6, 1, '2024-05-19 17:05:28', '2024-05-19 17:05:28'),
(1593, 9, 6, 1, '2024-05-19 17:05:28', '2024-05-19 17:05:28'),
(1594, 10, 6, 1, '2024-05-19 17:05:28', '2024-05-19 17:05:28'),
(1595, 13, 4, 1, '2024-05-19 17:05:28', '2024-05-19 17:05:28'),
(1596, 14, 6, 1, '2024-05-19 17:05:28', '2024-05-19 17:05:28'),
(1597, 15, 6, 1, '2024-05-19 17:05:28', '2024-05-19 17:05:28'),
(1598, 16, 6, 1, '2024-05-19 17:05:28', '2024-05-19 17:05:28'),
(1599, 43, 6, 1, '2024-05-19 17:05:28', '2024-05-19 17:05:28'),
(1600, 45, 2, 1, '2024-05-19 17:05:28', '2024-05-19 17:05:28'),
(1601, 46, 2, 1, '2024-05-19 17:05:28', '2024-05-19 17:05:28'),
(1602, 8, 9, 1, '2024-05-18 22:00:00', '2024-05-21 04:01:20'),
(1603, 2, 5, 1, '2024-05-25 15:20:31', '2024-05-25 15:20:31'),
(1604, 4, 5, 1, '2024-05-25 15:20:31', '2024-05-25 15:20:31'),
(1605, 12, 5, 1, '2024-05-25 15:20:31', '2024-05-25 15:20:31'),
(1606, 17, 4, 1, '2024-05-25 15:20:31', '2024-05-25 15:20:31'),
(1607, 33, 4, 1, '2024-05-25 15:20:31', '2024-05-25 15:20:31'),
(1608, 37, 6, 1, '2024-05-25 15:20:31', '2024-05-25 15:20:31'),
(1609, 38, 6, 1, '2024-05-25 15:20:31', '2024-05-25 15:20:31'),
(1610, 39, 6, 1, '2024-05-25 15:20:31', '2024-05-25 15:20:31'),
(1611, 40, 3, 1, '2024-05-25 15:20:31', '2024-05-25 15:20:31'),
(1612, 45, 2, 1, '2024-05-25 15:20:31', '2024-05-25 15:20:31'),
(1613, 46, 3, 1, '2024-05-25 15:20:31', '2024-05-25 15:20:31'),
(1614, 47, 3, 1, '2024-05-25 15:20:31', '2024-05-25 15:20:31'),
(1615, 1, 6, 1, '2024-05-29 16:10:00', '2024-05-29 16:10:00'),
(1616, 3, 4, 1, '2024-05-29 16:10:01', '2024-05-29 16:10:01'),
(1617, 5, 4, 1, '2024-05-29 16:10:01', '2024-05-29 16:10:01'),
(1618, 6, 5, 1, '2024-05-29 16:10:01', '2024-05-29 16:10:01'),
(1619, 7, 6, 1, '2024-05-29 16:10:01', '2024-05-29 16:10:01'),
(1620, 8, 4, 1, '2024-05-29 16:10:01', '2024-05-29 16:10:01'),
(1621, 9, 6, 1, '2024-05-29 16:10:01', '2024-05-29 16:10:01'),
(1622, 10, 6, 1, '2024-05-29 16:10:01', '2024-05-29 16:10:01'),
(1623, 11, 7, 1, '2024-05-29 16:10:01', '2024-05-29 16:10:01'),
(1624, 13, 5, 1, '2024-05-29 16:10:01', '2024-05-29 16:10:01'),
(1625, 14, 6, 1, '2024-05-29 16:10:01', '2024-05-29 16:10:01'),
(1626, 15, 6, 1, '2024-05-29 16:10:01', '2024-05-29 16:10:01'),
(1627, 16, 6, 1, '2024-05-29 16:10:01', '2024-05-29 16:10:01'),
(1628, 43, 6, 1, '2024-05-29 16:10:01', '2024-05-29 16:10:01'),
(1630, 45, 9, 1, '2024-05-29 22:00:00', '2024-05-30 04:59:21'),
(1631, 2, 5, 1, '2024-06-03 16:36:20', '2024-06-03 16:36:20'),
(1632, 4, 5, 1, '2024-06-03 16:36:20', '2024-06-03 16:36:20'),
(1633, 10, 5, 1, '2024-06-03 16:36:20', '2024-06-03 16:36:20'),
(1634, 12, 5, 1, '2024-06-03 16:36:20', '2024-06-03 16:36:20'),
(1635, 17, 4, 1, '2024-06-03 16:36:20', '2024-06-03 16:36:20'),
(1636, 33, 3, 1, '2024-06-03 16:36:20', '2024-06-03 16:36:20'),
(1637, 37, 6, 1, '2024-06-03 16:36:20', '2024-06-03 16:36:20'),
(1638, 38, 6, 1, '2024-06-03 16:36:20', '2024-06-03 16:36:20'),
(1639, 39, 6, 1, '2024-06-03 16:36:20', '2024-06-03 16:36:20'),
(1640, 40, 3, 1, '2024-06-03 16:36:20', '2024-06-03 16:36:20'),
(1642, 47, 3, 1, '2024-06-03 16:36:20', '2024-06-03 16:36:20'),
(1643, 46, 9, 1, '2024-06-02 22:00:00', '2024-06-04 03:24:14'),
(1644, 45, 9, 1, '2024-06-02 22:00:00', '2024-06-04 03:24:51'),
(1645, 1, 6, 1, '2024-06-09 13:55:28', '2024-06-09 13:55:28'),
(1646, 3, 4, 1, '2024-06-09 13:55:28', '2024-06-09 13:55:28'),
(1647, 5, 4, 1, '2024-06-09 13:55:28', '2024-06-09 13:55:28'),
(1648, 6, 5, 1, '2024-06-09 13:55:28', '2024-06-09 13:55:28'),
(1649, 7, 6, 1, '2024-06-09 13:55:28', '2024-06-09 13:55:28'),
(1650, 8, 4, 1, '2024-06-09 13:55:28', '2024-06-09 13:55:28'),
(1651, 9, 6, 1, '2024-06-09 13:55:28', '2024-06-09 13:55:28'),
(1652, 13, 5, 1, '2024-06-09 13:55:28', '2024-06-09 13:55:28'),
(1653, 15, 6, 1, '2024-06-09 13:55:28', '2024-06-09 13:55:28'),
(1654, 16, 6, 1, '2024-06-09 13:55:28', '2024-06-09 13:55:28'),
(1655, 33, 3, 1, '2024-06-09 13:55:28', '2024-06-09 13:55:28'),
(1656, 40, 3, 1, '2024-06-09 13:55:28', '2024-06-09 13:55:28'),
(1657, 43, 6, 1, '2024-06-09 13:55:28', '2024-06-09 13:55:28'),
(1658, 45, 2, 1, '2024-06-09 13:55:28', '2024-06-09 13:55:28'),
(1659, 46, 3, 1, '2024-06-09 13:55:28', '2024-06-09 13:55:28'),
(1660, 47, 3, 1, '2024-06-09 13:55:28', '2024-06-09 13:55:28'),
(1661, 2, 5, 1, '2024-06-14 15:54:16', '2024-06-14 15:54:16'),
(1662, 4, 5, 1, '2024-06-14 15:54:16', '2024-06-14 15:54:16'),
(1663, 10, 6, 1, '2024-06-14 15:54:16', '2024-06-14 15:54:16'),
(1664, 12, 5, 1, '2024-06-14 15:54:16', '2024-06-14 15:54:16'),
(1665, 14, 6, 1, '2024-06-14 15:54:16', '2024-06-14 15:54:16'),
(1666, 17, 4, 1, '2024-06-14 15:54:16', '2024-06-14 15:54:16'),
(1667, 37, 6, 1, '2024-06-14 15:54:16', '2024-06-14 15:54:16');
INSERT INTO `animal_feedings` (`id`, `animal_id`, `feed_id`, `amount`, `created_at`, `updated_at`) VALUES
(1668, 38, 6, 1, '2024-06-14 15:54:16', '2024-06-14 15:54:16'),
(1669, 39, 6, 1, '2024-06-14 15:54:16', '2024-06-14 15:54:16'),
(1670, 45, 2, 1, '2024-06-14 15:54:16', '2024-06-14 15:54:16'),
(1671, 1, 6, 1, '2024-06-19 14:30:09', '2024-06-19 14:30:09'),
(1672, 3, 4, 1, '2024-06-19 14:30:09', '2024-06-19 14:30:09'),
(1673, 5, 5, 1, '2024-06-19 14:30:09', '2024-06-19 14:30:09'),
(1674, 7, 6, 1, '2024-06-19 14:30:09', '2024-06-19 14:30:09'),
(1675, 8, 4, 1, '2024-06-19 14:30:09', '2024-06-19 14:30:09'),
(1676, 9, 6, 1, '2024-06-19 14:30:09', '2024-06-19 14:30:09'),
(1677, 10, 6, 1, '2024-06-19 14:30:09', '2024-06-19 14:30:09'),
(1678, 13, 5, 1, '2024-06-19 14:30:09', '2024-06-19 14:30:09'),
(1679, 15, 6, 1, '2024-06-19 14:30:09', '2024-06-19 14:30:09'),
(1680, 16, 6, 1, '2024-06-19 14:30:09', '2024-06-19 14:30:09'),
(1681, 33, 4, 1, '2024-06-19 14:30:09', '2024-06-19 14:30:09'),
(1682, 40, 3, 1, '2024-06-19 14:30:09', '2024-06-19 14:30:09'),
(1683, 43, 6, 1, '2024-06-19 14:30:09', '2024-06-19 14:30:09'),
(1684, 45, 2, 1, '2024-06-19 14:30:09', '2024-06-19 14:30:09'),
(1685, 46, 3, 1, '2024-06-19 14:30:09', '2024-06-19 14:30:09'),
(1686, 47, 3, 1, '2024-06-19 14:30:09', '2024-06-19 14:30:09'),
(1687, 11, 6, 1, '2024-06-22 22:00:00', '2024-06-23 15:43:47'),
(1688, 17, 5, 1, '2024-06-22 22:00:00', '2024-06-23 15:43:50'),
(1689, 48, 1, 1, '2024-06-24 22:00:00', '2024-06-25 07:19:57'),
(1690, 49, 1, 1, '2024-06-24 22:00:00', '2024-06-25 07:20:03'),
(1691, 50, 1, 1, '2024-06-24 22:00:00', '2024-06-25 07:20:12'),
(1692, 51, 1, 1, '2024-06-24 22:00:00', '2024-06-25 07:20:15'),
(1693, 52, 1, 1, '2024-06-24 22:00:00', '2024-06-25 07:20:21'),
(1694, 53, 1, 1, '2024-06-24 22:00:00', '2024-06-25 07:20:26'),
(1695, 54, 1, 1, '2024-06-24 22:00:00', '2024-06-25 07:20:33'),
(1696, 55, 1, 1, '2024-06-24 22:00:00', '2024-06-25 07:20:37'),
(1697, 57, 1, 1, '2024-06-24 22:00:00', '2024-06-25 07:20:56'),
(1698, 59, 1, 1, '2024-06-24 22:00:00', '2024-06-25 07:21:07'),
(1699, 62, 1, 1, '2024-06-24 22:00:00', '2024-06-25 07:21:28'),
(1700, 45, 2, 1, '2024-06-24 22:00:00', '2024-06-26 10:47:08'),
(1701, 2, 6, 1, '2024-06-26 16:18:06', '2024-06-26 16:18:06'),
(1702, 4, 6, 1, '2024-06-26 16:18:06', '2024-06-26 16:18:06'),
(1703, 6, 6, 1, '2024-06-26 16:18:06', '2024-06-26 16:18:06'),
(1704, 12, 6, 1, '2024-06-26 16:18:06', '2024-06-26 16:18:06'),
(1705, 14, 6, 1, '2024-06-26 16:18:06', '2024-06-26 16:18:06'),
(1706, 37, 6, 1, '2024-06-26 16:18:06', '2024-06-26 16:18:06'),
(1707, 38, 6, 1, '2024-06-26 16:18:06', '2024-06-26 16:18:06'),
(1708, 39, 6, 1, '2024-06-26 16:18:06', '2024-06-26 16:18:06'),
(1709, 40, 3, 1, '2024-06-26 16:18:06', '2024-06-26 16:18:06'),
(1710, 46, 3, 1, '2024-06-26 16:18:06', '2024-06-26 16:18:06'),
(1711, 47, 3, 1, '2024-06-26 16:18:06', '2024-06-26 16:18:06'),
(1712, 58, 1, 1, '2024-06-26 22:00:00', '2024-06-27 03:02:12'),
(1713, 1, 6, 1, '2024-06-30 17:15:15', '2024-06-30 17:15:15'),
(1714, 3, 4, 1, '2024-06-30 17:15:15', '2024-06-30 17:15:15'),
(1715, 5, 5, 1, '2024-06-30 17:15:15', '2024-06-30 17:15:15'),
(1716, 7, 6, 1, '2024-06-30 17:15:15', '2024-06-30 17:15:15'),
(1717, 8, 4, 1, '2024-06-30 17:15:15', '2024-06-30 17:15:15'),
(1718, 9, 6, 1, '2024-06-30 17:15:15', '2024-06-30 17:15:15'),
(1719, 10, 6, 1, '2024-06-30 17:15:15', '2024-06-30 17:15:15'),
(1720, 13, 5, 1, '2024-06-30 17:15:15', '2024-06-30 17:15:15'),
(1721, 15, 6, 1, '2024-06-30 17:15:15', '2024-06-30 17:15:15'),
(1722, 16, 6, 1, '2024-06-30 17:15:15', '2024-06-30 17:15:15'),
(1723, 33, 4, 1, '2024-06-30 17:15:15', '2024-06-30 17:15:15'),
(1724, 43, 6, 1, '2024-06-30 17:15:15', '2024-06-30 17:15:15'),
(1725, 45, 2, 1, '2024-06-30 17:15:15', '2024-06-30 17:15:15'),
(1726, 48, 1, 1, '2024-06-30 17:16:54', '2024-06-30 17:16:54'),
(1727, 49, 1, 1, '2024-06-30 17:16:54', '2024-06-30 17:16:54'),
(1728, 50, 1, 1, '2024-06-30 17:16:54', '2024-06-30 17:16:54'),
(1729, 51, 1, 1, '2024-06-30 17:16:54', '2024-06-30 17:16:54'),
(1730, 52, 1, 1, '2024-06-30 17:16:55', '2024-06-30 17:16:55'),
(1731, 53, 1, 1, '2024-06-30 17:16:55', '2024-06-30 17:16:55'),
(1732, 54, 1, 1, '2024-06-30 17:16:55', '2024-06-30 17:16:55'),
(1733, 55, 1, 1, '2024-06-30 17:16:55', '2024-06-30 17:16:55'),
(1734, 57, 1, 1, '2024-06-30 17:16:55', '2024-06-30 17:16:55'),
(1735, 62, 1, 1, '2024-06-30 17:16:55', '2024-06-30 17:16:55'),
(1736, 64, 1, 1, '2024-06-30 17:16:55', '2024-06-30 17:16:55'),
(1737, 65, 1, 1, '2024-06-30 17:16:55', '2024-06-30 17:16:55'),
(1738, 66, 1, 1, '2024-06-30 17:16:55', '2024-06-30 17:16:55'),
(1739, 68, 1, 1, '2024-06-30 17:16:55', '2024-06-30 17:16:55'),
(1740, 70, 1, 1, '2024-06-30 17:16:55', '2024-06-30 17:16:55'),
(1741, 72, 1, 1, '2024-06-30 17:16:55', '2024-06-30 17:16:55'),
(1742, 73, 1, 1, '2024-06-30 17:16:55', '2024-06-30 17:16:55'),
(1743, 74, 1, 1, '2024-06-30 17:16:55', '2024-06-30 17:16:55'),
(1744, 75, 1, 1, '2024-06-30 17:16:55', '2024-06-30 17:16:55'),
(1745, 76, 1, 1, '2024-06-30 17:16:55', '2024-06-30 17:16:55'),
(1746, 77, 1, 1, '2024-06-30 17:16:55', '2024-06-30 17:16:55'),
(1747, 58, 1, 1, '2024-06-29 22:00:00', '2024-06-30 17:22:18'),
(1749, 59, 1, 1, '2024-06-29 22:00:00', '2024-06-30 17:46:15'),
(1750, 61, 1, 1, '2024-06-29 22:00:00', '2024-06-30 17:46:22'),
(1751, 69, 1, 1, '2024-06-29 22:00:00', '2024-06-30 17:46:26'),
(1752, 71, 1, 1, '2024-06-29 22:00:00', '2024-06-30 17:46:32'),
(1753, 67, 1, 1, '2024-06-29 22:00:00', '2024-07-01 02:51:30'),
(1754, 2, 6, 1, '2024-07-05 15:58:06', '2024-07-05 15:58:06'),
(1755, 4, 6, 1, '2024-07-05 15:58:06', '2024-07-05 15:58:06'),
(1756, 6, 6, 1, '2024-07-05 15:58:06', '2024-07-05 15:58:06'),
(1757, 10, 6, 1, '2024-07-05 15:58:06', '2024-07-05 15:58:06'),
(1758, 11, 6, 1, '2024-07-05 15:58:06', '2024-07-05 15:58:06'),
(1759, 12, 6, 1, '2024-07-05 15:58:06', '2024-07-05 15:58:06'),
(1760, 17, 5, 1, '2024-07-05 15:58:06', '2024-07-05 15:58:06'),
(1761, 37, 6, 1, '2024-07-05 15:58:06', '2024-07-05 15:58:06'),
(1762, 38, 6, 1, '2024-07-05 15:58:06', '2024-07-05 15:58:06'),
(1763, 39, 6, 1, '2024-07-05 15:58:06', '2024-07-05 15:58:06'),
(1764, 40, 3, 1, '2024-07-05 15:58:06', '2024-07-05 15:58:06'),
(1765, 45, 2, 1, '2024-07-05 15:58:06', '2024-07-05 15:58:06'),
(1766, 46, 3, 1, '2024-07-05 15:58:06', '2024-07-05 15:58:06'),
(1767, 47, 3, 1, '2024-07-05 15:58:06', '2024-07-05 15:58:06'),
(1768, 14, 6, 1, '2024-07-04 22:00:00', '2024-07-05 15:58:16'),
(1769, 48, 1, 1, '2024-07-05 15:59:12', '2024-07-05 15:59:12'),
(1770, 49, 1, 1, '2024-07-05 15:59:12', '2024-07-05 15:59:12'),
(1771, 50, 1, 1, '2024-07-05 15:59:12', '2024-07-05 15:59:12'),
(1772, 51, 1, 1, '2024-07-05 15:59:12', '2024-07-05 15:59:12'),
(1773, 52, 1, 1, '2024-07-05 15:59:12', '2024-07-05 15:59:12'),
(1774, 53, 1, 1, '2024-07-05 15:59:12', '2024-07-05 15:59:12'),
(1775, 54, 1, 1, '2024-07-05 15:59:12', '2024-07-05 15:59:12'),
(1776, 55, 1, 1, '2024-07-05 15:59:12', '2024-07-05 15:59:12'),
(1777, 57, 1, 1, '2024-07-05 15:59:12', '2024-07-05 15:59:12'),
(1778, 58, 1, 1, '2024-07-05 15:59:12', '2024-07-05 15:59:12'),
(1779, 59, 1, 1, '2024-07-05 15:59:12', '2024-07-05 15:59:12'),
(1780, 61, 1, 1, '2024-07-05 15:59:12', '2024-07-05 15:59:12'),
(1781, 62, 1, 1, '2024-07-05 15:59:12', '2024-07-05 15:59:12'),
(1782, 64, 1, 1, '2024-07-05 15:59:12', '2024-07-05 15:59:12'),
(1783, 65, 1, 1, '2024-07-05 15:59:12', '2024-07-05 15:59:12'),
(1784, 66, 1, 1, '2024-07-05 15:59:12', '2024-07-05 15:59:12'),
(1785, 69, 1, 1, '2024-07-05 15:59:12', '2024-07-05 15:59:12'),
(1786, 70, 1, 1, '2024-07-05 15:59:12', '2024-07-05 15:59:12'),
(1787, 71, 1, 1, '2024-07-05 15:59:12', '2024-07-05 15:59:12'),
(1788, 72, 1, 1, '2024-07-05 15:59:12', '2024-07-05 15:59:12'),
(1789, 73, 1, 1, '2024-07-05 15:59:12', '2024-07-05 15:59:12'),
(1790, 74, 1, 1, '2024-07-05 15:59:12', '2024-07-05 15:59:12'),
(1791, 75, 1, 1, '2024-07-05 15:59:12', '2024-07-05 15:59:12'),
(1792, 76, 1, 1, '2024-07-05 15:59:12', '2024-07-05 15:59:12'),
(1793, 77, 1, 1, '2024-07-05 15:59:12', '2024-07-05 15:59:12'),
(1794, 68, 1, 1, '2024-07-04 22:00:00', '2024-07-05 16:51:52'),
(1795, 1, 6, 1, '2024-07-10 15:21:42', '2024-07-10 15:21:42'),
(1796, 3, 4, 1, '2024-07-10 15:21:42', '2024-07-10 15:21:42'),
(1797, 5, 5, 1, '2024-07-10 15:21:42', '2024-07-10 15:21:42'),
(1798, 7, 6, 1, '2024-07-10 15:21:42', '2024-07-10 15:21:42'),
(1799, 8, 4, 1, '2024-07-10 15:21:42', '2024-07-10 15:21:42'),
(1800, 9, 6, 1, '2024-07-10 15:21:42', '2024-07-10 15:21:42'),
(1801, 10, 6, 1, '2024-07-10 15:21:42', '2024-07-10 15:21:42'),
(1802, 13, 5, 1, '2024-07-10 15:21:42', '2024-07-10 15:21:42'),
(1803, 15, 6, 1, '2024-07-10 15:21:42', '2024-07-10 15:21:42'),
(1804, 16, 6, 1, '2024-07-10 15:21:42', '2024-07-10 15:21:42'),
(1805, 33, 4, 1, '2024-07-10 15:21:42', '2024-07-10 15:21:42'),
(1806, 43, 6, 1, '2024-07-10 15:21:42', '2024-07-10 15:21:42'),
(1807, 45, 2, 1, '2024-07-10 15:21:42', '2024-07-10 15:21:42'),
(1808, 48, 1, 1, '2024-07-10 15:27:52', '2024-07-10 15:27:52'),
(1809, 50, 1, 1, '2024-07-10 15:27:52', '2024-07-10 15:27:52'),
(1810, 51, 1, 1, '2024-07-10 15:27:52', '2024-07-10 15:27:52'),
(1811, 52, 1, 1, '2024-07-10 15:27:52', '2024-07-10 15:27:52'),
(1812, 53, 1, 1, '2024-07-10 15:27:52', '2024-07-10 15:27:52'),
(1813, 54, 1, 1, '2024-07-10 15:27:52', '2024-07-10 15:27:52'),
(1814, 57, 1, 1, '2024-07-10 15:27:52', '2024-07-10 15:27:52'),
(1815, 59, 1, 1, '2024-07-10 15:27:52', '2024-07-10 15:27:52'),
(1816, 61, 1, 1, '2024-07-10 15:27:52', '2024-07-10 15:27:52'),
(1817, 64, 1, 1, '2024-07-10 15:27:52', '2024-07-10 15:27:52'),
(1818, 65, 1, 1, '2024-07-10 15:27:52', '2024-07-10 15:27:52'),
(1819, 66, 1, 1, '2024-07-10 15:27:52', '2024-07-10 15:27:52'),
(1820, 68, 1, 1, '2024-07-10 15:27:52', '2024-07-10 15:27:52'),
(1821, 69, 1, 1, '2024-07-10 15:27:52', '2024-07-10 15:27:52'),
(1822, 70, 1, 1, '2024-07-10 15:27:52', '2024-07-10 15:27:52'),
(1823, 71, 1, 1, '2024-07-10 15:27:52', '2024-07-10 15:27:52'),
(1824, 72, 1, 1, '2024-07-10 15:27:52', '2024-07-10 15:27:52'),
(1825, 73, 1, 1, '2024-07-10 15:27:52', '2024-07-10 15:27:52'),
(1826, 74, 1, 1, '2024-07-10 15:27:52', '2024-07-10 15:27:52'),
(1827, 75, 1, 1, '2024-07-10 15:27:52', '2024-07-10 15:27:52'),
(1828, 76, 1, 1, '2024-07-10 15:27:52', '2024-07-10 15:27:52'),
(1829, 77, 1, 1, '2024-07-10 15:27:52', '2024-07-10 15:27:52'),
(1831, 56, 1, 1, '2024-07-09 22:00:00', '2024-07-11 05:06:34'),
(1832, 2, 6, 1, '2024-07-15 16:37:46', '2024-07-15 16:37:46'),
(1833, 4, 6, 1, '2024-07-15 16:37:46', '2024-07-15 16:37:46'),
(1834, 6, 6, 1, '2024-07-15 16:37:46', '2024-07-15 16:37:46'),
(1835, 10, 6, 1, '2024-07-15 16:37:46', '2024-07-15 16:37:46'),
(1836, 11, 6, 1, '2024-07-15 16:37:46', '2024-07-15 16:37:46'),
(1837, 12, 6, 1, '2024-07-15 16:37:46', '2024-07-15 16:37:46'),
(1838, 14, 6, 1, '2024-07-15 16:37:46', '2024-07-15 16:37:46'),
(1839, 17, 5, 1, '2024-07-15 16:37:46', '2024-07-15 16:37:46'),
(1840, 37, 6, 1, '2024-07-15 16:37:46', '2024-07-15 16:37:46'),
(1841, 38, 6, 1, '2024-07-15 16:37:46', '2024-07-15 16:37:46'),
(1842, 39, 6, 1, '2024-07-15 16:37:46', '2024-07-15 16:37:46'),
(1843, 40, 3, 1, '2024-07-15 16:37:46', '2024-07-15 16:37:46'),
(1844, 46, 3, 1, '2024-07-15 16:37:46', '2024-07-15 16:37:46'),
(1845, 47, 3, 1, '2024-07-15 16:37:46', '2024-07-15 16:37:46'),
(1846, 50, 1, 1, '2024-07-15 16:38:51', '2024-07-15 16:38:51'),
(1847, 51, 1, 1, '2024-07-15 16:38:51', '2024-07-15 16:38:51'),
(1848, 52, 1, 1, '2024-07-15 16:38:51', '2024-07-15 16:38:51'),
(1849, 53, 1, 1, '2024-07-15 16:38:51', '2024-07-15 16:38:51'),
(1850, 54, 1, 1, '2024-07-15 16:38:51', '2024-07-15 16:38:51'),
(1851, 56, 1, 1, '2024-07-15 16:38:51', '2024-07-15 16:38:51'),
(1852, 57, 1, 1, '2024-07-15 16:38:51', '2024-07-15 16:38:51'),
(1853, 59, 1, 1, '2024-07-15 16:38:51', '2024-07-15 16:38:51'),
(1854, 61, 1, 1, '2024-07-15 16:38:51', '2024-07-15 16:38:51'),
(1855, 64, 1, 1, '2024-07-15 16:38:51', '2024-07-15 16:38:51'),
(1856, 65, 1, 1, '2024-07-15 16:38:51', '2024-07-15 16:38:51'),
(1857, 66, 1, 1, '2024-07-15 16:38:51', '2024-07-15 16:38:51'),
(1858, 68, 1, 1, '2024-07-15 16:38:51', '2024-07-15 16:38:51'),
(1859, 69, 1, 1, '2024-07-15 16:38:51', '2024-07-15 16:38:51'),
(1860, 70, 1, 1, '2024-07-15 16:38:51', '2024-07-15 16:38:51'),
(1861, 71, 1, 1, '2024-07-15 16:38:51', '2024-07-15 16:38:51'),
(1862, 73, 1, 1, '2024-07-15 16:38:51', '2024-07-15 16:38:51'),
(1863, 74, 1, 1, '2024-07-15 16:38:51', '2024-07-15 16:38:51'),
(1864, 75, 1, 1, '2024-07-15 16:38:51', '2024-07-15 16:38:51'),
(1865, 76, 1, 1, '2024-07-15 16:38:51', '2024-07-15 16:38:51'),
(1866, 77, 1, 1, '2024-07-15 16:38:51', '2024-07-15 16:38:51'),
(1867, 3, 4, 1, '2024-07-20 09:40:56', '2024-07-20 09:40:56'),
(1868, 5, 5, 1, '2024-07-20 09:40:56', '2024-07-20 09:40:56'),
(1869, 8, 4, 1, '2024-07-20 09:40:56', '2024-07-20 09:40:56'),
(1870, 13, 5, 1, '2024-07-20 09:40:56', '2024-07-20 09:40:56'),
(1871, 33, 4, 1, '2024-07-20 09:40:56', '2024-07-20 09:40:56'),
(1873, 50, 1, 1, '2024-07-20 09:41:49', '2024-07-20 09:41:49'),
(1874, 51, 1, 1, '2024-07-20 09:41:49', '2024-07-20 09:41:49'),
(1875, 52, 1, 1, '2024-07-20 09:41:49', '2024-07-20 09:41:49'),
(1876, 53, 1, 1, '2024-07-20 09:41:49', '2024-07-20 09:41:49'),
(1877, 54, 1, 1, '2024-07-20 09:41:49', '2024-07-20 09:41:49'),
(1878, 56, 1, 1, '2024-07-20 09:41:49', '2024-07-20 09:41:49'),
(1879, 57, 1, 1, '2024-07-20 09:41:49', '2024-07-20 09:41:49'),
(1880, 59, 1, 1, '2024-07-20 09:41:49', '2024-07-20 09:41:49'),
(1881, 61, 1, 1, '2024-07-20 09:41:49', '2024-07-20 09:41:49'),
(1882, 64, 1, 1, '2024-07-20 09:41:49', '2024-07-20 09:41:49'),
(1883, 65, 1, 1, '2024-07-20 09:41:49', '2024-07-20 09:41:49'),
(1884, 66, 1, 1, '2024-07-20 09:41:49', '2024-07-20 09:41:49'),
(1885, 68, 1, 1, '2024-07-20 09:41:49', '2024-07-20 09:41:49'),
(1886, 69, 1, 1, '2024-07-20 09:41:49', '2024-07-20 09:41:49'),
(1887, 70, 1, 1, '2024-07-20 09:41:49', '2024-07-20 09:41:49'),
(1888, 71, 1, 1, '2024-07-20 09:41:49', '2024-07-20 09:41:49'),
(1889, 73, 1, 1, '2024-07-20 09:41:49', '2024-07-20 09:41:49'),
(1890, 75, 1, 1, '2024-07-20 09:41:49', '2024-07-20 09:41:49'),
(1891, 76, 1, 1, '2024-07-20 09:41:49', '2024-07-20 09:41:49'),
(1892, 77, 1, 1, '2024-07-20 09:41:49', '2024-07-20 09:41:49'),
(1893, 1, 6, 1, '2024-07-22 15:42:02', '2024-07-22 15:42:02'),
(1894, 7, 6, 1, '2024-07-22 15:42:02', '2024-07-22 15:42:02'),
(1895, 9, 6, 1, '2024-07-22 15:42:02', '2024-07-22 15:42:02'),
(1896, 10, 6, 1, '2024-07-22 15:42:02', '2024-07-22 15:42:02'),
(1897, 15, 6, 1, '2024-07-22 15:42:02', '2024-07-22 15:42:02'),
(1898, 16, 6, 1, '2024-07-22 15:42:02', '2024-07-22 15:42:02'),
(1899, 40, 3, 1, '2024-07-22 15:42:02', '2024-07-22 15:42:02'),
(1900, 43, 6, 1, '2024-07-22 15:42:02', '2024-07-22 15:42:02'),
(1901, 46, 3, 1, '2024-07-22 15:42:02', '2024-07-22 15:42:02'),
(1902, 47, 3, 1, '2024-07-22 15:42:02', '2024-07-22 15:42:02'),
(1903, 45, 3, 1, '2024-07-21 22:00:00', '2024-07-23 03:49:22'),
(1904, 2, 6, 1, '2024-07-26 16:01:01', '2024-07-26 16:01:01'),
(1905, 3, 4, 1, '2024-07-26 16:01:01', '2024-07-26 16:01:01'),
(1906, 4, 6, 1, '2024-07-26 16:01:01', '2024-07-26 16:01:01'),
(1907, 6, 6, 1, '2024-07-26 16:01:01', '2024-07-26 16:01:01'),
(1908, 8, 4, 1, '2024-07-26 16:01:01', '2024-07-26 16:01:01'),
(1909, 11, 6, 1, '2024-07-26 16:01:01', '2024-07-26 16:01:01'),
(1910, 12, 6, 1, '2024-07-26 16:01:01', '2024-07-26 16:01:01'),
(1911, 14, 6, 1, '2024-07-26 16:01:01', '2024-07-26 16:01:01'),
(1912, 17, 5, 1, '2024-07-26 16:01:01', '2024-07-26 16:01:01'),
(1913, 33, 4, 1, '2024-07-26 16:01:01', '2024-07-26 16:01:01'),
(1914, 37, 6, 1, '2024-07-26 16:01:01', '2024-07-26 16:01:01'),
(1915, 38, 6, 1, '2024-07-26 16:01:01', '2024-07-26 16:01:01'),
(1916, 39, 6, 1, '2024-07-26 16:01:01', '2024-07-26 16:01:01'),
(1917, 50, 1, 1, '2024-07-26 16:01:19', '2024-07-26 16:01:19'),
(1918, 51, 1, 1, '2024-07-26 16:01:19', '2024-07-26 16:01:19'),
(1919, 52, 1, 1, '2024-07-26 16:01:19', '2024-07-26 16:01:19'),
(1920, 53, 1, 1, '2024-07-26 16:01:19', '2024-07-26 16:01:19'),
(1921, 54, 1, 1, '2024-07-26 16:01:19', '2024-07-26 16:01:19'),
(1922, 56, 1, 1, '2024-07-26 16:01:19', '2024-07-26 16:01:19'),
(1923, 57, 1, 1, '2024-07-26 16:01:19', '2024-07-26 16:01:19'),
(1924, 59, 1, 1, '2024-07-26 16:01:19', '2024-07-26 16:01:19'),
(1925, 61, 1, 1, '2024-07-26 16:01:19', '2024-07-26 16:01:19'),
(1926, 64, 1, 1, '2024-07-26 16:01:19', '2024-07-26 16:01:19'),
(1927, 65, 1, 1, '2024-07-26 16:01:19', '2024-07-26 16:01:19'),
(1928, 66, 1, 1, '2024-07-26 16:01:19', '2024-07-26 16:01:19'),
(1929, 68, 1, 1, '2024-07-26 16:01:19', '2024-07-26 16:01:19'),
(1930, 69, 1, 1, '2024-07-26 16:01:19', '2024-07-26 16:01:19'),
(1931, 70, 1, 1, '2024-07-26 16:01:19', '2024-07-26 16:01:19'),
(1932, 71, 1, 1, '2024-07-26 16:01:19', '2024-07-26 16:01:19'),
(1933, 73, 1, 1, '2024-07-26 16:01:19', '2024-07-26 16:01:19'),
(1934, 74, 1, 1, '2024-07-26 16:01:19', '2024-07-26 16:01:19'),
(1935, 75, 1, 1, '2024-07-26 16:01:19', '2024-07-26 16:01:19'),
(1936, 76, 1, 1, '2024-07-26 16:01:19', '2024-07-26 16:01:19'),
(1937, 77, 1, 1, '2024-07-26 16:01:19', '2024-07-26 16:01:19'),
(1938, 79, 1, 1, '2024-07-26 16:01:19', '2024-07-26 16:01:19'),
(1939, 80, 1, 1, '2024-07-26 16:01:19', '2024-07-26 16:01:19'),
(1940, 81, 1, 1, '2024-07-26 16:01:19', '2024-07-26 16:01:19'),
(1941, 82, 1, 1, '2024-07-26 16:01:19', '2024-07-26 16:01:19'),
(1942, 83, 1, 1, '2024-07-26 16:01:19', '2024-07-26 16:01:19'),
(1943, 84, 1, 1, '2024-07-26 16:01:19', '2024-07-26 16:01:19'),
(1944, 85, 1, 1, '2024-07-26 16:01:19', '2024-07-26 16:01:19'),
(1945, 86, 1, 1, '2024-07-26 16:01:19', '2024-07-26 16:01:19'),
(1946, 87, 1, 1, '2024-07-26 16:01:19', '2024-07-26 16:01:19'),
(1947, 88, 1, 1, '2024-07-26 16:01:19', '2024-07-26 16:01:19'),
(1948, 5, 5, 1, '2024-07-29 16:23:12', '2024-07-29 16:23:12'),
(1949, 10, 6, 1, '2024-07-29 16:23:12', '2024-07-29 16:23:12'),
(1950, 13, 5, 1, '2024-07-29 16:23:12', '2024-07-29 16:23:12'),
(1951, 40, 3, 1, '2024-07-29 16:23:12', '2024-07-29 16:23:12'),
(1952, 45, 3, 1, '2024-07-29 16:23:12', '2024-07-29 16:23:12'),
(1953, 46, 3, 1, '2024-07-29 16:23:12', '2024-07-29 16:23:12'),
(1954, 47, 3, 1, '2024-07-29 16:23:12', '2024-07-29 16:23:12'),
(1955, 1, 6, 1, '2024-07-31 15:51:29', '2024-07-31 15:51:29'),
(1956, 7, 6, 1, '2024-07-31 15:51:29', '2024-07-31 15:51:29'),
(1957, 9, 6, 1, '2024-07-31 15:51:29', '2024-07-31 15:51:29'),
(1958, 15, 6, 1, '2024-07-31 15:51:29', '2024-07-31 15:51:29'),
(1959, 16, 6, 1, '2024-07-31 15:51:29', '2024-07-31 15:51:29'),
(1960, 43, 6, 1, '2024-07-31 15:51:29', '2024-07-31 15:51:29'),
(1961, 50, 1, 1, '2024-07-31 15:51:49', '2024-07-31 15:51:49'),
(1962, 51, 1, 1, '2024-07-31 15:51:49', '2024-07-31 15:51:49'),
(1963, 52, 1, 1, '2024-07-31 15:51:49', '2024-07-31 15:51:49'),
(1964, 53, 1, 1, '2024-07-31 15:51:49', '2024-07-31 15:51:49'),
(1965, 54, 1, 1, '2024-07-31 15:51:49', '2024-07-31 15:51:49'),
(1966, 56, 1, 1, '2024-07-31 15:51:49', '2024-07-31 15:51:49'),
(1967, 57, 1, 1, '2024-07-31 15:51:49', '2024-07-31 15:51:49'),
(1968, 59, 1, 1, '2024-07-31 15:51:49', '2024-07-31 15:51:49'),
(1969, 60, 1, 1, '2024-07-31 15:51:49', '2024-07-31 15:51:49'),
(1970, 64, 1, 1, '2024-07-31 15:51:49', '2024-07-31 15:51:49'),
(1971, 65, 1, 1, '2024-07-31 15:51:49', '2024-07-31 15:51:49'),
(1972, 66, 1, 1, '2024-07-31 15:51:49', '2024-07-31 15:51:49'),
(1973, 68, 1, 1, '2024-07-31 15:51:49', '2024-07-31 15:51:49'),
(1974, 69, 1, 1, '2024-07-31 15:51:49', '2024-07-31 15:51:49'),
(1975, 70, 1, 1, '2024-07-31 15:51:49', '2024-07-31 15:51:49'),
(1976, 71, 1, 1, '2024-07-31 15:51:49', '2024-07-31 15:51:49'),
(1977, 73, 1, 1, '2024-07-31 15:51:49', '2024-07-31 15:51:49'),
(1978, 75, 1, 1, '2024-07-31 15:51:49', '2024-07-31 15:51:49'),
(1979, 76, 1, 1, '2024-07-31 15:51:49', '2024-07-31 15:51:49'),
(1980, 77, 1, 1, '2024-07-31 15:51:49', '2024-07-31 15:51:49'),
(1981, 80, 1, 1, '2024-07-31 15:51:49', '2024-07-31 15:51:49'),
(1982, 81, 1, 1, '2024-07-31 15:51:49', '2024-07-31 15:51:49'),
(1983, 82, 1, 1, '2024-07-31 15:51:49', '2024-07-31 15:51:49'),
(1984, 83, 1, 1, '2024-07-31 15:51:49', '2024-07-31 15:51:49'),
(1985, 84, 1, 1, '2024-07-31 15:51:49', '2024-07-31 15:51:49'),
(1986, 85, 1, 1, '2024-07-31 15:51:49', '2024-07-31 15:51:49'),
(1987, 86, 1, 1, '2024-07-31 15:51:49', '2024-07-31 15:51:49'),
(1988, 87, 1, 1, '2024-07-31 15:51:49', '2024-07-31 15:51:49'),
(1989, 88, 1, 1, '2024-07-31 15:51:49', '2024-07-31 15:51:49'),
(1990, 2, 6, 1, '2024-08-06 16:06:09', '2024-08-06 16:06:09'),
(1991, 3, 4, 1, '2024-08-06 16:06:09', '2024-08-06 16:06:09'),
(1992, 4, 6, 1, '2024-08-06 16:06:09', '2024-08-06 16:06:09'),
(1993, 5, 5, 1, '2024-08-06 16:06:09', '2024-08-06 16:06:09'),
(1994, 6, 6, 1, '2024-08-06 16:06:09', '2024-08-06 16:06:09'),
(1995, 8, 5, 1, '2024-08-06 16:06:09', '2024-08-06 16:06:09'),
(1996, 10, 6, 1, '2024-08-06 16:06:09', '2024-08-06 16:06:09'),
(1997, 11, 6, 1, '2024-08-06 16:06:09', '2024-08-06 16:06:09'),
(1998, 12, 6, 1, '2024-08-06 16:06:09', '2024-08-06 16:06:09'),
(1999, 13, 5, 1, '2024-08-06 16:06:09', '2024-08-06 16:06:09'),
(2000, 14, 6, 1, '2024-08-06 16:06:09', '2024-08-06 16:06:09'),
(2001, 17, 5, 1, '2024-08-06 16:06:09', '2024-08-06 16:06:09'),
(2002, 33, 4, 1, '2024-08-06 16:06:09', '2024-08-06 16:06:09'),
(2003, 37, 6, 1, '2024-08-06 16:06:09', '2024-08-06 16:06:09'),
(2004, 38, 6, 1, '2024-08-06 16:06:09', '2024-08-06 16:06:09'),
(2005, 39, 6, 1, '2024-08-06 16:06:09', '2024-08-06 16:06:09'),
(2006, 40, 3, 1, '2024-08-06 16:06:09', '2024-08-06 16:06:09'),
(2007, 45, 3, 1, '2024-08-06 16:06:09', '2024-08-06 16:06:09'),
(2008, 46, 3, 1, '2024-08-06 16:06:09', '2024-08-06 16:06:09'),
(2009, 47, 3, 1, '2024-08-06 16:06:09', '2024-08-06 16:06:09'),
(2010, 50, 1, 1, '2024-08-06 16:06:30', '2024-08-06 16:06:30'),
(2011, 52, 1, 1, '2024-08-06 16:06:30', '2024-08-06 16:06:30'),
(2012, 53, 1, 1, '2024-08-06 16:06:30', '2024-08-06 16:06:30'),
(2013, 54, 1, 1, '2024-08-06 16:06:30', '2024-08-06 16:06:30'),
(2014, 56, 1, 1, '2024-08-06 16:06:30', '2024-08-06 16:06:30'),
(2015, 57, 1, 1, '2024-08-06 16:06:30', '2024-08-06 16:06:30'),
(2016, 59, 1, 1, '2024-08-06 16:06:30', '2024-08-06 16:06:30'),
(2017, 60, 1, 1, '2024-08-06 16:06:30', '2024-08-06 16:06:30'),
(2018, 64, 1, 1, '2024-08-06 16:06:30', '2024-08-06 16:06:30'),
(2019, 65, 1, 1, '2024-08-06 16:06:30', '2024-08-06 16:06:30'),
(2020, 66, 1, 1, '2024-08-06 16:06:30', '2024-08-06 16:06:30'),
(2021, 68, 1, 1, '2024-08-06 16:06:30', '2024-08-06 16:06:30'),
(2022, 69, 1, 1, '2024-08-06 16:06:30', '2024-08-06 16:06:30'),
(2023, 70, 1, 1, '2024-08-06 16:06:30', '2024-08-06 16:06:30'),
(2024, 71, 1, 1, '2024-08-06 16:06:30', '2024-08-06 16:06:30'),
(2025, 73, 1, 1, '2024-08-06 16:06:30', '2024-08-06 16:06:30'),
(2026, 74, 1, 1, '2024-08-06 16:06:30', '2024-08-06 16:06:30'),
(2027, 76, 1, 1, '2024-08-06 16:06:30', '2024-08-06 16:06:30'),
(2028, 77, 1, 1, '2024-08-06 16:06:30', '2024-08-06 16:06:30'),
(2029, 79, 1, 1, '2024-08-06 16:06:30', '2024-08-06 16:06:30'),
(2030, 80, 1, 1, '2024-08-06 16:06:30', '2024-08-06 16:06:30'),
(2031, 81, 1, 1, '2024-08-06 16:06:30', '2024-08-06 16:06:30'),
(2032, 82, 1, 1, '2024-08-06 16:06:30', '2024-08-06 16:06:30'),
(2033, 83, 1, 1, '2024-08-06 16:06:30', '2024-08-06 16:06:30'),
(2034, 84, 1, 1, '2024-08-06 16:06:30', '2024-08-06 16:06:30'),
(2035, 85, 1, 1, '2024-08-06 16:06:30', '2024-08-06 16:06:30'),
(2036, 86, 1, 1, '2024-08-06 16:06:30', '2024-08-06 16:06:30'),
(2037, 87, 1, 1, '2024-08-06 16:06:30', '2024-08-06 16:06:30'),
(2038, 88, 1, 1, '2024-08-06 16:06:30', '2024-08-06 16:06:30'),
(2039, 1, 6, 1, '2024-08-11 15:07:17', '2024-08-11 15:07:17'),
(2040, 7, 6, 1, '2024-08-11 15:07:17', '2024-08-11 15:07:17'),
(2041, 9, 6, 1, '2024-08-11 15:07:17', '2024-08-11 15:07:17'),
(2042, 10, 6, 1, '2024-08-11 15:07:17', '2024-08-11 15:07:17'),
(2043, 15, 6, 1, '2024-08-11 15:07:17', '2024-08-11 15:07:17'),
(2044, 16, 6, 1, '2024-08-11 15:07:17', '2024-08-11 15:07:17'),
(2045, 40, 3, 1, '2024-08-11 15:07:17', '2024-08-11 15:07:17'),
(2046, 43, 6, 1, '2024-08-11 15:07:17', '2024-08-11 15:07:17'),
(2047, 45, 3, 1, '2024-08-11 15:07:17', '2024-08-11 15:07:17'),
(2048, 46, 3, 1, '2024-08-11 15:07:17', '2024-08-11 15:07:17'),
(2049, 47, 3, 1, '2024-08-11 15:07:17', '2024-08-11 15:07:17'),
(2050, 68, 1, 1, '2024-08-11 15:07:17', '2024-08-11 15:07:17'),
(2051, 69, 1, 1, '2024-08-11 15:07:17', '2024-08-11 15:07:17'),
(2052, 71, 1, 1, '2024-08-11 15:07:17', '2024-08-11 15:07:17'),
(2053, 50, 1, 1, '2024-08-11 15:07:45', '2024-08-11 15:07:45'),
(2054, 52, 1, 1, '2024-08-11 15:07:45', '2024-08-11 15:07:45'),
(2055, 53, 1, 1, '2024-08-11 15:07:45', '2024-08-11 15:07:45'),
(2056, 54, 1, 1, '2024-08-11 15:07:45', '2024-08-11 15:07:45'),
(2057, 56, 1, 1, '2024-08-11 15:07:45', '2024-08-11 15:07:45'),
(2058, 57, 1, 1, '2024-08-11 15:07:45', '2024-08-11 15:07:45'),
(2059, 60, 1, 1, '2024-08-11 15:07:45', '2024-08-11 15:07:45'),
(2061, 64, 1, 1, '2024-08-11 15:07:45', '2024-08-11 15:07:45'),
(2062, 65, 1, 1, '2024-08-11 15:07:45', '2024-08-11 15:07:45'),
(2063, 66, 1, 1, '2024-08-11 15:07:45', '2024-08-11 15:07:45'),
(2065, 70, 1, 1, '2024-08-11 15:07:45', '2024-08-11 15:07:45'),
(2066, 73, 1, 1, '2024-08-11 15:07:45', '2024-08-11 15:07:45'),
(2067, 77, 1, 1, '2024-08-11 15:07:45', '2024-08-11 15:07:45'),
(2068, 79, 1, 1, '2024-08-11 15:07:45', '2024-08-11 15:07:45'),
(2069, 80, 1, 1, '2024-08-11 15:07:45', '2024-08-11 15:07:45'),
(2070, 81, 1, 1, '2024-08-11 15:07:45', '2024-08-11 15:07:45'),
(2071, 82, 1, 1, '2024-08-11 15:07:45', '2024-08-11 15:07:45'),
(2072, 83, 1, 1, '2024-08-11 15:07:45', '2024-08-11 15:07:45'),
(2073, 84, 1, 1, '2024-08-11 15:07:45', '2024-08-11 15:07:45'),
(2074, 85, 1, 1, '2024-08-11 15:07:45', '2024-08-11 15:07:45'),
(2075, 86, 1, 1, '2024-08-11 15:07:45', '2024-08-11 15:07:45'),
(2076, 87, 1, 1, '2024-08-10 22:00:00', '2024-08-12 03:52:46'),
(2077, 88, 9, 1, '2024-08-10 22:00:00', '2024-08-12 03:52:52'),
(2078, 2, 6, 1, '2024-08-16 16:25:20', '2024-08-16 16:25:20'),
(2079, 3, 4, 1, '2024-08-16 16:25:20', '2024-08-16 16:25:20'),
(2080, 4, 6, 1, '2024-08-16 16:25:20', '2024-08-16 16:25:20'),
(2081, 5, 5, 1, '2024-08-16 16:25:20', '2024-08-16 16:25:20'),
(2082, 6, 6, 1, '2024-08-16 16:25:20', '2024-08-16 16:25:20'),
(2083, 8, 5, 1, '2024-08-16 16:25:20', '2024-08-16 16:25:20'),
(2084, 10, 6, 1, '2024-08-16 16:25:20', '2024-08-16 16:25:20'),
(2085, 11, 6, 1, '2024-08-16 16:25:20', '2024-08-16 16:25:20'),
(2086, 12, 6, 1, '2024-08-16 16:25:20', '2024-08-16 16:25:20'),
(2087, 13, 5, 1, '2024-08-16 16:25:20', '2024-08-16 16:25:20'),
(2088, 14, 6, 1, '2024-08-16 16:25:20', '2024-08-16 16:25:20'),
(2089, 17, 5, 1, '2024-08-16 16:25:20', '2024-08-16 16:25:20'),
(2090, 33, 4, 1, '2024-08-16 16:25:20', '2024-08-16 16:25:20'),
(2091, 37, 6, 1, '2024-08-16 16:25:20', '2024-08-16 16:25:20'),
(2092, 38, 6, 1, '2024-08-16 16:25:20', '2024-08-16 16:25:20'),
(2093, 39, 6, 1, '2024-08-16 16:25:20', '2024-08-16 16:25:20'),
(2094, 45, 3, 1, '2024-08-16 16:25:20', '2024-08-16 16:25:20'),
(2095, 46, 3, 1, '2024-08-16 16:25:20', '2024-08-16 16:25:20'),
(2096, 47, 3, 1, '2024-08-16 16:25:20', '2024-08-16 16:25:20'),
(2097, 68, 1, 1, '2024-08-16 16:25:20', '2024-08-16 16:25:20'),
(2098, 69, 1, 1, '2024-08-16 16:25:20', '2024-08-16 16:25:20'),
(2099, 71, 1, 1, '2024-08-16 16:25:20', '2024-08-16 16:25:20'),
(2101, 52, 1, 1, '2024-08-16 16:46:44', '2024-08-16 16:46:44'),
(2102, 53, 1, 1, '2024-08-16 16:46:44', '2024-08-16 16:46:44'),
(2106, 60, 1, 1, '2024-08-16 16:46:44', '2024-08-16 16:46:44'),
(2109, 70, 1, 1, '2024-08-16 16:46:44', '2024-08-16 16:46:44'),
(2121, 50, 1, 1, '2024-08-16 16:46:52', '2024-08-16 16:46:52'),
(2124, 54, 1, 1, '2024-08-16 16:46:52', '2024-08-16 16:46:52'),
(2125, 56, 1, 1, '2024-08-16 16:46:52', '2024-08-16 16:46:52'),
(2126, 57, 1, 1, '2024-08-16 16:46:52', '2024-08-16 16:46:52'),
(2128, 65, 1, 1, '2024-08-16 16:46:52', '2024-08-16 16:46:52'),
(2133, 79, 1, 1, '2024-08-16 16:46:52', '2024-08-16 16:46:52'),
(2134, 80, 1, 1, '2024-08-16 16:46:52', '2024-08-16 16:46:52'),
(2135, 81, 1, 1, '2024-08-16 16:46:52', '2024-08-16 16:46:52'),
(2136, 82, 1, 1, '2024-08-16 16:46:52', '2024-08-16 16:46:52'),
(2137, 83, 1, 1, '2024-08-16 16:46:52', '2024-08-16 16:46:52'),
(2139, 86, 1, 1, '2024-08-16 16:46:52', '2024-08-16 16:46:52'),
(2140, 87, 1, 1, '2024-08-16 16:46:52', '2024-08-16 16:46:52'),
(2150, 66, 1, 1, '2024-08-16 16:47:45', '2024-08-16 16:47:45'),
(2152, 73, 1, 1, '2024-08-16 16:47:45', '2024-08-16 16:47:45'),
(2153, 77, 1, 1, '2024-08-16 16:47:45', '2024-08-16 16:47:45'),
(2159, 85, 1, 1, '2024-08-16 16:47:45', '2024-08-16 16:47:45'),
(2162, 88, 1, 1, '2024-08-16 16:47:45', '2024-08-16 16:47:45'),
(2163, 89, 1, 1, '2024-08-16 16:48:11', '2024-08-16 16:48:11'),
(2164, 91, 1, 1, '2024-08-16 16:48:11', '2024-08-16 16:48:11'),
(2165, 92, 1, 1, '2024-08-16 16:48:11', '2024-08-16 16:48:11'),
(2166, 93, 1, 1, '2024-08-16 16:48:11', '2024-08-16 16:48:11'),
(2167, 94, 1, 1, '2024-08-16 16:48:11', '2024-08-16 16:48:11'),
(2168, 95, 1, 1, '2024-08-16 16:48:11', '2024-08-16 16:48:11'),
(2169, 97, 1, 1, '2024-08-16 16:48:11', '2024-08-16 16:48:11'),
(2170, 98, 1, 1, '2024-08-16 16:48:11', '2024-08-16 16:48:11'),
(2172, 102, 1, 1, '2024-08-16 16:48:11', '2024-08-16 16:48:11'),
(2173, 90, 1, 1, '2024-08-16 22:00:00', '2024-08-17 04:49:35'),
(2174, 1, 6, 1, '2024-08-22 16:02:20', '2024-08-22 16:02:20'),
(2175, 3, 4, 1, '2024-08-22 16:02:20', '2024-08-22 16:02:20'),
(2176, 7, 6, 1, '2024-08-22 16:02:20', '2024-08-22 16:02:20'),
(2177, 9, 6, 1, '2024-08-22 16:02:20', '2024-08-22 16:02:20'),
(2178, 10, 6, 1, '2024-08-22 16:02:20', '2024-08-22 16:02:20'),
(2179, 15, 6, 1, '2024-08-22 16:02:20', '2024-08-22 16:02:20'),
(2180, 16, 6, 1, '2024-08-22 16:02:20', '2024-08-22 16:02:20'),
(2181, 33, 4, 1, '2024-08-22 16:02:20', '2024-08-22 16:02:20'),
(2182, 40, 4, 1, '2024-08-22 16:02:20', '2024-08-22 16:02:20'),
(2183, 43, 6, 1, '2024-08-22 16:02:20', '2024-08-22 16:02:20'),
(2184, 45, 3, 1, '2024-08-22 16:02:20', '2024-08-22 16:02:20'),
(2185, 46, 3, 1, '2024-08-22 16:02:20', '2024-08-22 16:02:20'),
(2186, 47, 3, 1, '2024-08-22 16:02:20', '2024-08-22 16:02:20'),
(2187, 57, 1, 1, '2024-08-22 16:02:20', '2024-08-22 16:02:20'),
(2188, 60, 1, 1, '2024-08-22 16:02:20', '2024-08-22 16:02:20'),
(2189, 68, 1, 1, '2024-08-22 16:02:20', '2024-08-22 16:02:20'),
(2190, 69, 1, 1, '2024-08-22 16:02:20', '2024-08-22 16:02:20'),
(2191, 71, 1, 1, '2024-08-22 16:02:20', '2024-08-22 16:02:20'),
(2192, 50, 1, 1, '2024-08-22 16:03:24', '2024-08-22 16:03:24'),
(2193, 52, 1, 1, '2024-08-22 16:03:24', '2024-08-22 16:03:24'),
(2194, 53, 1, 1, '2024-08-22 16:03:24', '2024-08-22 16:03:24'),
(2195, 54, 1, 1, '2024-08-22 16:03:24', '2024-08-22 16:03:24'),
(2196, 56, 1, 1, '2024-08-22 16:03:24', '2024-08-22 16:03:24'),
(2197, 63, 1, 1, '2024-08-22 16:03:24', '2024-08-22 16:03:24'),
(2198, 65, 1, 1, '2024-08-22 16:03:24', '2024-08-22 16:03:24'),
(2200, 70, 1, 1, '2024-08-22 16:03:24', '2024-08-22 16:03:24'),
(2201, 73, 1, 1, '2024-08-22 16:03:24', '2024-08-22 16:03:24'),
(2202, 77, 1, 1, '2024-08-22 16:03:24', '2024-08-22 16:03:24'),
(2203, 80, 1, 1, '2024-08-22 16:03:24', '2024-08-22 16:03:24'),
(2204, 82, 1, 1, '2024-08-22 16:03:24', '2024-08-22 16:03:24'),
(2205, 83, 1, 1, '2024-08-22 16:03:24', '2024-08-22 16:03:24'),
(2206, 84, 1, 1, '2024-08-22 16:03:24', '2024-08-22 16:03:24'),
(2207, 86, 1, 1, '2024-08-22 16:03:24', '2024-08-22 16:03:24'),
(2208, 87, 1, 1, '2024-08-22 16:03:24', '2024-08-22 16:03:24'),
(2209, 88, 1, 1, '2024-08-22 16:03:24', '2024-08-22 16:03:24'),
(2210, 91, 1, 1, '2024-08-22 16:03:24', '2024-08-22 16:03:24'),
(2211, 81, 1, 1, '2024-08-21 22:00:00', '2024-08-22 16:14:34'),
(2212, 95, 1, 1, '2024-08-21 22:00:00', '2024-08-22 16:15:54'),
(2213, 92, 1, 1, '2024-08-21 22:00:00', '2024-08-23 04:31:38'),
(2214, 102, 1, 1, '2024-08-21 22:00:00', '2024-08-23 04:32:10'),
(2215, 89, 1, 1, '2024-08-21 22:00:00', '2024-08-23 05:16:31'),
(2216, 93, 1, 1, '2024-08-21 22:00:00', '2024-08-23 05:16:57'),
(2217, 94, 1, 1, '2024-08-21 22:00:00', '2024-08-23 05:17:17'),
(2218, 98, 1, 1, '2024-08-21 22:00:00', '2024-08-23 05:17:55'),
(2219, 97, 1, 1, '2024-08-23 22:00:00', '2024-08-24 16:17:34'),
(2220, 101, 1, 1, '2024-08-23 22:00:00', '2024-08-24 16:17:50'),
(2221, 90, 1, 1, '2024-08-23 22:00:00', '2024-08-24 16:18:03'),
(2223, 79, 1, 1, '2024-08-20 22:00:00', '2024-08-24 16:21:51'),
(2224, 85, 1, 1, '2024-08-20 22:00:00', '2024-08-24 16:22:55'),
(2225, 2, 6, 1, '2024-08-26 16:08:05', '2024-08-26 16:08:05'),
(2226, 5, 5, 1, '2024-08-26 16:08:05', '2024-08-26 16:08:05'),
(2227, 6, 6, 1, '2024-08-26 16:08:05', '2024-08-26 16:08:05'),
(2228, 8, 5, 1, '2024-08-26 16:08:05', '2024-08-26 16:08:05'),
(2229, 11, 6, 1, '2024-08-26 16:08:05', '2024-08-26 16:08:05'),
(2230, 12, 6, 1, '2024-08-26 16:08:05', '2024-08-26 16:08:05'),
(2231, 13, 5, 1, '2024-08-26 16:08:05', '2024-08-26 16:08:05'),
(2232, 14, 6, 1, '2024-08-26 16:08:05', '2024-08-26 16:08:05'),
(2233, 17, 5, 1, '2024-08-26 16:08:05', '2024-08-26 16:08:05'),
(2234, 37, 6, 1, '2024-08-26 16:08:05', '2024-08-26 16:08:05'),
(2235, 38, 6, 1, '2024-08-26 16:08:05', '2024-08-26 16:08:05'),
(2236, 39, 6, 1, '2024-08-26 16:08:05', '2024-08-26 16:08:05'),
(2237, 3, 4, 1, '2024-08-28 15:57:18', '2024-08-28 15:57:18'),
(2238, 33, 4, 1, '2024-08-28 15:57:18', '2024-08-28 15:57:18'),
(2239, 40, 4, 1, '2024-08-28 15:57:18', '2024-08-28 15:57:18'),
(2240, 45, 3, 1, '2024-08-28 15:57:18', '2024-08-28 15:57:18'),
(2241, 46, 3, 1, '2024-08-28 15:57:18', '2024-08-28 15:57:18'),
(2242, 47, 3, 1, '2024-08-28 15:57:18', '2024-08-28 15:57:18'),
(2243, 57, 1, 1, '2024-08-28 15:57:18', '2024-08-28 15:57:18'),
(2244, 60, 1, 1, '2024-08-28 15:57:18', '2024-08-28 15:57:18'),
(2245, 68, 1, 1, '2024-08-28 15:57:18', '2024-08-28 15:57:18'),
(2246, 69, 1, 1, '2024-08-28 15:57:18', '2024-08-28 15:57:18'),
(2247, 71, 1, 1, '2024-08-28 15:57:18', '2024-08-28 15:57:18'),
(2248, 50, 1, 1, '2024-08-29 02:57:05', '2024-08-29 02:57:05'),
(2249, 52, 1, 1, '2024-08-29 02:57:05', '2024-08-29 02:57:05'),
(2250, 53, 1, 1, '2024-08-29 02:57:05', '2024-08-29 02:57:05'),
(2251, 54, 1, 1, '2024-08-29 02:57:05', '2024-08-29 02:57:05'),
(2252, 56, 1, 1, '2024-08-29 02:57:05', '2024-08-29 02:57:05'),
(2253, 65, 1, 1, '2024-08-29 02:57:05', '2024-08-29 02:57:05'),
(2254, 67, 1, 1, '2024-08-29 02:57:05', '2024-08-29 02:57:05'),
(2255, 70, 1, 1, '2024-08-29 02:57:05', '2024-08-29 02:57:05'),
(2256, 77, 1, 1, '2024-08-29 02:57:05', '2024-08-29 02:57:05'),
(2257, 79, 1, 1, '2024-08-29 02:57:05', '2024-08-29 02:57:05'),
(2258, 80, 1, 1, '2024-08-29 02:57:05', '2024-08-29 02:57:05'),
(2259, 81, 1, 1, '2024-08-29 02:57:05', '2024-08-29 02:57:05'),
(2260, 82, 1, 1, '2024-08-29 02:57:05', '2024-08-29 02:57:05'),
(2261, 83, 1, 1, '2024-08-29 02:57:05', '2024-08-29 02:57:05'),
(2262, 84, 1, 1, '2024-08-29 02:57:05', '2024-08-29 02:57:05'),
(2263, 86, 1, 1, '2024-08-29 02:57:05', '2024-08-29 02:57:05'),
(2264, 88, 1, 1, '2024-08-29 02:57:05', '2024-08-29 02:57:05'),
(2266, 91, 1, 1, '2024-08-29 02:57:05', '2024-08-29 02:57:05'),
(2267, 92, 1, 1, '2024-08-29 02:57:05', '2024-08-29 02:57:05'),
(2268, 94, 1, 1, '2024-08-29 02:57:05', '2024-08-29 02:57:05'),
(2269, 95, 1, 1, '2024-08-29 02:57:05', '2024-08-29 02:57:05'),
(2270, 98, 1, 1, '2024-08-29 02:57:05', '2024-08-29 02:57:05'),
(2271, 97, 1, 1, '2024-08-27 22:00:00', '2024-08-29 02:58:02'),
(2272, 90, 1, 1, '2024-08-28 22:00:00', '2024-08-29 02:58:21'),
(2274, 102, 1, 1, '2024-08-29 22:00:00', '2024-08-30 15:15:09'),
(2275, 101, 1, 1, '2024-08-29 22:00:00', '2024-08-30 15:15:20'),
(2276, 87, 1, 1, '2024-08-29 22:00:00', '2024-08-30 15:16:22'),
(2277, 85, 1, 1, '2024-08-29 22:00:00', '2024-08-30 15:16:46'),
(2278, 89, 1, 1, '2024-08-29 22:00:00', '2024-08-30 15:17:07'),
(2279, 93, 1, 1, '2024-08-29 22:00:00', '2024-08-30 15:17:44'),
(2280, 1, 6, 1, '2024-09-03 17:02:45', '2024-09-03 17:02:45'),
(2281, 2, 6, 1, '2024-09-03 17:02:45', '2024-09-03 17:02:45'),
(2282, 5, 5, 1, '2024-09-03 17:02:45', '2024-09-03 17:02:45'),
(2283, 7, 6, 1, '2024-09-03 17:02:45', '2024-09-03 17:02:45'),
(2284, 9, 6, 1, '2024-09-03 17:02:45', '2024-09-03 17:02:45'),
(2285, 10, 6, 1, '2024-09-03 17:02:45', '2024-09-03 17:02:45'),
(2286, 13, 5, 1, '2024-09-03 17:02:45', '2024-09-03 17:02:45'),
(2287, 15, 6, 1, '2024-09-03 17:02:45', '2024-09-03 17:02:45'),
(2288, 16, 6, 1, '2024-09-03 17:02:45', '2024-09-03 17:02:45'),
(2289, 17, 5, 1, '2024-09-03 17:02:45', '2024-09-03 17:02:45'),
(2290, 33, 4, 1, '2024-09-03 17:02:45', '2024-09-03 17:02:45'),
(2291, 40, 4, 1, '2024-09-03 17:02:45', '2024-09-03 17:02:45'),
(2292, 45, 3, 1, '2024-09-03 17:02:45', '2024-09-03 17:02:45'),
(2293, 46, 3, 1, '2024-09-03 17:02:45', '2024-09-03 17:02:45'),
(2294, 47, 3, 1, '2024-09-03 17:02:45', '2024-09-03 17:02:45'),
(2295, 57, 1, 1, '2024-09-03 17:02:45', '2024-09-03 17:02:45'),
(2296, 60, 1, 1, '2024-09-03 17:02:45', '2024-09-03 17:02:45'),
(2297, 68, 1, 1, '2024-09-03 17:02:45', '2024-09-03 17:02:45'),
(2298, 69, 1, 1, '2024-09-03 17:02:45', '2024-09-03 17:02:45'),
(2299, 71, 1, 1, '2024-09-03 17:02:45', '2024-09-03 17:02:45'),
(2300, 50, 1, 1, '2024-09-04 06:19:59', '2024-09-05 06:19:59'),
(2301, 52, 1, 1, '2024-09-04 06:19:59', '2024-09-05 06:19:59'),
(2302, 53, 1, 1, '2024-09-04 06:19:59', '2024-09-05 06:19:59'),
(2303, 54, 1, 1, '2024-09-04 06:19:59', '2024-09-05 06:19:59'),
(2304, 56, 1, 1, '2024-09-04 06:19:59', '2024-09-05 06:19:59'),
(2305, 65, 1, 1, '2024-09-04 06:19:59', '2024-09-05 06:19:59'),
(2306, 67, 1, 1, '2024-09-04 06:19:59', '2024-09-05 06:19:59'),
(2307, 70, 1, 1, '2024-09-04 06:19:59', '2024-09-05 06:19:59'),
(2308, 79, 1, 1, '2024-09-04 06:19:59', '2024-09-05 06:19:59'),
(2309, 80, 1, 1, '2024-09-04 06:19:59', '2024-09-05 06:19:59'),
(2310, 81, 1, 1, '2024-09-04 06:19:59', '2024-09-05 06:19:59'),
(2311, 82, 1, 1, '2024-09-04 06:19:59', '2024-09-05 06:19:59'),
(2312, 83, 1, 1, '2024-09-04 06:19:59', '2024-09-05 06:19:59'),
(2313, 84, 1, 1, '2024-09-04 06:19:59', '2024-09-05 06:19:59'),
(2314, 85, 1, 1, '2024-09-04 06:19:59', '2024-09-05 06:19:59'),
(2315, 86, 1, 1, '2024-09-04 06:19:59', '2024-09-05 06:19:59'),
(2316, 87, 1, 1, '2024-09-04 06:19:59', '2024-09-05 06:19:59'),
(2317, 88, 1, 1, '2024-09-04 06:19:59', '2024-09-05 06:19:59'),
(2318, 89, 1, 1, '2024-09-04 06:19:59', '2024-09-05 06:19:59'),
(2319, 90, 1, 1, '2024-09-04 06:19:59', '2024-09-05 06:19:59'),
(2320, 91, 1, 1, '2024-09-04 06:19:59', '2024-09-05 06:19:59'),
(2321, 92, 1, 1, '2024-09-04 06:19:59', '2024-09-05 06:19:59'),
(2322, 93, 1, 1, '2024-09-04 06:19:59', '2024-09-05 06:19:59'),
(2323, 94, 1, 1, '2024-09-04 06:19:59', '2024-09-05 06:19:59'),
(2324, 95, 1, 1, '2024-09-04 06:19:59', '2024-09-05 06:19:59'),
(2325, 97, 1, 1, '2024-09-04 06:19:59', '2024-09-05 06:19:59'),
(2326, 98, 1, 1, '2024-09-04 06:19:59', '2024-09-05 06:19:59'),
(2327, 101, 1, 1, '2024-09-04 06:19:59', '2024-09-05 06:19:59'),
(2328, 102, 1, 1, '2024-09-04 06:19:59', '2024-09-05 06:19:59'),
(2329, 8, 9, 1, '2024-09-02 22:00:00', '2024-09-06 03:40:30'),
(2330, 3, 9, 1, '2024-09-02 22:00:00', '2024-09-06 03:40:54'),
(2331, 6, 6, 1, '2024-09-07 16:23:48', '2024-09-07 16:23:48'),
(2332, 11, 6, 1, '2024-09-07 16:23:48', '2024-09-07 16:23:48'),
(2333, 12, 6, 1, '2024-09-07 16:23:48', '2024-09-07 16:23:48'),
(2334, 14, 6, 1, '2024-09-07 16:23:48', '2024-09-07 16:23:48'),
(2335, 37, 6, 1, '2024-09-07 16:23:48', '2024-09-07 16:23:48'),
(2336, 38, 6, 1, '2024-09-07 16:23:48', '2024-09-07 16:23:48'),
(2337, 39, 6, 1, '2024-09-07 16:23:48', '2024-09-07 16:23:48'),
(2338, 43, 6, 1, '2024-09-07 16:23:48', '2024-09-07 16:23:48'),
(2339, 52, 1, 1, '2024-09-11 17:14:19', '2024-09-12 17:14:19'),
(2340, 53, 1, 1, '2024-09-11 17:14:19', '2024-09-12 17:14:19'),
(2341, 56, 1, 1, '2024-09-11 17:14:19', '2024-09-12 17:14:19'),
(2342, 79, 1, 1, '2024-09-11 17:14:19', '2024-09-12 17:14:19'),
(2343, 80, 1, 1, '2024-09-11 17:14:19', '2024-09-12 17:14:19'),
(2344, 81, 1, 1, '2024-09-11 17:14:19', '2024-09-12 17:14:19'),
(2345, 82, 1, 1, '2024-09-11 17:14:19', '2024-09-12 17:14:19'),
(2346, 83, 1, 1, '2024-09-11 17:14:19', '2024-09-12 17:14:19'),
(2347, 84, 1, 1, '2024-09-11 17:14:19', '2024-09-12 17:14:19'),
(2348, 86, 1, 1, '2024-09-11 17:14:19', '2024-09-12 17:14:19'),
(2349, 87, 1, 1, '2024-09-11 17:14:19', '2024-09-12 17:14:19'),
(2350, 88, 1, 1, '2024-09-11 17:14:19', '2024-09-12 17:14:19'),
(2351, 89, 1, 1, '2024-09-11 17:14:19', '2024-09-12 17:14:19'),
(2352, 92, 1, 1, '2024-09-11 17:14:19', '2024-09-12 17:14:19'),
(2353, 93, 1, 1, '2024-09-11 17:14:19', '2024-09-12 17:14:19'),
(2354, 94, 1, 1, '2024-09-11 17:14:19', '2024-09-12 17:14:19'),
(2355, 95, 1, 1, '2024-09-11 17:14:19', '2024-09-12 17:14:19'),
(2356, 97, 1, 1, '2024-09-11 17:14:19', '2024-09-12 17:14:19'),
(2357, 98, 1, 1, '2024-09-11 17:14:19', '2024-09-12 17:14:19'),
(2358, 101, 1, 1, '2024-09-11 17:14:19', '2024-09-12 17:14:19'),
(2359, 102, 1, 1, '2024-09-11 17:14:19', '2024-09-12 17:14:19'),
(2360, 1, 6, 1, '2024-09-12 17:17:11', '2024-09-12 17:17:11'),
(2361, 2, 6, 1, '2024-09-12 17:17:11', '2024-09-12 17:17:11'),
(2362, 3, 4, 1, '2024-09-12 17:17:11', '2024-09-12 17:17:11'),
(2363, 5, 5, 1, '2024-09-12 17:17:11', '2024-09-12 17:17:11'),
(2364, 7, 6, 1, '2024-09-12 17:17:11', '2024-09-12 17:17:11'),
(2365, 8, 5, 1, '2024-09-12 17:17:11', '2024-09-12 17:17:11'),
(2366, 9, 6, 1, '2024-09-12 17:17:11', '2024-09-12 17:17:11'),
(2367, 10, 6, 1, '2024-09-12 17:17:11', '2024-09-12 17:17:11'),
(2368, 13, 5, 1, '2024-09-12 17:17:11', '2024-09-12 17:17:11'),
(2369, 15, 6, 1, '2024-09-12 17:17:11', '2024-09-12 17:17:11'),
(2370, 16, 6, 1, '2024-09-12 17:17:11', '2024-09-12 17:17:11'),
(2371, 17, 5, 1, '2024-09-12 17:17:11', '2024-09-12 17:17:11'),
(2372, 33, 4, 1, '2024-09-12 17:17:11', '2024-09-12 17:17:11'),
(2373, 40, 4, 1, '2024-09-12 17:17:11', '2024-09-12 17:17:11'),
(2374, 45, 3, 1, '2024-09-12 17:17:11', '2024-09-12 17:17:11'),
(2375, 46, 3, 1, '2024-09-12 17:17:11', '2024-09-12 17:17:11'),
(2376, 47, 3, 1, '2024-09-12 17:17:11', '2024-09-12 17:17:11'),
(2377, 57, 1, 1, '2024-09-12 17:17:11', '2024-09-12 17:17:11'),
(2378, 60, 1, 1, '2024-09-12 17:17:11', '2024-09-12 17:17:11'),
(2379, 68, 1, 1, '2024-09-12 17:17:11', '2024-09-12 17:17:11'),
(2380, 69, 1, 1, '2024-09-12 17:17:11', '2024-09-12 17:17:11'),
(2381, 71, 1, 1, '2024-09-12 17:17:11', '2024-09-12 17:17:11'),
(2382, 91, 1, 1, '2024-09-12 17:17:11', '2024-09-12 17:17:11'),
(2383, 3, 4, 1, '2024-09-20 15:42:33', '2024-09-20 15:42:33'),
(2384, 5, 5, 1, '2024-09-20 15:42:33', '2024-09-20 15:42:33'),
(2385, 6, 6, 1, '2024-09-20 15:42:33', '2024-09-20 15:42:33'),
(2386, 8, 5, 1, '2024-09-20 15:42:33', '2024-09-20 15:42:33'),
(2387, 11, 6, 1, '2024-09-20 15:42:33', '2024-09-20 15:42:33'),
(2388, 12, 6, 1, '2024-09-20 15:42:33', '2024-09-20 15:42:33'),
(2389, 13, 5, 1, '2024-09-20 15:42:33', '2024-09-20 15:42:33'),
(2390, 14, 6, 1, '2024-09-20 15:42:33', '2024-09-20 15:42:33'),
(2391, 17, 5, 1, '2024-09-20 15:42:33', '2024-09-20 15:42:33'),
(2392, 33, 4, 1, '2024-09-20 15:42:33', '2024-09-20 15:42:33'),
(2393, 37, 6, 1, '2024-09-20 15:42:33', '2024-09-20 15:42:33'),
(2394, 38, 6, 1, '2024-09-20 15:42:33', '2024-09-20 15:42:33'),
(2395, 39, 6, 1, '2024-09-20 15:42:33', '2024-09-20 15:42:33'),
(2396, 40, 4, 1, '2024-09-20 15:42:33', '2024-09-20 15:42:33'),
(2397, 43, 6, 1, '2024-09-20 15:42:33', '2024-09-20 15:42:33'),
(2398, 45, 3, 1, '2024-09-20 15:42:33', '2024-09-20 15:42:33'),
(2399, 46, 3, 1, '2024-09-20 15:42:33', '2024-09-20 15:42:33'),
(2400, 47, 3, 1, '2024-09-20 15:42:33', '2024-09-20 15:42:33'),
(2401, 57, 1, 1, '2024-09-20 15:42:33', '2024-09-20 15:42:33'),
(2402, 60, 1, 1, '2024-09-20 15:42:33', '2024-09-20 15:42:33'),
(2403, 68, 1, 1, '2024-09-20 15:42:33', '2024-09-20 15:42:33'),
(2404, 69, 1, 1, '2024-09-20 15:42:33', '2024-09-20 15:42:33'),
(2405, 71, 1, 1, '2024-09-20 15:42:33', '2024-09-20 15:42:33'),
(2406, 91, 1, 1, '2024-09-20 15:42:33', '2024-09-20 15:42:33'),
(2407, 53, 1, 1, '2024-09-20 15:42:40', '2024-09-20 15:42:40'),
(2408, 56, 1, 1, '2024-09-20 15:42:40', '2024-09-20 15:42:40'),
(2409, 79, 1, 1, '2024-09-20 15:42:40', '2024-09-20 15:42:40'),
(2410, 80, 1, 1, '2024-09-20 15:42:40', '2024-09-20 15:42:40'),
(2411, 81, 1, 1, '2024-09-20 15:42:40', '2024-09-20 15:42:40'),
(2412, 82, 1, 1, '2024-09-20 15:42:40', '2024-09-20 15:42:40'),
(2413, 83, 1, 1, '2024-09-20 15:42:40', '2024-09-20 15:42:40'),
(2414, 84, 1, 1, '2024-09-20 15:42:40', '2024-09-20 15:42:40'),
(2415, 86, 1, 1, '2024-09-20 15:42:40', '2024-09-20 15:42:40'),
(2416, 87, 1, 1, '2024-09-20 15:42:40', '2024-09-20 15:42:40'),
(2417, 89, 1, 1, '2024-09-20 15:42:40', '2024-09-20 15:42:40'),
(2418, 92, 1, 1, '2024-09-20 15:42:40', '2024-09-20 15:42:40'),
(2419, 93, 1, 1, '2024-09-20 15:42:40', '2024-09-20 15:42:40'),
(2420, 94, 1, 1, '2024-09-20 15:42:40', '2024-09-20 15:42:40'),
(2421, 95, 1, 1, '2024-09-20 15:42:40', '2024-09-20 15:42:40'),
(2423, 97, 1, 1, '2024-09-20 15:42:40', '2024-09-20 15:42:40'),
(2424, 98, 1, 1, '2024-09-20 15:42:40', '2024-09-20 15:42:40'),
(2426, 102, 1, 1, '2024-09-20 15:42:40', '2024-09-20 15:42:40'),
(2427, 1, 6, 1, '2024-09-26 22:00:00', '2024-09-27 15:49:16'),
(2428, 2, 6, 1, '2024-09-26 22:00:00', '2024-09-27 15:49:19'),
(2429, 7, 6, 1, '2024-09-26 22:00:00', '2024-09-27 15:49:21'),
(2430, 9, 6, 1, '2024-09-26 22:00:00', '2024-09-27 15:49:23'),
(2431, 10, 6, 1, '2024-09-26 22:00:00', '2024-09-27 15:49:25'),
(2432, 15, 6, 1, '2024-09-26 22:00:00', '2024-09-27 15:49:27'),
(2433, 16, 6, 1, '2024-09-26 22:00:00', '2024-09-27 15:49:30'),
(2434, 53, 1, 1, '2024-09-30 16:55:21', '2024-09-30 16:55:21'),
(2435, 56, 1, 1, '2024-09-30 16:55:21', '2024-09-30 16:55:21'),
(2436, 79, 1, 1, '2024-09-30 16:55:21', '2024-09-30 16:55:21'),
(2437, 80, 1, 1, '2024-09-30 16:55:21', '2024-09-30 16:55:21'),
(2438, 81, 1, 1, '2024-09-30 16:55:21', '2024-09-30 16:55:21'),
(2439, 82, 1, 1, '2024-09-30 16:55:21', '2024-09-30 16:55:21'),
(2440, 83, 1, 1, '2024-09-30 16:55:21', '2024-09-30 16:55:21'),
(2441, 84, 1, 1, '2024-09-30 16:55:21', '2024-09-30 16:55:21'),
(2442, 86, 1, 1, '2024-09-30 16:55:21', '2024-09-30 16:55:21'),
(2443, 87, 1, 1, '2024-09-30 16:55:21', '2024-09-30 16:55:21'),
(2444, 89, 1, 1, '2024-09-30 16:55:21', '2024-09-30 16:55:21'),
(2445, 92, 1, 1, '2024-09-30 16:55:21', '2024-09-30 16:55:21'),
(2446, 93, 1, 1, '2024-09-30 16:55:21', '2024-09-30 16:55:21'),
(2447, 94, 1, 1, '2024-09-30 16:55:21', '2024-09-30 16:55:21'),
(2448, 95, 1, 1, '2024-09-30 16:55:21', '2024-09-30 16:55:21'),
(2449, 97, 1, 1, '2024-09-30 16:55:21', '2024-09-30 16:55:21'),
(2450, 98, 1, 1, '2024-09-30 16:55:21', '2024-09-30 16:55:21'),
(2451, 99, 1, 1, '2024-09-30 16:55:21', '2024-09-30 16:55:21'),
(2452, 102, 1, 1, '2024-09-30 16:55:21', '2024-09-30 16:55:21'),
(2453, 57, 1, 1, '2024-09-30 16:55:35', '2024-09-30 16:55:35'),
(2454, 60, 1, 1, '2024-09-30 16:55:35', '2024-09-30 16:55:35'),
(2455, 68, 1, 1, '2024-09-30 16:55:35', '2024-09-30 16:55:35'),
(2456, 69, 1, 1, '2024-09-30 16:55:35', '2024-09-30 16:55:35'),
(2457, 71, 1, 1, '2024-09-30 16:55:35', '2024-09-30 16:55:35'),
(2458, 91, 1, 1, '2024-09-30 16:55:35', '2024-09-30 16:55:35'),
(2459, 3, 4, 1, '2024-10-02 16:15:29', '2024-10-02 16:15:29'),
(2460, 5, 5, 1, '2024-10-02 16:15:29', '2024-10-02 16:15:29'),
(2461, 6, 6, 1, '2024-10-02 16:15:29', '2024-10-02 16:15:29'),
(2462, 8, 5, 1, '2024-10-02 16:15:29', '2024-10-02 16:15:29'),
(2463, 11, 6, 1, '2024-10-02 16:15:29', '2024-10-02 16:15:29'),
(2464, 12, 6, 1, '2024-10-02 16:15:29', '2024-10-02 16:15:29'),
(2465, 13, 5, 1, '2024-10-02 16:15:29', '2024-10-02 16:15:29'),
(2466, 14, 6, 1, '2024-10-02 16:15:29', '2024-10-02 16:15:29'),
(2467, 17, 5, 1, '2024-10-02 16:15:29', '2024-10-02 16:15:29'),
(2468, 33, 4, 1, '2024-10-02 16:15:29', '2024-10-02 16:15:29'),
(2469, 37, 6, 1, '2024-10-02 16:15:29', '2024-10-02 16:15:29'),
(2470, 38, 6, 1, '2024-10-02 16:15:29', '2024-10-02 16:15:29'),
(2471, 39, 6, 1, '2024-10-02 16:15:29', '2024-10-02 16:15:29'),
(2472, 40, 4, 1, '2024-10-02 16:15:29', '2024-10-02 16:15:29'),
(2473, 43, 6, 1, '2024-10-02 16:15:29', '2024-10-02 16:15:29'),
(2474, 45, 3, 1, '2024-10-02 16:15:29', '2024-10-02 16:15:29'),
(2475, 46, 3, 1, '2024-10-02 16:15:29', '2024-10-02 16:15:29'),
(2476, 47, 3, 1, '2024-10-02 16:15:29', '2024-10-02 16:15:29'),
(2477, 53, 1, 1, '2024-10-07 15:12:54', '2024-10-07 15:12:54'),
(2478, 79, 1, 1, '2024-10-07 15:12:54', '2024-10-07 15:12:54'),
(2479, 80, 1, 1, '2024-10-07 15:12:54', '2024-10-07 15:12:54'),
(2480, 81, 1, 1, '2024-10-07 15:12:54', '2024-10-07 15:12:54'),
(2481, 82, 1, 1, '2024-10-07 15:12:54', '2024-10-07 15:12:54'),
(2482, 83, 1, 1, '2024-10-07 15:12:54', '2024-10-07 15:12:54'),
(2483, 84, 1, 1, '2024-10-07 15:12:54', '2024-10-07 15:12:54'),
(2484, 86, 1, 1, '2024-10-07 15:12:54', '2024-10-07 15:12:54'),
(2485, 87, 1, 1, '2024-10-07 15:12:54', '2024-10-07 15:12:54'),
(2486, 89, 1, 1, '2024-10-07 15:12:54', '2024-10-07 15:12:54'),
(2487, 92, 1, 1, '2024-10-07 15:12:54', '2024-10-07 15:12:54'),
(2488, 93, 1, 1, '2024-10-07 15:12:54', '2024-10-07 15:12:54'),
(2489, 94, 1, 1, '2024-10-07 15:12:54', '2024-10-07 15:12:54'),
(2490, 95, 1, 1, '2024-10-07 15:12:54', '2024-10-07 15:12:54'),
(2491, 97, 1, 1, '2024-10-07 15:12:54', '2024-10-07 15:12:54'),
(2492, 98, 1, 1, '2024-10-07 15:12:54', '2024-10-07 15:12:54'),
(2493, 99, 1, 1, '2024-10-07 15:12:54', '2024-10-07 15:12:54'),
(2494, 102, 1, 1, '2024-10-07 15:12:54', '2024-10-07 15:12:54'),
(2495, 57, 1, 1, '2024-10-07 15:13:02', '2024-10-07 15:13:02'),
(2496, 60, 1, 1, '2024-10-07 15:13:02', '2024-10-07 15:13:02'),
(2497, 68, 1, 1, '2024-10-07 15:13:02', '2024-10-07 15:13:02'),
(2498, 69, 1, 1, '2024-10-07 15:13:02', '2024-10-07 15:13:02'),
(2499, 71, 1, 1, '2024-10-07 15:13:02', '2024-10-07 15:13:02'),
(2500, 91, 1, 1, '2024-10-07 15:13:02', '2024-10-07 15:13:02'),
(2501, 1, 6, 1, '2024-10-11 13:06:24', '2024-10-11 13:06:24'),
(2502, 2, 6, 1, '2024-10-11 13:06:24', '2024-10-11 13:06:24'),
(2503, 3, 4, 1, '2024-10-11 13:06:24', '2024-10-11 13:06:24'),
(2504, 5, 5, 1, '2024-10-11 13:06:24', '2024-10-11 13:06:24'),
(2505, 7, 6, 1, '2024-10-11 13:06:24', '2024-10-11 13:06:24'),
(2506, 8, 5, 1, '2024-10-11 13:06:24', '2024-10-11 13:06:24'),
(2507, 9, 6, 1, '2024-10-11 13:06:24', '2024-10-11 13:06:24'),
(2508, 10, 6, 1, '2024-10-11 13:06:24', '2024-10-11 13:06:24'),
(2509, 11, 6, 1, '2024-10-11 13:06:24', '2024-10-11 13:06:24'),
(2510, 13, 5, 1, '2024-10-11 13:06:24', '2024-10-11 13:06:24'),
(2511, 15, 6, 1, '2024-10-11 13:06:24', '2024-10-11 13:06:24'),
(2512, 16, 6, 1, '2024-10-11 13:06:24', '2024-10-11 13:06:24'),
(2513, 17, 5, 1, '2024-10-11 13:06:24', '2024-10-11 13:06:24'),
(2514, 33, 4, 1, '2024-10-11 13:06:24', '2024-10-11 13:06:24'),
(2515, 40, 4, 1, '2024-10-11 13:06:24', '2024-10-11 13:06:24'),
(2516, 45, 3, 1, '2024-10-11 13:06:24', '2024-10-11 13:06:24'),
(2517, 46, 3, 1, '2024-10-11 13:06:24', '2024-10-11 13:06:24'),
(2518, 47, 3, 1, '2024-10-11 13:06:24', '2024-10-11 13:06:24'),
(2519, 53, 1, 1, '2024-10-11 13:18:17', '2024-10-11 13:18:17'),
(2520, 79, 1, 1, '2024-10-11 13:18:17', '2024-10-11 13:18:17'),
(2521, 80, 1, 1, '2024-10-11 13:18:17', '2024-10-11 13:18:17'),
(2522, 81, 1, 1, '2024-10-11 13:18:17', '2024-10-11 13:18:17'),
(2523, 82, 1, 1, '2024-10-11 13:18:17', '2024-10-11 13:18:17'),
(2524, 83, 1, 1, '2024-10-11 13:18:17', '2024-10-11 13:18:17'),
(2525, 84, 1, 1, '2024-10-11 13:18:17', '2024-10-11 13:18:17'),
(2526, 86, 1, 1, '2024-10-11 13:18:17', '2024-10-11 13:18:17'),
(2527, 87, 1, 1, '2024-10-11 13:18:17', '2024-10-11 13:18:17');
INSERT INTO `animal_feedings` (`id`, `animal_id`, `feed_id`, `amount`, `created_at`, `updated_at`) VALUES
(2528, 89, 1, 1, '2024-10-11 13:18:17', '2024-10-11 13:18:17'),
(2529, 92, 1, 1, '2024-10-11 13:18:17', '2024-10-11 13:18:17'),
(2530, 93, 1, 1, '2024-10-11 13:18:17', '2024-10-11 13:18:17'),
(2531, 94, 1, 1, '2024-10-11 13:18:17', '2024-10-11 13:18:17'),
(2532, 95, 1, 1, '2024-10-11 13:18:17', '2024-10-11 13:18:17'),
(2533, 97, 1, 1, '2024-10-11 13:18:17', '2024-10-11 13:18:17'),
(2534, 98, 1, 1, '2024-10-11 13:18:17', '2024-10-11 13:18:17'),
(2535, 99, 1, 1, '2024-10-11 13:18:17', '2024-10-11 13:18:17'),
(2536, 102, 1, 1, '2024-10-11 13:18:17', '2024-10-11 13:18:17'),
(2537, 57, 1, 1, '2024-10-10 22:00:00', '2024-10-16 04:33:23'),
(2538, 60, 1, 1, '2024-10-10 22:00:00', '2024-10-16 04:33:27'),
(2539, 68, 1, 1, '2024-10-10 22:00:00', '2024-10-16 04:33:30'),
(2540, 69, 1, 1, '2024-10-10 22:00:00', '2024-10-16 04:33:34'),
(2541, 71, 1, 1, '2024-10-10 22:00:00', '2024-10-16 04:33:38'),
(2542, 91, 1, 1, '2024-10-10 22:00:00', '2024-10-16 04:33:42'),
(2543, 6, 6, 1, '2024-10-17 15:47:23', '2024-10-17 15:47:23'),
(2544, 12, 6, 1, '2024-10-17 15:47:23', '2024-10-17 15:47:23'),
(2545, 14, 6, 1, '2024-10-17 15:47:23', '2024-10-17 15:47:23'),
(2546, 37, 6, 1, '2024-10-17 15:47:23', '2024-10-17 15:47:23'),
(2547, 38, 6, 1, '2024-10-17 15:47:23', '2024-10-17 15:47:23'),
(2548, 39, 6, 1, '2024-10-17 15:47:23', '2024-10-17 15:47:23'),
(2549, 43, 6, 1, '2024-10-17 15:47:23', '2024-10-17 15:47:23'),
(2550, 3, 4, 1, '2024-10-19 17:07:45', '2024-10-19 17:07:45'),
(2551, 5, 5, 1, '2024-10-19 17:07:45', '2024-10-19 17:07:45'),
(2552, 8, 5, 1, '2024-10-19 17:07:45', '2024-10-19 17:07:45'),
(2553, 13, 5, 1, '2024-10-19 17:07:45', '2024-10-19 17:07:45'),
(2554, 17, 5, 1, '2024-10-19 17:07:45', '2024-10-19 17:07:45'),
(2555, 33, 4, 1, '2024-10-19 17:07:45', '2024-10-19 17:07:45'),
(2556, 40, 4, 1, '2024-10-19 17:07:45', '2024-10-19 17:07:45'),
(2557, 45, 3, 1, '2024-10-19 17:07:45', '2024-10-19 17:07:45'),
(2558, 46, 3, 1, '2024-10-19 17:07:45', '2024-10-19 17:07:45'),
(2559, 47, 3, 1, '2024-10-19 17:07:45', '2024-10-19 17:07:45'),
(2560, 57, 1, 1, '2024-10-19 17:07:45', '2024-10-19 17:07:45'),
(2561, 60, 1, 1, '2024-10-19 17:07:45', '2024-10-19 17:07:45'),
(2562, 68, 1, 1, '2024-10-19 17:07:45', '2024-10-19 17:07:45'),
(2563, 69, 1, 1, '2024-10-19 17:07:45', '2024-10-19 17:07:45'),
(2564, 71, 1, 1, '2024-10-19 17:07:45', '2024-10-19 17:07:45'),
(2565, 91, 1, 1, '2024-10-19 17:07:45', '2024-10-19 17:07:45'),
(2566, 53, 1, 1, '2024-10-19 17:07:55', '2024-10-19 17:07:55'),
(2567, 80, 1, 1, '2024-10-19 17:07:55', '2024-10-19 17:07:55'),
(2568, 82, 1, 1, '2024-10-19 17:07:55', '2024-10-19 17:07:55'),
(2569, 84, 1, 1, '2024-10-19 17:07:55', '2024-10-19 17:07:55'),
(2570, 86, 1, 1, '2024-10-19 17:07:55', '2024-10-19 17:07:55'),
(2571, 87, 1, 1, '2024-10-19 17:07:55', '2024-10-19 17:07:55'),
(2572, 89, 1, 1, '2024-10-19 17:07:55', '2024-10-19 17:07:55'),
(2573, 92, 1, 1, '2024-10-19 17:07:55', '2024-10-19 17:07:55'),
(2574, 93, 1, 1, '2024-10-19 17:07:55', '2024-10-19 17:07:55'),
(2575, 94, 1, 1, '2024-10-19 17:07:55', '2024-10-19 17:07:55'),
(2576, 95, 1, 1, '2024-10-19 17:07:55', '2024-10-19 17:07:55'),
(2577, 97, 1, 1, '2024-10-19 17:07:55', '2024-10-19 17:07:55'),
(2578, 98, 1, 1, '2024-10-19 17:07:55', '2024-10-19 17:07:55'),
(2579, 99, 1, 1, '2024-10-19 17:07:55', '2024-10-19 17:07:55'),
(2580, 102, 1, 1, '2024-10-19 17:07:55', '2024-10-19 17:07:55'),
(2581, 81, 1, 1, '2024-10-17 22:00:00', '2024-10-19 17:08:15'),
(2582, 79, 1, 1, '2024-10-17 22:00:00', '2024-10-19 17:08:19'),
(2583, 1, 6, 1, '2024-10-25 16:08:41', '2024-10-25 16:08:41'),
(2584, 2, 6, 1, '2024-10-25 16:08:41', '2024-10-25 16:08:41'),
(2585, 7, 6, 1, '2024-10-25 16:08:41', '2024-10-25 16:08:41'),
(2586, 9, 6, 1, '2024-10-25 16:08:41', '2024-10-25 16:08:41'),
(2587, 10, 6, 1, '2024-10-25 16:08:41', '2024-10-25 16:08:41'),
(2588, 11, 6, 1, '2024-10-25 16:08:41', '2024-10-25 16:08:41'),
(2589, 15, 6, 1, '2024-10-25 16:08:41', '2024-10-25 16:08:41'),
(2590, 16, 6, 1, '2024-10-25 16:08:41', '2024-10-25 16:08:41'),
(2591, 45, 3, 1, '2024-10-25 16:08:41', '2024-10-25 16:08:41'),
(2592, 46, 3, 1, '2024-10-25 16:08:41', '2024-10-25 16:08:41'),
(2593, 47, 3, 1, '2024-10-25 16:08:41', '2024-10-25 16:08:41'),
(2594, 57, 1, 1, '2024-10-25 16:08:41', '2024-10-25 16:08:41'),
(2595, 60, 1, 1, '2024-10-25 16:08:41', '2024-10-25 16:08:41'),
(2596, 68, 1, 1, '2024-10-25 16:08:41', '2024-10-25 16:08:41'),
(2597, 69, 1, 1, '2024-10-25 16:08:41', '2024-10-25 16:08:41'),
(2598, 71, 1, 1, '2024-10-25 16:08:41', '2024-10-25 16:08:41'),
(2599, 91, 1, 1, '2024-10-25 16:08:41', '2024-10-25 16:08:41'),
(2600, 53, 1, 1, '2024-10-25 16:08:44', '2024-10-25 16:08:44'),
(2601, 80, 1, 1, '2024-10-25 16:08:44', '2024-10-25 16:08:44'),
(2602, 82, 1, 1, '2024-10-25 16:08:44', '2024-10-25 16:08:44'),
(2603, 84, 1, 1, '2024-10-25 16:08:44', '2024-10-25 16:08:44'),
(2604, 86, 1, 1, '2024-10-25 16:08:44', '2024-10-25 16:08:44'),
(2605, 87, 1, 1, '2024-10-25 16:08:44', '2024-10-25 16:08:44'),
(2606, 89, 1, 1, '2024-10-25 16:08:44', '2024-10-25 16:08:44'),
(2607, 92, 1, 1, '2024-10-25 16:08:44', '2024-10-25 16:08:44'),
(2608, 93, 1, 1, '2024-10-25 16:08:44', '2024-10-25 16:08:44'),
(2609, 94, 1, 1, '2024-10-25 16:08:44', '2024-10-25 16:08:44'),
(2610, 95, 1, 1, '2024-10-25 16:08:44', '2024-10-25 16:08:44'),
(2611, 97, 1, 1, '2024-10-25 16:08:44', '2024-10-25 16:08:44'),
(2612, 98, 1, 1, '2024-10-25 16:08:44', '2024-10-25 16:08:44'),
(2613, 99, 1, 1, '2024-10-25 16:08:44', '2024-10-25 16:08:44'),
(2614, 102, 1, 1, '2024-10-25 16:08:44', '2024-10-25 16:08:44'),
(2615, 3, 4, 1, '2024-10-30 19:59:29', '2024-10-30 19:59:29'),
(2616, 5, 5, 1, '2024-10-30 19:59:29', '2024-10-30 19:59:29'),
(2617, 6, 6, 1, '2024-10-30 19:59:29', '2024-10-30 19:59:29'),
(2618, 8, 5, 1, '2024-10-30 19:59:29', '2024-10-30 19:59:29'),
(2619, 12, 6, 1, '2024-10-30 19:59:29', '2024-10-30 19:59:29'),
(2620, 13, 5, 1, '2024-10-30 19:59:29', '2024-10-30 19:59:29'),
(2621, 14, 6, 1, '2024-10-30 19:59:29', '2024-10-30 19:59:29'),
(2622, 17, 5, 1, '2024-10-30 19:59:29', '2024-10-30 19:59:29'),
(2623, 33, 4, 1, '2024-10-30 19:59:29', '2024-10-30 19:59:29'),
(2624, 37, 6, 1, '2024-10-30 19:59:29', '2024-10-30 19:59:29'),
(2625, 38, 6, 1, '2024-10-30 19:59:29', '2024-10-30 19:59:29'),
(2626, 39, 6, 1, '2024-10-30 19:59:29', '2024-10-30 19:59:29'),
(2627, 40, 4, 1, '2024-10-30 19:59:29', '2024-10-30 19:59:29'),
(2628, 43, 6, 1, '2024-10-30 19:59:29', '2024-10-30 19:59:29'),
(2629, 53, 1, 1, '2024-11-03 17:17:38', '2024-11-03 17:17:38'),
(2630, 80, 1, 1, '2024-11-03 17:17:38', '2024-11-03 17:17:38'),
(2631, 82, 1, 1, '2024-11-03 17:17:38', '2024-11-03 17:17:38'),
(2632, 84, 1, 1, '2024-11-03 17:17:38', '2024-11-03 17:17:38'),
(2633, 86, 1, 1, '2024-11-03 17:17:38', '2024-11-03 17:17:38'),
(2634, 87, 1, 1, '2024-11-03 17:17:38', '2024-11-03 17:17:38'),
(2635, 89, 1, 1, '2024-11-03 17:17:38', '2024-11-03 17:17:38'),
(2636, 92, 1, 1, '2024-11-03 17:17:38', '2024-11-03 17:17:38'),
(2637, 93, 1, 1, '2024-11-03 17:17:38', '2024-11-03 17:17:38'),
(2638, 94, 1, 1, '2024-11-03 17:17:38', '2024-11-03 17:17:38'),
(2639, 95, 1, 1, '2024-11-03 17:17:38', '2024-11-03 17:17:38'),
(2640, 97, 1, 1, '2024-11-03 17:17:38', '2024-11-03 17:17:38'),
(2641, 99, 1, 1, '2024-11-03 17:17:38', '2024-11-03 17:17:38'),
(2642, 102, 1, 1, '2024-11-03 17:17:38', '2024-11-03 17:17:38'),
(2643, 45, 3, 1, '2024-11-03 17:17:41', '2024-11-03 17:17:41'),
(2644, 46, 3, 1, '2024-11-03 17:17:41', '2024-11-03 17:17:41'),
(2645, 47, 3, 1, '2024-11-03 17:17:41', '2024-11-03 17:17:41'),
(2646, 57, 1, 1, '2024-11-03 17:17:41', '2024-11-03 17:17:41'),
(2647, 60, 1, 1, '2024-11-03 17:17:41', '2024-11-03 17:17:41'),
(2648, 68, 1, 1, '2024-11-03 17:17:41', '2024-11-03 17:17:41'),
(2649, 69, 1, 1, '2024-11-03 17:17:41', '2024-11-03 17:17:41'),
(2650, 71, 1, 1, '2024-11-03 17:17:41', '2024-11-03 17:17:41'),
(2651, 91, 1, 1, '2024-11-03 17:17:41', '2024-11-03 17:17:41'),
(2652, 1, 6, 1, '2024-11-09 06:05:50', '2024-11-09 06:05:50'),
(2653, 2, 6, 1, '2024-11-09 06:05:50', '2024-11-09 06:05:50'),
(2654, 3, 4, 1, '2024-11-09 06:05:50', '2024-11-09 06:05:50'),
(2655, 5, 5, 1, '2024-11-09 06:05:50', '2024-11-09 06:05:50'),
(2656, 7, 6, 1, '2024-11-09 06:05:50', '2024-11-09 06:05:50'),
(2657, 8, 5, 1, '2024-11-09 06:05:50', '2024-11-09 06:05:50'),
(2658, 9, 6, 1, '2024-11-09 06:05:50', '2024-11-09 06:05:50'),
(2659, 10, 6, 1, '2024-11-09 06:05:50', '2024-11-09 06:05:50'),
(2660, 11, 6, 1, '2024-11-09 06:05:50', '2024-11-09 06:05:50'),
(2661, 13, 5, 1, '2024-11-09 06:05:50', '2024-11-09 06:05:50'),
(2662, 15, 6, 1, '2024-11-09 06:05:50', '2024-11-09 06:05:50'),
(2663, 16, 6, 1, '2024-11-09 06:05:50', '2024-11-09 06:05:50'),
(2664, 17, 5, 1, '2024-11-09 06:05:50', '2024-11-09 06:05:50'),
(2665, 33, 4, 1, '2024-11-09 06:05:50', '2024-11-09 06:05:50'),
(2666, 40, 4, 1, '2024-11-09 06:05:50', '2024-11-09 06:05:50'),
(2667, 6, 6, 1, '2024-11-11 18:22:20', '2024-11-11 18:22:20'),
(2668, 12, 6, 1, '2024-11-11 18:22:20', '2024-11-11 18:22:20'),
(2669, 14, 6, 1, '2024-11-11 18:22:20', '2024-11-11 18:22:20'),
(2670, 37, 6, 1, '2024-11-11 18:22:20', '2024-11-11 18:22:20'),
(2671, 38, 6, 1, '2024-11-11 18:22:20', '2024-11-11 18:22:20'),
(2672, 39, 6, 1, '2024-11-11 18:22:20', '2024-11-11 18:22:20'),
(2673, 43, 6, 1, '2024-11-11 18:22:20', '2024-11-11 18:22:20'),
(2674, 45, 3, 1, '2024-11-11 18:22:20', '2024-11-11 18:22:20'),
(2675, 46, 3, 1, '2024-11-11 18:22:20', '2024-11-11 18:22:20'),
(2676, 47, 3, 1, '2024-11-11 18:22:20', '2024-11-11 18:22:20'),
(2677, 57, 1, 1, '2024-11-11 18:22:20', '2024-11-11 18:22:20'),
(2678, 60, 1, 1, '2024-11-11 18:22:20', '2024-11-11 18:22:20'),
(2679, 68, 1, 1, '2024-11-11 18:22:20', '2024-11-11 18:22:20'),
(2680, 69, 1, 1, '2024-11-11 18:22:20', '2024-11-11 18:22:20'),
(2681, 71, 1, 1, '2024-11-11 18:22:20', '2024-11-11 18:22:20'),
(2682, 91, 1, 1, '2024-11-11 18:22:20', '2024-11-11 18:22:20'),
(2683, 53, 1, 1, '2024-11-11 18:22:22', '2024-11-11 18:22:22'),
(2684, 82, 1, 1, '2024-11-11 18:22:22', '2024-11-11 18:22:22'),
(2685, 84, 1, 1, '2024-11-11 18:22:22', '2024-11-11 18:22:22'),
(2686, 86, 1, 1, '2024-11-11 18:22:22', '2024-11-11 18:22:22'),
(2687, 87, 1, 1, '2024-11-11 18:22:22', '2024-11-11 18:22:22'),
(2688, 89, 1, 1, '2024-11-11 18:22:22', '2024-11-11 18:22:22'),
(2689, 92, 1, 1, '2024-11-11 18:22:22', '2024-11-11 18:22:22'),
(2690, 93, 1, 1, '2024-11-11 18:22:22', '2024-11-11 18:22:22'),
(2691, 94, 1, 1, '2024-11-11 18:22:22', '2024-11-11 18:22:22'),
(2692, 95, 1, 1, '2024-11-11 18:22:22', '2024-11-11 18:22:22'),
(2693, 97, 1, 1, '2024-11-11 18:22:22', '2024-11-11 18:22:22'),
(2694, 99, 1, 1, '2024-11-11 18:22:22', '2024-11-11 18:22:22'),
(2695, 102, 1, 1, '2024-11-11 18:22:22', '2024-11-11 18:22:22'),
(2696, 1, 6, 1, '2024-11-19 18:42:50', '2024-11-19 18:42:50'),
(2697, 2, 6, 1, '2024-11-19 18:42:50', '2024-11-19 18:42:50'),
(2698, 3, 4, 1, '2024-11-19 18:42:50', '2024-11-19 18:42:50'),
(2699, 5, 5, 1, '2024-11-19 18:42:50', '2024-11-19 18:42:50'),
(2700, 7, 6, 1, '2024-11-19 18:42:50', '2024-11-19 18:42:50'),
(2701, 8, 5, 1, '2024-11-19 18:42:50', '2024-11-19 18:42:50'),
(2702, 9, 6, 1, '2024-11-19 18:42:50', '2024-11-19 18:42:50'),
(2703, 10, 6, 1, '2024-11-19 18:42:50', '2024-11-19 18:42:50'),
(2704, 11, 6, 1, '2024-11-19 18:42:50', '2024-11-19 18:42:50'),
(2705, 13, 6, 1, '2024-11-19 18:42:50', '2024-11-19 18:42:50'),
(2706, 15, 6, 1, '2024-11-19 18:42:50', '2024-11-19 18:42:50'),
(2707, 16, 6, 1, '2024-11-19 18:42:50', '2024-11-19 18:42:50'),
(2708, 17, 5, 1, '2024-11-19 18:42:50', '2024-11-19 18:42:50'),
(2709, 33, 5, 1, '2024-11-19 18:42:50', '2024-11-19 18:42:50'),
(2710, 40, 4, 1, '2024-11-19 18:42:50', '2024-11-19 18:42:50'),
(2711, 45, 3, 1, '2024-11-19 18:42:50', '2024-11-19 18:42:50'),
(2712, 46, 3, 1, '2024-11-19 18:42:50', '2024-11-19 18:42:50'),
(2713, 47, 4, 1, '2024-11-19 18:42:50', '2024-11-19 18:42:50'),
(2714, 57, 1, 1, '2024-11-19 18:42:50', '2024-11-19 18:42:50'),
(2715, 60, 1, 1, '2024-11-19 18:42:50', '2024-11-19 18:42:50'),
(2716, 68, 1, 1, '2024-11-19 18:42:50', '2024-11-19 18:42:50'),
(2717, 69, 1, 1, '2024-11-19 18:42:50', '2024-11-19 18:42:50'),
(2718, 71, 1, 1, '2024-11-19 18:42:50', '2024-11-19 18:42:50'),
(2719, 91, 1, 1, '2024-11-19 18:42:50', '2024-11-19 18:42:50'),
(2720, 103, 1, 1, '2024-11-19 18:42:50', '2024-11-19 18:42:50'),
(2721, 82, 1, 1, '2024-11-19 18:42:51', '2024-11-19 18:42:51'),
(2722, 84, 1, 1, '2024-11-19 18:42:51', '2024-11-19 18:42:51'),
(2723, 87, 1, 1, '2024-11-19 18:42:51', '2024-11-19 18:42:51'),
(2724, 89, 1, 1, '2024-11-19 18:42:51', '2024-11-19 18:42:51'),
(2725, 92, 1, 1, '2024-11-19 18:42:51', '2024-11-19 18:42:51'),
(2726, 94, 1, 1, '2024-11-19 18:42:51', '2024-11-19 18:42:51'),
(2727, 95, 1, 1, '2024-11-19 18:42:51', '2024-11-19 18:42:51'),
(2728, 97, 1, 1, '2024-11-19 18:42:51', '2024-11-19 18:42:51'),
(2729, 99, 1, 1, '2024-11-19 18:42:51', '2024-11-19 18:42:51'),
(2730, 102, 1, 1, '2024-11-19 18:42:51', '2024-11-19 18:42:51'),
(2731, 6, 6, 1, '2024-11-23 14:56:02', '2024-11-23 14:56:02'),
(2732, 12, 6, 1, '2024-11-23 14:56:02', '2024-11-23 14:56:02'),
(2733, 14, 6, 1, '2024-11-23 14:56:02', '2024-11-23 14:56:02'),
(2734, 37, 6, 1, '2024-11-23 14:56:02', '2024-11-23 14:56:02'),
(2735, 38, 6, 1, '2024-11-23 14:56:02', '2024-11-23 14:56:02'),
(2736, 39, 6, 1, '2024-11-23 14:56:02', '2024-11-23 14:56:02'),
(2737, 43, 6, 1, '2024-11-23 14:56:02', '2024-11-23 14:56:02'),
(2738, 45, 3, 1, '2024-11-27 19:27:06', '2024-11-27 19:27:06'),
(2739, 46, 3, 1, '2024-11-27 19:27:06', '2024-11-27 19:27:06'),
(2740, 57, 1, 1, '2024-11-27 19:27:06', '2024-11-27 19:27:06'),
(2741, 60, 1, 1, '2024-11-27 19:27:06', '2024-11-27 19:27:06'),
(2742, 68, 1, 1, '2024-11-27 19:27:06', '2024-11-27 19:27:06'),
(2743, 69, 1, 1, '2024-11-27 19:27:06', '2024-11-27 19:27:06'),
(2744, 71, 1, 1, '2024-11-27 19:27:06', '2024-11-27 19:27:06'),
(2745, 91, 1, 1, '2024-11-27 19:27:06', '2024-11-27 19:27:06'),
(2746, 103, 1, 1, '2024-11-27 19:27:06', '2024-11-27 19:27:06'),
(2747, 82, 1, 1, '2024-11-27 19:27:08', '2024-11-27 19:27:08'),
(2748, 84, 1, 1, '2024-11-27 19:27:08', '2024-11-27 19:27:08'),
(2749, 87, 1, 1, '2024-11-27 19:27:08', '2024-11-27 19:27:08'),
(2750, 89, 1, 1, '2024-11-27 19:27:08', '2024-11-27 19:27:08'),
(2751, 92, 1, 1, '2024-11-27 19:27:08', '2024-11-27 19:27:08'),
(2752, 94, 1, 1, '2024-11-27 19:27:08', '2024-11-27 19:27:08'),
(2753, 95, 1, 1, '2024-11-27 19:27:08', '2024-11-27 19:27:08'),
(2754, 97, 1, 1, '2024-11-27 19:27:08', '2024-11-27 19:27:08'),
(2755, 99, 1, 1, '2024-11-27 19:27:08', '2024-11-27 19:27:08'),
(2756, 102, 1, 1, '2024-11-27 19:27:08', '2024-11-27 19:27:08'),
(2757, 1, 6, 1, '2024-11-29 19:04:17', '2024-11-29 19:04:17'),
(2758, 2, 6, 1, '2024-11-29 19:04:17', '2024-11-29 19:04:17'),
(2759, 3, 4, 1, '2024-11-29 19:04:17', '2024-11-29 19:04:17'),
(2760, 5, 5, 1, '2024-11-29 19:04:17', '2024-11-29 19:04:17'),
(2761, 7, 6, 1, '2024-11-29 19:04:17', '2024-11-29 19:04:17'),
(2762, 8, 5, 1, '2024-11-29 19:04:17', '2024-11-29 19:04:17'),
(2763, 9, 6, 1, '2024-11-29 19:04:17', '2024-11-29 19:04:17'),
(2764, 10, 6, 1, '2024-11-29 19:04:17', '2024-11-29 19:04:17'),
(2765, 11, 6, 1, '2024-11-29 19:04:17', '2024-11-29 19:04:17'),
(2766, 13, 6, 1, '2024-11-29 19:04:17', '2024-11-29 19:04:17'),
(2767, 15, 6, 1, '2024-11-29 19:04:17', '2024-11-29 19:04:17'),
(2768, 16, 6, 1, '2024-11-29 19:04:17', '2024-11-29 19:04:17'),
(2769, 17, 5, 1, '2024-11-29 19:04:17', '2024-11-29 19:04:17'),
(2770, 33, 5, 1, '2024-11-29 19:04:17', '2024-11-29 19:04:17'),
(2771, 40, 4, 1, '2024-11-29 19:04:17', '2024-11-29 19:04:17'),
(2772, 47, 4, 1, '2024-11-29 19:04:17', '2024-11-29 19:04:17'),
(2773, 45, 3, 1, '2024-12-04 18:37:04', '2024-12-04 18:37:04'),
(2774, 46, 3, 1, '2024-12-04 18:37:04', '2024-12-04 18:37:04'),
(2775, 57, 1, 1, '2024-12-04 18:37:04', '2024-12-04 18:37:04'),
(2776, 60, 1, 1, '2024-12-04 18:37:05', '2024-12-04 18:37:05'),
(2777, 68, 1, 1, '2024-12-04 18:37:05', '2024-12-04 18:37:05'),
(2778, 69, 1, 1, '2024-12-04 18:37:05', '2024-12-04 18:37:05'),
(2779, 71, 1, 1, '2024-12-04 18:37:05', '2024-12-04 18:37:05'),
(2780, 91, 1, 1, '2024-12-04 18:37:05', '2024-12-04 18:37:05'),
(2781, 103, 1, 1, '2024-12-04 18:37:05', '2024-12-04 18:37:05'),
(2782, 82, 1, 1, '2024-12-04 18:39:47', '2024-12-04 18:39:47'),
(2783, 84, 1, 1, '2024-12-04 18:39:47', '2024-12-04 18:39:47'),
(2784, 87, 1, 1, '2024-12-04 18:39:47', '2024-12-04 18:39:47'),
(2785, 89, 1, 1, '2024-12-04 18:39:47', '2024-12-04 18:39:47'),
(2786, 92, 1, 1, '2024-12-04 18:39:47', '2024-12-04 18:39:47'),
(2787, 94, 1, 1, '2024-12-04 18:39:47', '2024-12-04 18:39:47'),
(2788, 95, 1, 1, '2024-12-04 18:39:47', '2024-12-04 18:39:47'),
(2789, 97, 1, 1, '2024-12-04 18:39:47', '2024-12-04 18:39:47'),
(2790, 99, 1, 1, '2024-12-04 18:39:47', '2024-12-04 18:39:47'),
(2791, 102, 1, 1, '2024-12-04 18:39:47', '2024-12-04 18:39:47'),
(2792, 6, 6, 1, '2024-12-06 16:57:56', '2024-12-06 16:57:56'),
(2793, 12, 6, 1, '2024-12-06 16:57:56', '2024-12-06 16:57:56'),
(2794, 14, 6, 1, '2024-12-06 16:57:56', '2024-12-06 16:57:56'),
(2795, 37, 6, 1, '2024-12-06 16:57:56', '2024-12-06 16:57:56'),
(2796, 38, 6, 1, '2024-12-06 16:57:57', '2024-12-06 16:57:57'),
(2797, 39, 6, 1, '2024-12-06 16:57:57', '2024-12-06 16:57:57'),
(2798, 43, 6, 1, '2024-12-06 16:57:57', '2024-12-06 16:57:57'),
(2799, 1, 6, 1, '2024-12-09 17:31:48', '2024-12-09 17:31:48'),
(2800, 2, 6, 1, '2024-12-09 17:31:48', '2024-12-09 17:31:48'),
(2801, 3, 4, 1, '2024-12-09 17:31:48', '2024-12-09 17:31:48'),
(2802, 5, 5, 1, '2024-12-09 17:31:48', '2024-12-09 17:31:48'),
(2803, 7, 6, 1, '2024-12-09 17:31:48', '2024-12-09 17:31:48'),
(2804, 8, 5, 1, '2024-12-09 17:31:48', '2024-12-09 17:31:48'),
(2805, 9, 6, 1, '2024-12-09 17:31:48', '2024-12-09 17:31:48'),
(2806, 10, 6, 1, '2024-12-09 17:31:48', '2024-12-09 17:31:48'),
(2807, 11, 6, 1, '2024-12-09 17:31:48', '2024-12-09 17:31:48'),
(2808, 13, 6, 1, '2024-12-09 17:31:48', '2024-12-09 17:31:48'),
(2809, 15, 6, 1, '2024-12-09 17:31:48', '2024-12-09 17:31:48'),
(2810, 16, 6, 1, '2024-12-09 17:31:48', '2024-12-09 17:31:48'),
(2811, 17, 5, 1, '2024-12-09 17:31:48', '2024-12-09 17:31:48'),
(2812, 33, 5, 1, '2024-12-09 17:31:48', '2024-12-09 17:31:48'),
(2813, 40, 4, 1, '2024-12-09 17:31:48', '2024-12-09 17:31:48'),
(2814, 45, 3, 1, '2024-12-09 17:31:48', '2024-12-09 17:31:48'),
(2815, 46, 3, 1, '2024-12-09 17:31:48', '2024-12-09 17:31:48'),
(2816, 47, 4, 1, '2024-12-09 17:31:48', '2024-12-09 17:31:48'),
(2817, 57, 1, 1, '2024-12-09 17:31:48', '2024-12-09 17:31:48'),
(2818, 60, 1, 1, '2024-12-09 17:31:48', '2024-12-09 17:31:48'),
(2819, 68, 1, 1, '2024-12-09 17:31:48', '2024-12-09 17:31:48'),
(2820, 69, 1, 1, '2024-12-09 17:31:48', '2024-12-09 17:31:48'),
(2821, 71, 1, 1, '2024-12-09 17:31:48', '2024-12-09 17:31:48'),
(2822, 91, 1, 1, '2024-12-09 17:31:48', '2024-12-09 17:31:48'),
(2823, 103, 1, 1, '2024-12-09 17:31:48', '2024-12-09 17:31:48'),
(2824, 82, 1, 1, '2024-12-09 17:31:58', '2024-12-09 17:31:58'),
(2825, 84, 1, 1, '2024-12-09 17:31:58', '2024-12-09 17:31:58'),
(2826, 87, 1, 1, '2024-12-09 17:31:58', '2024-12-09 17:31:58'),
(2827, 89, 1, 1, '2024-12-09 17:31:58', '2024-12-09 17:31:58'),
(2828, 92, 1, 1, '2024-12-09 17:31:58', '2024-12-09 17:31:58'),
(2829, 94, 1, 1, '2024-12-09 17:31:58', '2024-12-09 17:31:58'),
(2830, 95, 1, 1, '2024-12-09 17:31:58', '2024-12-09 17:31:58'),
(2831, 97, 1, 1, '2024-12-09 17:31:58', '2024-12-09 17:31:58'),
(2832, 99, 1, 1, '2024-12-09 17:31:58', '2024-12-09 17:31:58'),
(2833, 102, 1, 1, '2024-12-09 17:31:58', '2024-12-09 17:31:58'),
(2834, 3, 4, 1, '2024-12-16 17:25:45', '2024-12-16 17:25:45'),
(2835, 5, 5, 1, '2024-12-16 17:25:45', '2024-12-16 17:25:45'),
(2836, 8, 5, 1, '2024-12-16 17:25:45', '2024-12-16 17:25:45'),
(2837, 17, 5, 1, '2024-12-16 17:25:45', '2024-12-16 17:25:45'),
(2838, 33, 5, 1, '2024-12-16 17:25:45', '2024-12-16 17:25:45'),
(2839, 40, 4, 1, '2024-12-16 17:25:45', '2024-12-16 17:25:45'),
(2840, 45, 3, 1, '2024-12-16 17:25:45', '2024-12-16 17:25:45'),
(2841, 46, 3, 1, '2024-12-16 17:25:45', '2024-12-16 17:25:45'),
(2842, 47, 4, 1, '2024-12-16 17:25:45', '2024-12-16 17:25:45'),
(2843, 57, 1, 1, '2024-12-16 17:25:45', '2024-12-16 17:25:45'),
(2844, 60, 1, 1, '2024-12-16 17:25:45', '2024-12-16 17:25:45'),
(2845, 68, 1, 1, '2024-12-16 17:25:45', '2024-12-16 17:25:45'),
(2846, 69, 1, 1, '2024-12-16 17:25:45', '2024-12-16 17:25:45'),
(2847, 71, 1, 1, '2024-12-16 17:25:45', '2024-12-16 17:25:45'),
(2848, 91, 1, 1, '2024-12-16 17:25:45', '2024-12-16 17:25:45'),
(2849, 103, 1, 1, '2024-12-16 17:25:45', '2024-12-16 17:25:45'),
(2850, 104, 1, 1, '2024-12-16 17:25:45', '2024-12-16 17:25:45'),
(2851, 105, 1, 1, '2024-12-16 17:25:45', '2024-12-16 17:25:45'),
(2852, 106, 1, 1, '2024-12-16 17:25:45', '2024-12-16 17:25:45'),
(2853, 107, 1, 1, '2024-12-16 17:25:45', '2024-12-16 17:25:45'),
(2854, 108, 1, 1, '2024-12-16 17:25:45', '2024-12-16 17:25:45'),
(2855, 109, 1, 1, '2024-12-16 17:25:45', '2024-12-16 17:25:45'),
(2856, 110, 1, 1, '2024-12-16 17:25:45', '2024-12-16 17:25:45'),
(2857, 84, 1, 1, '2024-12-16 17:25:47', '2024-12-16 17:25:47'),
(2858, 87, 1, 1, '2024-12-16 17:25:47', '2024-12-16 17:25:47'),
(2859, 89, 1, 1, '2024-12-16 17:25:47', '2024-12-16 17:25:47'),
(2860, 92, 1, 1, '2024-12-16 17:25:47', '2024-12-16 17:25:47'),
(2861, 94, 1, 1, '2024-12-16 17:25:47', '2024-12-16 17:25:47'),
(2862, 95, 1, 1, '2024-12-16 17:25:47', '2024-12-16 17:25:47'),
(2863, 97, 1, 1, '2024-12-16 17:25:47', '2024-12-16 17:25:47'),
(2864, 99, 1, 1, '2024-12-16 17:25:47', '2024-12-16 17:25:47'),
(2865, 102, 1, 1, '2024-12-16 17:25:47', '2024-12-16 17:25:47'),
(2866, 89, 1, 1, '2024-12-23 19:19:36', '2024-12-23 19:19:36'),
(2867, 92, 1, 1, '2024-12-23 19:19:36', '2024-12-23 19:19:36'),
(2868, 94, 1, 1, '2024-12-23 19:19:36', '2024-12-23 19:19:36'),
(2869, 95, 1, 1, '2024-12-23 19:19:36', '2024-12-23 19:19:36'),
(2870, 97, 1, 1, '2024-12-23 19:19:36', '2024-12-23 19:19:36'),
(2871, 99, 1, 1, '2024-12-23 19:19:36', '2024-12-23 19:19:36'),
(2872, 102, 1, 1, '2024-12-23 19:19:36', '2024-12-23 19:19:36'),
(2873, 45, 3, 1, '2024-12-23 19:19:46', '2024-12-23 19:19:46'),
(2874, 46, 3, 1, '2024-12-23 19:19:46', '2024-12-23 19:19:46'),
(2875, 57, 1, 1, '2024-12-23 19:19:46', '2024-12-23 19:19:46'),
(2876, 60, 1, 1, '2024-12-23 19:19:46', '2024-12-23 19:19:46'),
(2877, 68, 1, 1, '2024-12-23 19:19:46', '2024-12-23 19:19:46'),
(2878, 69, 1, 1, '2024-12-23 19:19:46', '2024-12-23 19:19:46'),
(2879, 71, 1, 1, '2024-12-23 19:19:46', '2024-12-23 19:19:46'),
(2880, 91, 1, 1, '2024-12-23 19:19:46', '2024-12-23 19:19:46'),
(2881, 103, 1, 1, '2024-12-23 19:19:46', '2024-12-23 19:19:46'),
(2882, 104, 1, 1, '2024-12-23 19:19:46', '2024-12-23 19:19:46'),
(2883, 105, 1, 1, '2024-12-23 19:19:46', '2024-12-23 19:19:46'),
(2884, 106, 1, 1, '2024-12-23 19:19:46', '2024-12-23 19:19:46'),
(2885, 107, 1, 1, '2024-12-23 19:19:46', '2024-12-23 19:19:46'),
(2886, 108, 1, 1, '2024-12-23 19:19:46', '2024-12-23 19:19:46'),
(2887, 109, 1, 1, '2024-12-23 19:19:46', '2024-12-23 19:19:46'),
(2888, 110, 1, 1, '2024-12-23 19:19:46', '2024-12-23 19:19:46'),
(2889, 89, 1, 1, '2024-12-29 18:34:10', '2024-12-29 18:34:10'),
(2890, 92, 1, 1, '2024-12-29 18:34:10', '2024-12-29 18:34:10'),
(2891, 94, 1, 1, '2024-12-29 18:34:10', '2024-12-29 18:34:10'),
(2892, 95, 1, 1, '2024-12-29 18:34:10', '2024-12-29 18:34:10'),
(2893, 97, 1, 1, '2024-12-29 18:34:10', '2024-12-29 18:34:10'),
(2894, 99, 1, 1, '2024-12-29 18:34:10', '2024-12-29 18:34:10'),
(2895, 102, 1, 1, '2024-12-29 18:34:10', '2024-12-29 18:34:10'),
(2896, 3, 4, 1, '2024-12-29 18:34:14', '2024-12-29 18:34:14'),
(2897, 5, 5, 1, '2024-12-29 18:34:14', '2024-12-29 18:34:14'),
(2898, 8, 5, 1, '2024-12-29 18:34:14', '2024-12-29 18:34:14'),
(2899, 17, 5, 1, '2024-12-29 18:34:14', '2024-12-29 18:34:14'),
(2900, 33, 5, 1, '2024-12-29 18:34:14', '2024-12-29 18:34:14'),
(2901, 40, 4, 1, '2024-12-29 18:34:14', '2024-12-29 18:34:14'),
(2902, 45, 3, 1, '2024-12-29 18:34:14', '2024-12-29 18:34:14'),
(2903, 46, 3, 1, '2024-12-29 18:34:14', '2024-12-29 18:34:14'),
(2904, 47, 4, 1, '2024-12-29 18:34:14', '2024-12-29 18:34:14'),
(2905, 57, 1, 1, '2024-12-29 18:34:14', '2024-12-29 18:34:14'),
(2906, 60, 1, 1, '2024-12-29 18:34:14', '2024-12-29 18:34:14'),
(2907, 68, 1, 1, '2024-12-29 18:34:14', '2024-12-29 18:34:14'),
(2908, 69, 1, 1, '2024-12-29 18:34:14', '2024-12-29 18:34:14'),
(2909, 71, 1, 1, '2024-12-29 18:34:14', '2024-12-29 18:34:14'),
(2910, 91, 1, 1, '2024-12-29 18:34:14', '2024-12-29 18:34:14'),
(2911, 103, 1, 1, '2024-12-29 18:34:14', '2024-12-29 18:34:14'),
(2912, 104, 1, 1, '2024-12-29 18:34:14', '2024-12-29 18:34:14'),
(2913, 105, 1, 1, '2024-12-29 18:34:14', '2024-12-29 18:34:14'),
(2914, 106, 1, 1, '2024-12-29 18:34:14', '2024-12-29 18:34:14'),
(2915, 107, 1, 1, '2024-12-29 18:34:14', '2024-12-29 18:34:14'),
(2916, 108, 1, 1, '2024-12-29 18:34:14', '2024-12-29 18:34:14'),
(2917, 109, 1, 1, '2024-12-29 18:34:14', '2024-12-29 18:34:14'),
(2918, 110, 1, 1, '2024-12-29 18:34:14', '2024-12-29 18:34:14'),
(2919, 3, 4, 1, '2025-01-06 18:14:48', '2025-01-06 18:14:48'),
(2920, 5, 5, 1, '2025-01-06 18:14:48', '2025-01-06 18:14:48'),
(2921, 8, 5, 1, '2025-01-06 18:14:48', '2025-01-06 18:14:48'),
(2922, 10, 6, 1, '2025-01-06 18:14:48', '2025-01-06 18:14:48'),
(2923, 17, 5, 1, '2025-01-06 18:14:48', '2025-01-06 18:14:48'),
(2924, 33, 5, 1, '2025-01-06 18:14:48', '2025-01-06 18:14:48'),
(2925, 40, 4, 1, '2025-01-06 18:14:48', '2025-01-06 18:14:48'),
(2926, 43, 6, 1, '2025-01-06 18:14:48', '2025-01-06 18:14:48'),
(2927, 45, 3, 1, '2025-01-06 18:14:48', '2025-01-06 18:14:48'),
(2928, 46, 3, 1, '2025-01-06 18:14:48', '2025-01-06 18:14:48'),
(2929, 47, 4, 1, '2025-01-06 18:14:48', '2025-01-06 18:14:48'),
(2930, 57, 1, 1, '2025-01-06 18:14:48', '2025-01-06 18:14:48'),
(2931, 60, 1, 1, '2025-01-06 18:14:48', '2025-01-06 18:14:48'),
(2932, 68, 1, 1, '2025-01-06 18:14:48', '2025-01-06 18:14:48'),
(2933, 69, 1, 1, '2025-01-06 18:14:48', '2025-01-06 18:14:48'),
(2934, 71, 1, 1, '2025-01-06 18:14:48', '2025-01-06 18:14:48'),
(2935, 91, 1, 1, '2025-01-06 18:14:48', '2025-01-06 18:14:48'),
(2936, 103, 1, 1, '2025-01-06 18:14:48', '2025-01-06 18:14:48'),
(2937, 104, 1, 1, '2025-01-06 18:14:48', '2025-01-06 18:14:48'),
(2938, 105, 1, 1, '2025-01-06 18:14:48', '2025-01-06 18:14:48'),
(2939, 106, 1, 1, '2025-01-06 18:14:48', '2025-01-06 18:14:48'),
(2940, 107, 1, 1, '2025-01-06 18:14:48', '2025-01-06 18:14:48'),
(2941, 108, 1, 1, '2025-01-06 18:14:48', '2025-01-06 18:14:48'),
(2942, 109, 1, 1, '2025-01-06 18:14:48', '2025-01-06 18:14:48'),
(2943, 110, 1, 1, '2025-01-06 18:14:48', '2025-01-06 18:14:48'),
(2944, 89, 1, 1, '2025-01-06 18:14:51', '2025-01-06 18:14:51'),
(2945, 94, 1, 1, '2025-01-06 18:14:51', '2025-01-06 18:14:51'),
(2946, 95, 1, 1, '2025-01-06 18:14:51', '2025-01-06 18:14:51'),
(2947, 97, 1, 1, '2025-01-06 18:14:51', '2025-01-06 18:14:51'),
(2948, 99, 1, 1, '2025-01-06 18:14:51', '2025-01-06 18:14:51'),
(2949, 3, 4, 1, '2025-01-15 19:23:07', '2025-01-15 19:23:07'),
(2950, 5, 5, 1, '2025-01-15 19:23:07', '2025-01-15 19:23:07'),
(2951, 8, 5, 1, '2025-01-15 19:23:07', '2025-01-15 19:23:07'),
(2952, 17, 5, 1, '2025-01-15 19:23:07', '2025-01-15 19:23:07'),
(2953, 33, 5, 1, '2025-01-15 19:23:07', '2025-01-15 19:23:07'),
(2954, 40, 4, 1, '2025-01-15 19:23:07', '2025-01-15 19:23:07'),
(2955, 45, 3, 1, '2025-01-15 19:23:07', '2025-01-15 19:23:07'),
(2956, 46, 3, 1, '2025-01-15 19:23:07', '2025-01-15 19:23:07'),
(2957, 47, 4, 1, '2025-01-15 19:23:07', '2025-01-15 19:23:07'),
(2958, 57, 1, 1, '2025-01-15 19:23:07', '2025-01-15 19:23:07'),
(2959, 60, 1, 1, '2025-01-15 19:23:07', '2025-01-15 19:23:07'),
(2960, 68, 1, 1, '2025-01-15 19:23:07', '2025-01-15 19:23:07'),
(2961, 69, 1, 1, '2025-01-15 19:23:07', '2025-01-15 19:23:07'),
(2962, 71, 1, 1, '2025-01-15 19:23:07', '2025-01-15 19:23:07'),
(2963, 91, 1, 1, '2025-01-15 19:23:07', '2025-01-15 19:23:07'),
(2964, 103, 1, 1, '2025-01-15 19:23:07', '2025-01-15 19:23:07'),
(2965, 104, 1, 1, '2025-01-15 19:23:07', '2025-01-15 19:23:07'),
(2966, 105, 1, 1, '2025-01-15 19:23:07', '2025-01-15 19:23:07'),
(2967, 106, 1, 1, '2025-01-15 19:23:07', '2025-01-15 19:23:07'),
(2968, 107, 1, 1, '2025-01-15 19:23:07', '2025-01-15 19:23:07'),
(2969, 108, 1, 1, '2025-01-15 19:23:07', '2025-01-15 19:23:07'),
(2970, 109, 1, 1, '2025-01-15 19:23:07', '2025-01-15 19:23:07'),
(2971, 110, 1, 1, '2025-01-15 19:23:07', '2025-01-15 19:23:07'),
(2972, 89, 1, 1, '2025-01-15 19:23:11', '2025-01-15 19:23:11'),
(2973, 94, 1, 1, '2025-01-15 19:23:11', '2025-01-15 19:23:11'),
(2974, 95, 1, 1, '2025-01-15 19:23:11', '2025-01-15 19:23:11'),
(2975, 97, 1, 1, '2025-01-15 19:23:11', '2025-01-15 19:23:11'),
(2976, 99, 1, 1, '2025-01-15 19:23:11', '2025-01-15 19:23:11'),
(2977, 3, 4, 1, '2025-01-24 18:45:19', '2025-01-24 18:45:19'),
(2978, 5, 5, 1, '2025-01-24 18:45:19', '2025-01-24 18:45:19'),
(2979, 8, 5, 1, '2025-01-24 18:45:19', '2025-01-24 18:45:19'),
(2980, 10, 6, 1, '2025-01-24 18:45:19', '2025-01-24 18:45:19'),
(2981, 17, 5, 1, '2025-01-24 18:45:19', '2025-01-24 18:45:19'),
(2982, 33, 5, 1, '2025-01-24 18:45:19', '2025-01-24 18:45:19'),
(2983, 40, 4, 1, '2025-01-24 18:45:19', '2025-01-24 18:45:19'),
(2984, 43, 6, 1, '2025-01-24 18:45:19', '2025-01-24 18:45:19'),
(2985, 45, 3, 1, '2025-01-24 18:45:19', '2025-01-24 18:45:19'),
(2986, 46, 4, 1, '2025-01-24 18:45:19', '2025-01-24 18:45:19'),
(2987, 47, 4, 1, '2025-01-24 18:45:19', '2025-01-24 18:45:19'),
(2988, 57, 1, 1, '2025-01-24 18:45:19', '2025-01-24 18:45:19'),
(2989, 60, 1, 1, '2025-01-24 18:45:19', '2025-01-24 18:45:19'),
(2990, 68, 1, 1, '2025-01-24 18:45:19', '2025-01-24 18:45:19'),
(2991, 69, 1, 1, '2025-01-24 18:45:19', '2025-01-24 18:45:19'),
(2992, 71, 1, 1, '2025-01-24 18:45:19', '2025-01-24 18:45:19'),
(2993, 91, 1, 1, '2025-01-24 18:45:19', '2025-01-24 18:45:19'),
(2994, 103, 1, 1, '2025-01-24 18:45:19', '2025-01-24 18:45:19'),
(2995, 104, 1, 1, '2025-01-24 18:45:19', '2025-01-24 18:45:19'),
(2996, 105, 1, 1, '2025-01-24 18:45:19', '2025-01-24 18:45:19'),
(2997, 106, 1, 1, '2025-01-24 18:45:19', '2025-01-24 18:45:19'),
(2998, 107, 1, 1, '2025-01-24 18:45:19', '2025-01-24 18:45:19'),
(2999, 108, 1, 1, '2025-01-24 18:45:19', '2025-01-24 18:45:19'),
(3000, 109, 1, 1, '2025-01-24 18:45:19', '2025-01-24 18:45:19'),
(3001, 110, 1, 1, '2025-01-24 18:45:19', '2025-01-24 18:45:19'),
(3002, 89, 1, 1, '2025-01-24 18:45:25', '2025-01-24 18:45:25'),
(3003, 94, 1, 1, '2025-01-24 18:45:25', '2025-01-24 18:45:25'),
(3004, 95, 1, 1, '2025-01-24 18:45:25', '2025-01-24 18:45:25'),
(3005, 97, 1, 1, '2025-01-24 18:45:25', '2025-01-24 18:45:25'),
(3006, 99, 1, 1, '2025-01-24 18:45:25', '2025-01-24 18:45:25'),
(3007, 3, 4, 1, '2025-02-01 16:14:31', '2025-02-01 16:14:31'),
(3008, 5, 5, 1, '2025-02-01 16:14:31', '2025-02-01 16:14:31'),
(3009, 8, 5, 1, '2025-02-01 16:14:31', '2025-02-01 16:14:31'),
(3010, 17, 5, 1, '2025-02-01 16:14:31', '2025-02-01 16:14:31'),
(3011, 33, 5, 1, '2025-02-01 16:14:31', '2025-02-01 16:14:31'),
(3012, 40, 4, 1, '2025-02-01 16:14:31', '2025-02-01 16:14:31'),
(3013, 45, 3, 1, '2025-02-01 16:14:31', '2025-02-01 16:14:31'),
(3014, 46, 4, 1, '2025-02-01 16:14:31', '2025-02-01 16:14:31'),
(3015, 47, 4, 1, '2025-02-01 16:14:31', '2025-02-01 16:14:31'),
(3016, 57, 1, 1, '2025-02-01 16:14:31', '2025-02-01 16:14:31'),
(3017, 60, 1, 1, '2025-02-01 16:14:31', '2025-02-01 16:14:31'),
(3018, 68, 1, 1, '2025-02-01 16:14:31', '2025-02-01 16:14:31'),
(3019, 69, 1, 1, '2025-02-01 16:14:31', '2025-02-01 16:14:31'),
(3020, 71, 1, 1, '2025-02-01 16:14:31', '2025-02-01 16:14:31'),
(3021, 91, 1, 1, '2025-02-01 16:14:31', '2025-02-01 16:14:31'),
(3022, 103, 1, 1, '2025-02-01 16:14:31', '2025-02-01 16:14:31'),
(3023, 104, 1, 1, '2025-02-01 16:14:31', '2025-02-01 16:14:31'),
(3024, 105, 1, 1, '2025-02-01 16:14:31', '2025-02-01 16:14:31'),
(3025, 106, 1, 1, '2025-02-01 16:14:31', '2025-02-01 16:14:31'),
(3026, 107, 1, 1, '2025-02-01 16:14:31', '2025-02-01 16:14:31'),
(3027, 108, 1, 1, '2025-02-01 16:14:31', '2025-02-01 16:14:31'),
(3028, 109, 1, 1, '2025-02-01 16:14:31', '2025-02-01 16:14:31'),
(3029, 110, 1, 1, '2025-02-01 16:14:31', '2025-02-01 16:14:31'),
(3030, 89, 1, 1, '2025-02-01 16:14:33', '2025-02-01 16:14:33'),
(3031, 94, 1, 1, '2025-02-01 16:14:33', '2025-02-01 16:14:33'),
(3032, 95, 1, 1, '2025-02-01 16:14:33', '2025-02-01 16:14:33'),
(3033, 97, 1, 1, '2025-02-01 16:14:33', '2025-02-01 16:14:33'),
(3034, 99, 1, 1, '2025-02-01 16:14:33', '2025-02-01 16:14:33'),
(3035, 69, 1, 1, '2025-02-08 19:21:07', '2025-02-08 19:21:07'),
(3036, 94, 1, 1, '2025-02-08 19:21:07', '2025-02-08 19:21:07'),
(3037, 95, 1, 1, '2025-02-08 19:21:07', '2025-02-08 19:21:07'),
(3038, 97, 1, 1, '2025-02-08 19:21:07', '2025-02-08 19:21:07'),
(3039, 99, 1, 1, '2025-02-08 19:21:07', '2025-02-08 19:21:07'),
(3040, 3, 4, 1, '2025-02-08 19:21:09', '2025-02-08 19:21:09'),
(3041, 8, 5, 1, '2025-02-08 19:21:09', '2025-02-08 19:21:09'),
(3042, 10, 6, 1, '2025-02-08 19:21:09', '2025-02-08 19:21:09'),
(3043, 40, 4, 1, '2025-02-08 19:21:09', '2025-02-08 19:21:09'),
(3044, 43, 6, 1, '2025-02-08 19:21:09', '2025-02-08 19:21:09'),
(3045, 45, 3, 1, '2025-02-08 19:21:09', '2025-02-08 19:21:09'),
(3046, 46, 4, 1, '2025-02-08 19:21:09', '2025-02-08 19:21:09'),
(3047, 47, 4, 1, '2025-02-08 19:21:09', '2025-02-08 19:21:09'),
(3048, 57, 1, 1, '2025-02-08 19:21:09', '2025-02-08 19:21:09'),
(3049, 60, 1, 1, '2025-02-08 19:21:09', '2025-02-08 19:21:09'),
(3050, 68, 1, 1, '2025-02-08 19:21:09', '2025-02-08 19:21:09'),
(3051, 71, 1, 1, '2025-02-08 19:21:09', '2025-02-08 19:21:09'),
(3052, 89, 1, 1, '2025-02-08 19:21:09', '2025-02-08 19:21:09'),
(3053, 91, 1, 1, '2025-02-08 19:21:09', '2025-02-08 19:21:09'),
(3054, 103, 1, 1, '2025-02-08 19:21:09', '2025-02-08 19:21:09'),
(3055, 104, 1, 1, '2025-02-08 19:21:09', '2025-02-08 19:21:09'),
(3056, 105, 1, 1, '2025-02-08 19:21:09', '2025-02-08 19:21:09'),
(3057, 106, 1, 1, '2025-02-08 19:21:09', '2025-02-08 19:21:09'),
(3058, 107, 1, 1, '2025-02-08 19:21:09', '2025-02-08 19:21:09'),
(3059, 108, 1, 1, '2025-02-08 19:21:09', '2025-02-08 19:21:09'),
(3060, 109, 1, 1, '2025-02-08 19:21:09', '2025-02-08 19:21:09'),
(3061, 110, 1, 1, '2025-02-08 19:21:09', '2025-02-08 19:21:09'),
(3062, 5, 5, 1, '2025-02-12 18:21:06', '2025-02-12 18:21:06'),
(3063, 17, 5, 1, '2025-02-12 18:21:06', '2025-02-12 18:21:06'),
(3064, 33, 5, 1, '2025-02-12 18:21:06', '2025-02-12 18:21:06'),
(3065, 45, 3, 1, '2025-02-15 18:10:16', '2025-02-15 18:10:16'),
(3066, 46, 4, 1, '2025-02-15 18:10:16', '2025-02-15 18:10:16'),
(3067, 57, 1, 1, '2025-02-15 18:10:16', '2025-02-15 18:10:16'),
(3068, 60, 1, 2, '2025-02-15 18:10:16', '2025-02-15 18:10:16'),
(3069, 68, 1, 1, '2025-02-15 18:10:16', '2025-02-15 18:10:16'),
(3070, 71, 1, 1, '2025-02-15 18:10:16', '2025-02-15 18:10:16'),
(3071, 89, 1, 1, '2025-02-15 18:10:16', '2025-02-15 18:10:16'),
(3072, 91, 1, 1, '2025-02-15 18:10:16', '2025-02-15 18:10:16'),
(3073, 103, 1, 1, '2025-02-15 18:10:16', '2025-02-15 18:10:16'),
(3074, 104, 1, 2, '2025-02-15 18:10:16', '2025-02-15 18:10:16'),
(3075, 105, 1, 1, '2025-02-15 18:10:16', '2025-02-15 18:10:16'),
(3076, 106, 1, 1, '2025-02-15 18:10:16', '2025-02-15 18:10:16'),
(3077, 107, 1, 1, '2025-02-15 18:10:16', '2025-02-15 18:10:16'),
(3078, 108, 1, 1, '2025-02-15 18:10:16', '2025-02-15 18:10:16'),
(3079, 109, 1, 1, '2025-02-15 18:10:16', '2025-02-15 18:10:16'),
(3080, 110, 1, 1, '2025-02-15 18:10:16', '2025-02-15 18:10:16'),
(3081, 69, 1, 1, '2025-02-15 18:10:22', '2025-02-15 18:10:22'),
(3082, 94, 1, 1, '2025-02-15 18:10:22', '2025-02-15 18:10:22'),
(3083, 1, 6, 1, '2025-02-19 16:12:21', '2025-02-19 16:12:21'),
(3084, 3, 5, 1, '2025-02-19 16:12:21', '2025-02-19 16:12:21'),
(3085, 6, 6, 1, '2025-02-19 16:12:21', '2025-02-19 16:12:21'),
(3086, 7, 6, 1, '2025-02-19 16:12:21', '2025-02-19 16:12:21'),
(3087, 8, 6, 1, '2025-02-19 16:12:21', '2025-02-19 16:12:21'),
(3088, 10, 6, 1, '2025-02-19 16:12:21', '2025-02-19 16:12:21'),
(3089, 12, 6, 1, '2025-02-19 16:12:21', '2025-02-19 16:12:21'),
(3090, 13, 6, 1, '2025-02-19 16:12:21', '2025-02-19 16:12:21'),
(3091, 16, 6, 1, '2025-02-19 16:12:21', '2025-02-19 16:12:21'),
(3092, 39, 6, 1, '2025-02-19 16:12:21', '2025-02-19 16:12:21'),
(3093, 40, 5, 1, '2025-02-19 16:12:21', '2025-02-19 16:12:21'),
(3094, 43, 6, 1, '2025-02-19 16:12:21', '2025-02-19 16:12:21'),
(3095, 47, 5, 1, '2025-02-19 16:12:21', '2025-02-19 16:12:21'),
(3096, 2, 6, 1, '2025-02-19 18:19:43', '2025-02-19 18:19:43'),
(3097, 9, 6, 1, '2025-02-19 18:19:43', '2025-02-19 18:19:43'),
(3098, 11, 6, 1, '2025-02-19 18:19:43', '2025-02-19 18:19:43'),
(3099, 14, 6, 1, '2025-02-19 18:19:43', '2025-02-19 18:19:43'),
(3100, 15, 6, 1, '2025-02-19 18:19:43', '2025-02-19 18:19:43'),
(3101, 37, 6, 1, '2025-02-19 18:19:43', '2025-02-19 18:19:43'),
(3102, 38, 6, 1, '2025-02-19 18:19:43', '2025-02-19 18:19:43'),
(3103, 5, 6, 1, '2025-02-22 17:50:55', '2025-02-22 17:50:55'),
(3104, 17, 6, 1, '2025-02-22 17:50:55', '2025-02-22 17:50:55'),
(3105, 33, 5, 1, '2025-02-22 17:50:55', '2025-02-22 17:50:55'),
(3106, 45, 3, 1, '2025-02-22 17:50:55', '2025-02-22 17:50:55'),
(3107, 46, 4, 1, '2025-02-22 17:50:55', '2025-02-22 17:50:55'),
(3108, 57, 1, 1, '2025-02-22 17:50:55', '2025-02-22 17:50:55'),
(3109, 60, 1, 1, '2025-02-22 17:50:55', '2025-02-22 17:50:55'),
(3110, 68, 1, 1, '2025-02-22 17:50:55', '2025-02-22 17:50:55'),
(3111, 71, 1, 1, '2025-02-22 17:50:55', '2025-02-22 17:50:55'),
(3112, 89, 1, 1, '2025-02-22 17:50:55', '2025-02-22 17:50:55'),
(3113, 91, 1, 1, '2025-02-22 17:50:55', '2025-02-22 17:50:55'),
(3114, 103, 1, 1, '2025-02-22 17:50:55', '2025-02-22 17:50:55'),
(3115, 104, 1, 1, '2025-02-22 17:50:55', '2025-02-22 17:50:55'),
(3116, 105, 1, 1, '2025-02-22 17:50:55', '2025-02-22 17:50:55'),
(3117, 106, 1, 1, '2025-02-22 17:50:55', '2025-02-22 17:50:55'),
(3118, 107, 1, 1, '2025-02-22 17:50:55', '2025-02-22 17:50:55'),
(3119, 108, 1, 1, '2025-02-22 17:50:55', '2025-02-22 17:50:55'),
(3120, 109, 1, 1, '2025-02-22 17:50:55', '2025-02-22 17:50:55'),
(3121, 110, 1, 1, '2025-02-22 17:50:55', '2025-02-22 17:50:55'),
(3122, 69, 1, 1, '2025-02-22 17:50:56', '2025-02-22 17:50:56'),
(3123, 94, 1, 1, '2025-02-22 17:50:56', '2025-02-22 17:50:56'),
(3124, 1, 6, 1, '2025-02-27 17:36:00', '2025-02-27 17:36:00'),
(3125, 2, 6, 1, '2025-02-27 17:36:00', '2025-02-27 17:36:00'),
(3126, 3, 5, 1, '2025-02-27 17:36:00', '2025-02-27 17:36:00'),
(3127, 6, 6, 1, '2025-02-27 17:36:00', '2025-02-27 17:36:00'),
(3128, 7, 6, 1, '2025-02-27 17:36:00', '2025-02-27 17:36:00'),
(3129, 9, 6, 1, '2025-02-27 17:36:00', '2025-02-27 17:36:00'),
(3130, 10, 6, 1, '2025-02-27 17:36:00', '2025-02-27 17:36:00'),
(3131, 11, 6, 1, '2025-02-27 17:36:00', '2025-02-27 17:36:00'),
(3132, 12, 6, 1, '2025-02-27 17:36:00', '2025-02-27 17:36:00'),
(3133, 13, 6, 1, '2025-02-27 17:36:00', '2025-02-27 17:36:00'),
(3134, 14, 6, 1, '2025-02-27 17:36:00', '2025-02-27 17:36:00'),
(3135, 15, 6, 1, '2025-02-27 17:36:00', '2025-02-27 17:36:00'),
(3136, 16, 6, 1, '2025-02-27 17:36:00', '2025-02-27 17:36:00'),
(3137, 37, 6, 1, '2025-02-27 17:36:00', '2025-02-27 17:36:00'),
(3138, 38, 6, 1, '2025-02-27 17:36:00', '2025-02-27 17:36:00'),
(3139, 39, 6, 1, '2025-02-27 17:36:00', '2025-02-27 17:36:00'),
(3140, 40, 5, 1, '2025-02-27 17:36:00', '2025-02-27 17:36:00'),
(3141, 43, 6, 1, '2025-02-27 17:36:00', '2025-02-27 17:36:00'),
(3142, 45, 3, 1, '2025-02-27 17:36:00', '2025-02-27 17:36:00'),
(3143, 47, 5, 1, '2025-02-27 17:36:00', '2025-02-27 17:36:00'),
(3144, 57, 1, 1, '2025-02-27 17:36:00', '2025-02-27 17:36:00'),
(3145, 60, 1, 1, '2025-02-27 17:36:00', '2025-02-27 17:36:00'),
(3146, 68, 1, 1, '2025-02-27 17:36:00', '2025-02-27 17:36:00'),
(3147, 71, 1, 1, '2025-02-27 17:36:00', '2025-02-27 17:36:00'),
(3148, 89, 1, 1, '2025-02-27 17:36:00', '2025-02-27 17:36:00'),
(3149, 91, 1, 1, '2025-02-27 17:36:00', '2025-02-27 17:36:00'),
(3150, 103, 1, 1, '2025-02-27 17:36:00', '2025-02-27 17:36:00'),
(3151, 104, 1, 1, '2025-02-27 17:36:00', '2025-02-27 17:36:00'),
(3152, 105, 1, 1, '2025-02-27 17:36:00', '2025-02-27 17:36:00'),
(3153, 106, 1, 1, '2025-02-27 17:36:00', '2025-02-27 17:36:00'),
(3154, 107, 1, 1, '2025-02-27 17:36:00', '2025-02-27 17:36:00'),
(3155, 108, 1, 1, '2025-02-27 17:36:00', '2025-02-27 17:36:00'),
(3156, 109, 1, 1, '2025-02-27 17:36:00', '2025-02-27 17:36:00'),
(3157, 110, 1, 1, '2025-02-27 17:36:00', '2025-02-27 17:36:00'),
(3158, 69, 1, 1, '2025-02-27 17:36:04', '2025-02-27 17:36:04'),
(3159, 94, 1, 1, '2025-02-27 17:36:04', '2025-02-27 17:36:04'),
(3160, 1, 6, 1, '2025-03-08 19:39:13', '2025-03-08 19:39:13'),
(3161, 2, 6, 1, '2025-03-08 19:39:13', '2025-03-08 19:39:13'),
(3162, 3, 5, 1, '2025-03-08 19:39:13', '2025-03-08 19:39:13'),
(3163, 5, 6, 1, '2025-03-08 19:39:13', '2025-03-08 19:39:13'),
(3164, 6, 6, 1, '2025-03-08 19:39:13', '2025-03-08 19:39:13'),
(3165, 7, 6, 1, '2025-03-08 19:39:13', '2025-03-08 19:39:13'),
(3166, 8, 6, 1, '2025-03-08 19:39:13', '2025-03-08 19:39:13'),
(3167, 9, 6, 1, '2025-03-08 19:39:13', '2025-03-08 19:39:13'),
(3168, 10, 6, 1, '2025-03-08 19:39:13', '2025-03-08 19:39:13'),
(3169, 11, 6, 1, '2025-03-08 19:39:13', '2025-03-08 19:39:13'),
(3170, 12, 6, 1, '2025-03-08 19:39:13', '2025-03-08 19:39:13'),
(3171, 13, 6, 1, '2025-03-08 19:39:13', '2025-03-08 19:39:13'),
(3172, 14, 6, 1, '2025-03-08 19:39:13', '2025-03-08 19:39:13'),
(3173, 16, 6, 1, '2025-03-08 19:39:13', '2025-03-08 19:39:13'),
(3174, 17, 6, 1, '2025-03-08 19:39:13', '2025-03-08 19:39:13'),
(3175, 33, 5, 1, '2025-03-08 19:39:13', '2025-03-08 19:39:13'),
(3176, 39, 6, 1, '2025-03-08 19:39:13', '2025-03-08 19:39:13'),
(3177, 40, 5, 1, '2025-03-08 19:39:13', '2025-03-08 19:39:13'),
(3178, 43, 6, 1, '2025-03-08 19:39:13', '2025-03-08 19:39:13'),
(3179, 45, 3, 1, '2025-03-08 19:39:13', '2025-03-08 19:39:13'),
(3180, 46, 4, 1, '2025-03-08 19:39:13', '2025-03-08 19:39:13'),
(3181, 47, 5, 1, '2025-03-08 19:39:13', '2025-03-08 19:39:13'),
(3182, 57, 1, 1, '2025-03-08 19:39:13', '2025-03-08 19:39:13'),
(3183, 60, 1, 1, '2025-03-08 19:39:13', '2025-03-08 19:39:13'),
(3184, 68, 1, 1, '2025-03-08 19:39:13', '2025-03-08 19:39:13'),
(3185, 71, 1, 1, '2025-03-08 19:39:13', '2025-03-08 19:39:13'),
(3186, 89, 1, 1, '2025-03-08 19:39:13', '2025-03-08 19:39:13'),
(3187, 91, 1, 1, '2025-03-08 19:39:13', '2025-03-08 19:39:13'),
(3188, 103, 1, 1, '2025-03-08 19:39:13', '2025-03-08 19:39:13'),
(3189, 104, 1, 1, '2025-03-08 19:39:13', '2025-03-08 19:39:13'),
(3190, 105, 1, 1, '2025-03-08 19:39:13', '2025-03-08 19:39:13'),
(3191, 106, 1, 1, '2025-03-08 19:39:13', '2025-03-08 19:39:13'),
(3192, 107, 1, 1, '2025-03-08 19:39:13', '2025-03-08 19:39:13'),
(3193, 108, 1, 1, '2025-03-08 19:39:13', '2025-03-08 19:39:13'),
(3194, 109, 1, 1, '2025-03-08 19:39:13', '2025-03-08 19:39:13'),
(3195, 110, 1, 1, '2025-03-08 19:39:13', '2025-03-08 19:39:13'),
(3196, 69, 1, 1, '2025-03-08 19:39:15', '2025-03-08 19:39:15'),
(3197, 94, 1, 1, '2025-03-08 19:39:15', '2025-03-08 19:39:15'),
(3198, 15, 6, 1, '2025-03-09 18:18:36', '2025-03-09 18:18:36'),
(3199, 37, 6, 1, '2025-03-09 18:18:36', '2025-03-09 18:18:36'),
(3200, 38, 6, 1, '2025-03-09 18:18:36', '2025-03-09 18:18:36'),
(3201, 3, 5, 1, '2025-03-16 18:51:25', '2025-03-16 18:51:25'),
(3202, 10, 6, 1, '2025-03-16 18:51:25', '2025-03-16 18:51:25'),
(3203, 33, 5, 1, '2025-03-16 18:51:25', '2025-03-16 18:51:25'),
(3204, 40, 5, 1, '2025-03-16 18:51:25', '2025-03-16 18:51:25'),
(3205, 43, 6, 1, '2025-03-16 18:51:25', '2025-03-16 18:51:25'),
(3206, 45, 3, 1, '2025-03-16 18:51:25', '2025-03-16 18:51:25'),
(3207, 46, 4, 1, '2025-03-16 18:51:25', '2025-03-16 18:51:25'),
(3208, 47, 5, 1, '2025-03-16 18:51:25', '2025-03-16 18:51:25'),
(3209, 57, 2, 1, '2025-03-16 18:51:25', '2025-03-16 18:51:25'),
(3210, 60, 1, 1, '2025-03-16 18:51:25', '2025-03-16 18:51:25'),
(3211, 68, 1, 1, '2025-03-16 18:51:25', '2025-03-16 18:51:25'),
(3212, 71, 2, 1, '2025-03-16 18:51:25', '2025-03-16 18:51:25'),
(3213, 89, 1, 1, '2025-03-16 18:51:25', '2025-03-16 18:51:25'),
(3214, 91, 1, 1, '2025-03-16 18:51:25', '2025-03-16 18:51:25'),
(3215, 103, 2, 1, '2025-03-16 18:51:25', '2025-03-16 18:51:25'),
(3216, 104, 1, 1, '2025-03-16 18:51:25', '2025-03-16 18:51:25'),
(3217, 105, 1, 1, '2025-03-16 18:51:25', '2025-03-16 18:51:25'),
(3218, 106, 1, 1, '2025-03-16 18:51:25', '2025-03-16 18:51:25'),
(3219, 107, 2, 1, '2025-03-16 18:51:25', '2025-03-16 18:51:25'),
(3220, 108, 2, 1, '2025-03-16 18:51:25', '2025-03-16 18:51:25'),
(3221, 109, 2, 1, '2025-03-16 18:51:25', '2025-03-16 18:51:25'),
(3222, 110, 1, 1, '2025-03-16 18:51:25', '2025-03-16 18:51:25'),
(3223, 69, 1, 1, '2025-03-16 18:51:27', '2025-03-16 18:51:27'),
(3224, 94, 1, 1, '2025-03-16 18:51:27', '2025-03-16 18:51:27'),
(3225, 1, 6, 1, '2025-03-19 18:29:03', '2025-03-19 18:29:03'),
(3226, 2, 6, 1, '2025-03-19 18:29:03', '2025-03-19 18:29:03'),
(3227, 5, 6, 1, '2025-03-19 18:29:03', '2025-03-19 18:29:03'),
(3228, 6, 6, 1, '2025-03-19 18:29:03', '2025-03-19 18:29:03'),
(3229, 7, 6, 1, '2025-03-19 18:29:03', '2025-03-19 18:29:03'),
(3230, 8, 6, 1, '2025-03-19 18:29:03', '2025-03-19 18:29:03'),
(3231, 9, 6, 1, '2025-03-19 18:29:03', '2025-03-19 18:29:03'),
(3232, 11, 6, 1, '2025-03-19 18:29:03', '2025-03-19 18:29:03'),
(3233, 12, 6, 1, '2025-03-19 18:29:03', '2025-03-19 18:29:03'),
(3234, 13, 6, 1, '2025-03-19 18:29:03', '2025-03-19 18:29:03'),
(3235, 14, 6, 1, '2025-03-19 18:29:03', '2025-03-19 18:29:03'),
(3236, 15, 6, 1, '2025-03-19 18:29:03', '2025-03-19 18:29:03'),
(3237, 16, 6, 1, '2025-03-19 18:29:03', '2025-03-19 18:29:03'),
(3238, 17, 6, 1, '2025-03-19 18:29:03', '2025-03-19 18:29:03'),
(3239, 37, 6, 1, '2025-03-19 18:29:03', '2025-03-19 18:29:03'),
(3240, 38, 6, 1, '2025-03-19 18:29:03', '2025-03-19 18:29:03'),
(3241, 39, 6, 1, '2025-03-19 18:29:03', '2025-03-19 18:29:03'),
(3242, 3, 5, 1, '2025-03-24 18:06:35', '2025-03-24 18:06:35'),
(3243, 10, 6, 1, '2025-03-24 18:06:35', '2025-03-24 18:06:35'),
(3244, 33, 5, 1, '2025-03-24 18:06:35', '2025-03-24 18:06:35'),
(3245, 40, 5, 1, '2025-03-24 18:06:35', '2025-03-24 18:06:35'),
(3246, 43, 6, 1, '2025-03-24 18:06:35', '2025-03-24 18:06:35'),
(3247, 45, 3, 1, '2025-03-24 18:06:35', '2025-03-24 18:06:35'),
(3248, 46, 4, 1, '2025-03-24 18:06:35', '2025-03-24 18:06:35'),
(3249, 47, 5, 1, '2025-03-24 18:06:35', '2025-03-24 18:06:35'),
(3250, 57, 2, 1, '2025-03-24 18:06:35', '2025-03-24 18:06:35'),
(3251, 60, 1, 1, '2025-03-24 18:06:35', '2025-03-24 18:06:35'),
(3252, 68, 1, 1, '2025-03-24 18:06:35', '2025-03-24 18:06:35'),
(3253, 71, 2, 1, '2025-03-24 18:06:35', '2025-03-24 18:06:35'),
(3254, 89, 1, 1, '2025-03-24 18:06:35', '2025-03-24 18:06:35'),
(3255, 91, 1, 1, '2025-03-24 18:06:35', '2025-03-24 18:06:35'),
(3256, 103, 2, 1, '2025-03-24 18:06:35', '2025-03-24 18:06:35'),
(3257, 104, 1, 1, '2025-03-24 18:06:35', '2025-03-24 18:06:35'),
(3258, 105, 1, 1, '2025-03-24 18:06:35', '2025-03-24 18:06:35'),
(3259, 106, 1, 1, '2025-03-24 18:06:35', '2025-03-24 18:06:35'),
(3260, 107, 2, 1, '2025-03-24 18:06:35', '2025-03-24 18:06:35'),
(3261, 108, 2, 1, '2025-03-24 18:06:35', '2025-03-24 18:06:35'),
(3262, 109, 2, 1, '2025-03-24 18:06:35', '2025-03-24 18:06:35'),
(3263, 110, 1, 1, '2025-03-24 18:06:35', '2025-03-24 18:06:35'),
(3264, 94, 1, 1, '2025-03-24 18:06:37', '2025-03-24 18:06:37'),
(3265, 69, 1, 1, '2025-03-24 23:00:00', '2025-03-25 19:17:14'),
(3266, 1, 6, 1, '2025-03-30 17:12:08', '2025-03-30 17:12:08'),
(3267, 2, 6, 1, '2025-03-30 17:12:08', '2025-03-30 17:12:08'),
(3268, 5, 6, 1, '2025-03-30 17:12:08', '2025-03-30 17:12:08'),
(3269, 6, 6, 1, '2025-03-30 17:12:08', '2025-03-30 17:12:08'),
(3270, 7, 6, 1, '2025-03-30 17:12:08', '2025-03-30 17:12:08'),
(3271, 8, 6, 1, '2025-03-30 17:12:08', '2025-03-30 17:12:08'),
(3272, 9, 6, 1, '2025-03-30 17:12:08', '2025-03-30 17:12:08'),
(3273, 11, 6, 1, '2025-03-30 17:12:08', '2025-03-30 17:12:08'),
(3274, 12, 6, 1, '2025-03-30 17:12:08', '2025-03-30 17:12:08'),
(3275, 13, 6, 1, '2025-03-30 17:12:08', '2025-03-30 17:12:08'),
(3276, 14, 6, 1, '2025-03-30 17:12:08', '2025-03-30 17:12:08'),
(3277, 15, 6, 1, '2025-03-30 17:12:08', '2025-03-30 17:12:08'),
(3278, 16, 6, 1, '2025-03-30 17:12:08', '2025-03-30 17:12:08'),
(3279, 17, 6, 1, '2025-03-30 17:12:08', '2025-03-30 17:12:08'),
(3280, 37, 6, 1, '2025-03-30 17:12:08', '2025-03-30 17:12:08'),
(3281, 38, 6, 1, '2025-03-30 17:12:08', '2025-03-30 17:12:08'),
(3282, 39, 6, 1, '2025-03-30 17:12:08', '2025-03-30 17:12:08'),
(3283, 45, 3, 1, '2025-03-30 17:12:09', '2025-03-30 17:12:09'),
(3284, 46, 4, 1, '2025-03-30 17:12:09', '2025-03-30 17:12:09'),
(3285, 57, 2, 1, '2025-03-30 17:12:09', '2025-03-30 17:12:09'),
(3286, 60, 1, 1, '2025-03-30 17:12:09', '2025-03-30 17:12:09'),
(3287, 68, 1, 1, '2025-03-30 17:12:09', '2025-03-30 17:12:09'),
(3288, 71, 2, 1, '2025-03-30 17:12:09', '2025-03-30 17:12:09'),
(3289, 89, 1, 1, '2025-03-30 17:12:09', '2025-03-30 17:12:09'),
(3290, 91, 1, 1, '2025-03-30 17:12:09', '2025-03-30 17:12:09'),
(3291, 103, 2, 1, '2025-03-30 17:12:09', '2025-03-30 17:12:09'),
(3292, 104, 1, 1, '2025-03-30 17:12:09', '2025-03-30 17:12:09'),
(3293, 105, 1, 1, '2025-03-30 17:12:09', '2025-03-30 17:12:09'),
(3294, 106, 1, 1, '2025-03-30 17:12:09', '2025-03-30 17:12:09'),
(3295, 107, 2, 1, '2025-03-30 17:12:09', '2025-03-30 17:12:09'),
(3296, 108, 2, 1, '2025-03-30 17:12:09', '2025-03-30 17:12:09'),
(3297, 109, 2, 1, '2025-03-30 17:12:09', '2025-03-30 17:12:09'),
(3298, 110, 1, 1, '2025-03-30 17:12:09', '2025-03-30 17:12:09'),
(3299, 94, 1, 1, '2025-03-30 17:12:11', '2025-03-30 17:12:11'),
(3300, 3, 5, 1, '2025-04-02 17:44:27', '2025-04-02 17:44:27'),
(3301, 10, 6, 1, '2025-04-02 17:44:27', '2025-04-02 17:44:27'),
(3302, 33, 5, 1, '2025-04-02 17:44:27', '2025-04-02 17:44:27'),
(3303, 40, 5, 1, '2025-04-02 17:44:27', '2025-04-02 17:44:27'),
(3304, 43, 6, 1, '2025-04-02 17:44:27', '2025-04-02 17:44:27'),
(3305, 47, 5, 1, '2025-04-02 17:44:27', '2025-04-02 17:44:27'),
(3306, 6, 6, 1, '2025-04-06 14:27:58', '2025-04-06 14:27:58'),
(3307, 9, 6, 1, '2025-04-06 14:27:58', '2025-04-06 14:27:58'),
(3308, 12, 6, 1, '2025-04-06 14:27:58', '2025-04-06 14:27:58'),
(3309, 14, 6, 1, '2025-04-06 14:27:58', '2025-04-06 14:27:58'),
(3310, 15, 6, 1, '2025-04-06 14:27:58', '2025-04-06 14:27:58'),
(3311, 16, 6, 1, '2025-04-06 14:27:58', '2025-04-06 14:27:58'),
(3312, 45, 4, 1, '2025-04-06 14:27:58', '2025-04-06 14:27:58'),
(3313, 46, 4, 1, '2025-04-06 14:27:58', '2025-04-06 14:27:58'),
(3314, 57, 2, 1, '2025-04-06 14:27:58', '2025-04-06 14:27:58'),
(3315, 60, 1, 1, '2025-04-06 14:27:58', '2025-04-06 14:27:58'),
(3316, 68, 1, 1, '2025-04-06 14:27:58', '2025-04-06 14:27:58'),
(3317, 71, 2, 1, '2025-04-06 14:27:58', '2025-04-06 14:27:58'),
(3318, 89, 1, 1, '2025-04-06 14:27:58', '2025-04-06 14:27:58'),
(3319, 91, 1, 1, '2025-04-06 14:27:58', '2025-04-06 14:27:58'),
(3320, 103, 2, 1, '2025-04-06 14:27:58', '2025-04-06 14:27:58'),
(3321, 104, 1, 1, '2025-04-06 14:27:58', '2025-04-06 14:27:58'),
(3322, 105, 1, 1, '2025-04-06 14:27:58', '2025-04-06 14:27:58'),
(3323, 106, 1, 1, '2025-04-06 14:27:58', '2025-04-06 14:27:58'),
(3324, 107, 2, 1, '2025-04-06 14:27:58', '2025-04-06 14:27:58'),
(3325, 108, 2, 1, '2025-04-06 14:27:58', '2025-04-06 14:27:58'),
(3326, 109, 2, 1, '2025-04-06 14:27:58', '2025-04-06 14:27:58'),
(3327, 110, 1, 1, '2025-04-06 14:27:58', '2025-04-06 14:27:58'),
(3328, 94, 1, 1, '2025-04-06 14:28:14', '2025-04-06 14:28:14'),
(3329, 10, 6, 1, '2025-04-05 22:00:00', '2025-04-06 14:28:30'),
(3330, 43, 6, 1, '2025-04-05 22:00:00', '2025-04-06 14:28:37'),
(3331, 1, 6, 1, '2025-04-10 16:36:00', '2025-04-10 16:36:00');
INSERT INTO `animal_feedings` (`id`, `animal_id`, `feed_id`, `amount`, `created_at`, `updated_at`) VALUES
(3332, 2, 6, 1, '2025-04-10 16:36:00', '2025-04-10 16:36:00'),
(3333, 3, 5, 1, '2025-04-10 16:36:00', '2025-04-10 16:36:00'),
(3334, 5, 6, 1, '2025-04-10 16:36:00', '2025-04-10 16:36:00'),
(3335, 7, 6, 1, '2025-04-10 16:36:00', '2025-04-10 16:36:00'),
(3336, 8, 6, 1, '2025-04-10 16:36:00', '2025-04-10 16:36:00'),
(3337, 11, 6, 1, '2025-04-10 16:36:00', '2025-04-10 16:36:00'),
(3338, 13, 6, 1, '2025-04-10 16:36:00', '2025-04-10 16:36:00'),
(3339, 17, 6, 1, '2025-04-10 16:36:00', '2025-04-10 16:36:00'),
(3340, 33, 5, 1, '2025-04-10 16:36:00', '2025-04-10 16:36:00'),
(3341, 37, 6, 1, '2025-04-10 16:36:00', '2025-04-10 16:36:00'),
(3342, 38, 6, 1, '2025-04-10 16:36:00', '2025-04-10 16:36:00'),
(3343, 39, 6, 1, '2025-04-10 16:36:00', '2025-04-10 16:36:00'),
(3344, 40, 5, 1, '2025-04-10 16:36:00', '2025-04-10 16:36:00'),
(3345, 47, 5, 1, '2025-04-10 16:36:00', '2025-04-10 16:36:00'),
(3346, 6, 6, 1, '2025-04-14 15:50:57', '2025-04-14 15:50:57'),
(3347, 9, 6, 1, '2025-04-14 15:50:57', '2025-04-14 15:50:57'),
(3348, 10, 6, 1, '2025-04-14 15:50:57', '2025-04-14 15:50:57'),
(3349, 12, 6, 1, '2025-04-14 15:50:57', '2025-04-14 15:50:57'),
(3350, 14, 6, 1, '2025-04-14 15:50:57', '2025-04-14 15:50:57'),
(3351, 15, 6, 1, '2025-04-14 15:50:57', '2025-04-14 15:50:57'),
(3352, 16, 6, 1, '2025-04-14 15:50:57', '2025-04-14 15:50:57'),
(3353, 43, 6, 1, '2025-04-14 15:50:57', '2025-04-14 15:50:57'),
(3354, 45, 4, 1, '2025-04-14 15:50:57', '2025-04-14 15:50:57'),
(3355, 46, 4, 1, '2025-04-14 15:50:57', '2025-04-14 15:50:57'),
(3356, 57, 2, 1, '2025-04-14 15:50:57', '2025-04-14 15:50:57'),
(3357, 60, 1, 1, '2025-04-14 15:50:57', '2025-04-14 15:50:57'),
(3358, 68, 1, 1, '2025-04-14 15:50:58', '2025-04-14 15:50:58'),
(3359, 71, 2, 1, '2025-04-14 15:50:58', '2025-04-14 15:50:58'),
(3360, 89, 1, 1, '2025-04-14 15:50:58', '2025-04-14 15:50:58'),
(3361, 91, 1, 1, '2025-04-14 15:50:58', '2025-04-14 15:50:58'),
(3362, 103, 2, 1, '2025-04-14 15:50:58', '2025-04-14 15:50:58'),
(3363, 104, 1, 1, '2025-04-14 15:50:58', '2025-04-14 15:50:58'),
(3364, 105, 1, 1, '2025-04-14 15:50:58', '2025-04-14 15:50:58'),
(3365, 106, 1, 1, '2025-04-14 15:50:58', '2025-04-14 15:50:58'),
(3366, 107, 2, 1, '2025-04-14 15:50:58', '2025-04-14 15:50:58'),
(3367, 108, 2, 1, '2025-04-14 15:50:58', '2025-04-14 15:50:58'),
(3368, 109, 2, 1, '2025-04-14 15:50:58', '2025-04-14 15:50:58'),
(3369, 110, 1, 1, '2025-04-14 15:50:58', '2025-04-14 15:50:58'),
(3370, 94, 1, 1, '2025-04-21 17:32:52', '2025-04-21 17:32:52'),
(3371, 1, 6, 1, '2025-04-21 17:33:03', '2025-04-21 17:33:03'),
(3372, 2, 6, 1, '2025-04-21 17:33:03', '2025-04-21 17:33:03'),
(3373, 3, 5, 1, '2025-04-21 17:33:03', '2025-04-21 17:33:03'),
(3374, 5, 6, 1, '2025-04-21 17:33:03', '2025-04-21 17:33:03'),
(3375, 6, 6, 1, '2025-04-21 17:33:03', '2025-04-21 17:33:03'),
(3376, 7, 6, 1, '2025-04-21 17:33:03', '2025-04-21 17:33:03'),
(3377, 8, 6, 1, '2025-04-21 17:33:03', '2025-04-21 17:33:03'),
(3378, 9, 6, 1, '2025-04-21 17:33:03', '2025-04-21 17:33:03'),
(3379, 11, 6, 1, '2025-04-21 17:33:03', '2025-04-21 17:33:03'),
(3380, 12, 6, 1, '2025-04-21 17:33:03', '2025-04-21 17:33:03'),
(3381, 13, 6, 1, '2025-04-21 17:33:03', '2025-04-21 17:33:03'),
(3384, 16, 6, 1, '2025-04-21 17:33:03', '2025-04-21 17:33:03'),
(3385, 17, 6, 1, '2025-04-21 17:33:03', '2025-04-21 17:33:03'),
(3386, 33, 5, 1, '2025-04-21 17:33:03', '2025-04-21 17:33:03'),
(3387, 37, 6, 1, '2025-04-21 17:33:03', '2025-04-21 17:33:03'),
(3388, 38, 6, 1, '2025-04-21 17:33:03', '2025-04-21 17:33:03'),
(3389, 39, 6, 1, '2025-04-21 17:33:03', '2025-04-21 17:33:03'),
(3390, 40, 5, 1, '2025-04-21 17:33:03', '2025-04-21 17:33:03'),
(3391, 43, 6, 1, '2025-04-21 17:33:03', '2025-04-21 17:33:03'),
(3392, 45, 4, 1, '2025-04-21 17:33:03', '2025-04-21 17:33:03'),
(3393, 46, 4, 1, '2025-04-21 17:33:03', '2025-04-21 17:33:03'),
(3394, 47, 5, 1, '2025-04-21 17:33:03', '2025-04-21 17:33:03'),
(3395, 57, 2, 1, '2025-04-21 17:33:03', '2025-04-21 17:33:03'),
(3396, 60, 1, 1, '2025-04-21 17:33:03', '2025-04-21 17:33:03'),
(3397, 68, 1, 1, '2025-04-21 17:33:03', '2025-04-21 17:33:03'),
(3398, 71, 2, 1, '2025-04-21 17:33:03', '2025-04-21 17:33:03'),
(3399, 89, 1, 1, '2025-04-21 17:33:03', '2025-04-21 17:33:03'),
(3400, 91, 1, 1, '2025-04-21 17:33:03', '2025-04-21 17:33:03'),
(3401, 103, 2, 1, '2025-04-21 17:33:03', '2025-04-21 17:33:03'),
(3402, 104, 1, 1, '2025-04-21 17:33:03', '2025-04-21 17:33:03'),
(3403, 105, 1, 1, '2025-04-21 17:33:03', '2025-04-21 17:33:03'),
(3404, 106, 1, 1, '2025-04-21 17:33:03', '2025-04-21 17:33:03'),
(3405, 107, 2, 1, '2025-04-21 17:33:03', '2025-04-21 17:33:03'),
(3406, 108, 2, 1, '2025-04-21 17:33:03', '2025-04-21 17:33:03'),
(3407, 109, 2, 1, '2025-04-21 17:33:03', '2025-04-21 17:33:03'),
(3408, 110, 1, 1, '2025-04-21 17:33:03', '2025-04-21 17:33:03'),
(3409, 10, 9, 1, '2025-04-20 22:00:00', '2025-04-21 17:33:11'),
(3410, 14, 9, 1, '2025-04-20 22:00:00', '2025-04-23 18:46:55'),
(3411, 15, 9, 1, '2025-04-20 22:00:00', '2025-04-23 18:47:26'),
(3412, 3, 5, 1, '2025-04-29 17:14:17', '2025-04-29 17:14:17'),
(3413, 6, 6, 1, '2025-04-29 17:14:17', '2025-04-29 17:14:17'),
(3414, 9, 6, 1, '2025-04-29 17:14:17', '2025-04-29 17:14:17'),
(3415, 10, 6, 1, '2025-04-29 17:14:17', '2025-04-29 17:14:17'),
(3416, 12, 9, 1, '2025-04-29 17:14:17', '2025-04-29 17:14:17'),
(3417, 14, 9, 1, '2025-04-29 17:14:17', '2025-04-29 17:14:17'),
(3418, 15, 6, 1, '2025-04-29 17:14:17', '2025-04-29 17:14:17'),
(3419, 16, 6, 1, '2025-04-29 17:14:17', '2025-04-29 17:14:17'),
(3420, 33, 5, 1, '2025-04-29 17:14:17', '2025-04-29 17:14:17'),
(3421, 38, 6, 1, '2025-04-29 17:14:17', '2025-04-29 17:14:17'),
(3422, 39, 6, 1, '2025-04-29 17:14:17', '2025-04-29 17:14:17'),
(3423, 40, 5, 1, '2025-04-29 17:14:17', '2025-04-29 17:14:17'),
(3424, 43, 6, 1, '2025-04-29 17:14:17', '2025-04-29 17:14:17'),
(3425, 45, 4, 1, '2025-04-29 17:14:17', '2025-04-29 17:14:17'),
(3426, 46, 4, 1, '2025-04-29 17:14:17', '2025-04-29 17:14:17'),
(3427, 47, 5, 1, '2025-04-29 17:14:17', '2025-04-29 17:14:17'),
(3428, 57, 2, 1, '2025-04-29 17:14:17', '2025-04-29 17:14:17'),
(3429, 60, 1, 1, '2025-04-29 17:14:17', '2025-04-29 17:14:17'),
(3430, 68, 1, 1, '2025-04-29 17:14:17', '2025-04-29 17:14:17'),
(3431, 71, 2, 1, '2025-04-29 17:14:17', '2025-04-29 17:14:17'),
(3432, 89, 1, 1, '2025-04-29 17:14:17', '2025-04-29 17:14:17'),
(3433, 91, 1, 1, '2025-04-29 17:14:17', '2025-04-29 17:14:17'),
(3434, 103, 2, 1, '2025-04-29 17:14:17', '2025-04-29 17:14:17'),
(3435, 104, 1, 1, '2025-04-29 17:14:17', '2025-04-29 17:14:17'),
(3436, 105, 1, 1, '2025-04-29 17:14:17', '2025-04-29 17:14:17'),
(3437, 106, 1, 1, '2025-04-29 17:14:17', '2025-04-29 17:14:17'),
(3438, 107, 2, 1, '2025-04-29 17:14:17', '2025-04-29 17:14:17'),
(3439, 108, 2, 1, '2025-04-29 17:14:17', '2025-04-29 17:14:17'),
(3440, 109, 2, 1, '2025-04-29 17:14:17', '2025-04-29 17:14:17'),
(3441, 110, 1, 1, '2025-04-29 17:14:17', '2025-04-29 17:14:17'),
(3442, 94, 1, 1, '2025-04-29 17:14:19', '2025-04-29 17:14:19'),
(3443, 1, 6, 1, '2025-05-04 03:52:25', '2025-05-04 03:52:25'),
(3444, 2, 6, 1, '2025-05-04 03:52:25', '2025-05-04 03:52:25'),
(3445, 5, 6, 1, '2025-05-04 03:52:25', '2025-05-04 03:52:25'),
(3446, 7, 6, 1, '2025-05-04 03:52:25', '2025-05-04 03:52:25'),
(3447, 8, 6, 1, '2025-05-04 03:52:25', '2025-05-04 03:52:25'),
(3448, 11, 6, 1, '2025-05-04 03:52:25', '2025-05-04 03:52:25'),
(3449, 13, 6, 1, '2025-05-04 03:52:25', '2025-05-04 03:52:25'),
(3450, 17, 6, 1, '2025-05-04 03:52:25', '2025-05-04 03:52:25'),
(3451, 37, 6, 1, '2025-05-04 03:52:25', '2025-05-04 03:52:25'),
(3452, 1, 6, 1, '2025-05-07 16:50:33', '2025-05-07 16:50:33'),
(3453, 3, 5, 1, '2025-05-07 16:50:33', '2025-05-07 16:50:33'),
(3454, 6, 9, 1, '2025-05-07 16:50:33', '2025-05-07 16:50:33'),
(3455, 9, 6, 1, '2025-05-07 16:50:33', '2025-05-07 16:50:33'),
(3456, 10, 6, 1, '2025-05-07 16:50:33', '2025-05-07 16:50:33'),
(3457, 11, 6, 1, '2025-05-07 16:50:33', '2025-05-07 16:50:33'),
(3458, 12, 6, 1, '2025-05-07 16:50:33', '2025-05-07 16:50:33'),
(3459, 13, 6, 1, '2025-05-07 16:50:33', '2025-05-07 16:50:33'),
(3460, 14, 9, 1, '2025-05-07 16:50:33', '2025-05-07 16:50:33'),
(3461, 15, 6, 1, '2025-05-07 16:50:33', '2025-05-07 16:50:33'),
(3462, 16, 6, 1, '2025-05-07 16:50:33', '2025-05-07 16:50:33'),
(3463, 33, 5, 1, '2025-05-07 16:50:33', '2025-05-07 16:50:33'),
(3464, 40, 5, 1, '2025-05-07 16:50:33', '2025-05-07 16:50:33'),
(3465, 43, 9, 1, '2025-05-07 16:50:33', '2025-05-07 16:50:33'),
(3466, 45, 4, 1, '2025-05-07 16:50:33', '2025-05-07 16:50:33'),
(3467, 46, 4, 1, '2025-05-07 16:50:33', '2025-05-07 16:50:33'),
(3468, 47, 5, 1, '2025-05-07 16:50:33', '2025-05-07 16:50:33'),
(3469, 57, 2, 1, '2025-05-07 16:50:33', '2025-05-07 16:50:33'),
(3470, 60, 1, 1, '2025-05-07 16:50:33', '2025-05-07 16:50:33'),
(3471, 68, 1, 1, '2025-05-07 16:50:33', '2025-05-07 16:50:33'),
(3472, 71, 2, 1, '2025-05-07 16:50:33', '2025-05-07 16:50:33'),
(3473, 89, 1, 1, '2025-05-07 16:50:33', '2025-05-07 16:50:33'),
(3474, 91, 1, 1, '2025-05-07 16:50:33', '2025-05-07 16:50:33'),
(3475, 103, 2, 1, '2025-05-07 16:50:33', '2025-05-07 16:50:33'),
(3476, 104, 1, 1, '2025-05-07 16:50:33', '2025-05-07 16:50:33'),
(3477, 105, 1, 1, '2025-05-07 16:50:33', '2025-05-07 16:50:33'),
(3478, 106, 1, 1, '2025-05-07 16:50:33', '2025-05-07 16:50:33'),
(3479, 107, 2, 1, '2025-05-07 16:50:33', '2025-05-07 16:50:33'),
(3480, 108, 2, 1, '2025-05-07 16:50:33', '2025-05-07 16:50:33'),
(3481, 109, 2, 1, '2025-05-07 16:50:33', '2025-05-07 16:50:33'),
(3482, 110, 1, 1, '2025-05-07 16:50:33', '2025-05-07 16:50:33'),
(3483, 94, 1, 1, '2025-05-07 16:50:35', '2025-05-07 16:50:35'),
(3484, 2, 6, 1, '2025-05-14 17:39:03', '2025-05-14 17:39:03'),
(3485, 5, 6, 1, '2025-05-14 17:39:03', '2025-05-14 17:39:03'),
(3486, 6, 9, 1, '2025-05-14 17:39:03', '2025-05-14 17:39:03'),
(3487, 7, 6, 1, '2025-05-14 17:39:03', '2025-05-14 17:39:03'),
(3488, 8, 6, 1, '2025-05-14 17:39:03', '2025-05-14 17:39:03'),
(3489, 9, 6, 1, '2025-05-14 17:39:03', '2025-05-14 17:39:03'),
(3490, 10, 6, 1, '2025-05-14 17:39:03', '2025-05-14 17:39:03'),
(3491, 17, 6, 1, '2025-05-14 17:39:03', '2025-05-14 17:39:03'),
(3492, 37, 6, 1, '2025-05-14 17:39:03', '2025-05-14 17:39:03'),
(3493, 38, 6, 1, '2025-05-14 17:39:03', '2025-05-14 17:39:03'),
(3494, 39, 6, 1, '2025-05-14 17:39:04', '2025-05-14 17:39:04'),
(3495, 45, 4, 1, '2025-05-14 17:39:04', '2025-05-14 17:39:04'),
(3496, 46, 4, 1, '2025-05-14 17:39:04', '2025-05-14 17:39:04'),
(3497, 57, 2, 1, '2025-05-14 17:39:04', '2025-05-14 17:39:04'),
(3498, 60, 1, 1, '2025-05-14 17:39:04', '2025-05-14 17:39:04'),
(3499, 68, 1, 1, '2025-05-14 17:39:04', '2025-05-14 17:39:04'),
(3500, 71, 2, 1, '2025-05-14 17:39:04', '2025-05-14 17:39:04'),
(3501, 89, 1, 1, '2025-05-14 17:39:04', '2025-05-14 17:39:04'),
(3502, 91, 1, 1, '2025-05-14 17:39:04', '2025-05-14 17:39:04'),
(3503, 103, 2, 1, '2025-05-14 17:39:04', '2025-05-14 17:39:04'),
(3504, 104, 1, 1, '2025-05-14 17:39:04', '2025-05-14 17:39:04'),
(3505, 105, 1, 1, '2025-05-14 17:39:04', '2025-05-14 17:39:04'),
(3506, 106, 1, 1, '2025-05-14 17:39:04', '2025-05-14 17:39:04'),
(3507, 107, 2, 1, '2025-05-14 17:39:04', '2025-05-14 17:39:04'),
(3508, 108, 2, 1, '2025-05-14 17:39:04', '2025-05-14 17:39:04'),
(3509, 109, 2, 1, '2025-05-14 17:39:04', '2025-05-14 17:39:04'),
(3510, 110, 1, 1, '2025-05-14 17:39:04', '2025-05-14 17:39:04'),
(3511, 3, 5, 1, '2025-05-13 22:00:00', '2025-05-14 17:39:15'),
(3512, 33, 5, 1, '2025-05-13 22:00:00', '2025-05-14 17:39:19'),
(3513, 40, 5, 1, '2025-05-13 22:00:00', '2025-05-14 17:39:35'),
(3514, 47, 5, 1, '2025-05-13 22:00:00', '2025-05-14 17:39:43'),
(3515, 94, 1, 1, '2025-05-13 22:00:00', '2025-05-14 17:39:50'),
(3516, 1, 6, 1, '2025-05-20 16:55:24', '2025-05-20 16:55:24'),
(3517, 10, 6, 1, '2025-05-20 16:55:24', '2025-05-20 16:55:24'),
(3518, 11, 6, 1, '2025-05-20 16:55:24', '2025-05-20 16:55:24'),
(3519, 12, 6, 1, '2025-05-20 16:55:24', '2025-05-20 16:55:24'),
(3520, 13, 6, 1, '2025-05-20 16:55:24', '2025-05-20 16:55:24'),
(3521, 14, 6, 1, '2025-05-20 16:55:24', '2025-05-20 16:55:24'),
(3522, 15, 6, 1, '2025-05-20 16:55:24', '2025-05-20 16:55:24'),
(3523, 16, 6, 1, '2025-05-20 16:55:24', '2025-05-20 16:55:24'),
(3524, 43, 9, 1, '2025-05-20 16:55:24', '2025-05-20 16:55:24'),
(3525, 57, 2, 1, '2025-05-20 16:55:24', '2025-05-20 16:55:24'),
(3526, 60, 1, 1, '2025-05-20 16:55:24', '2025-05-20 16:55:24'),
(3527, 68, 1, 1, '2025-05-20 16:55:24', '2025-05-20 16:55:24'),
(3528, 71, 2, 1, '2025-05-20 16:55:24', '2025-05-20 16:55:24'),
(3529, 89, 1, 1, '2025-05-20 16:55:24', '2025-05-20 16:55:24'),
(3530, 91, 1, 1, '2025-05-20 16:55:24', '2025-05-20 16:55:24'),
(3531, 103, 2, 1, '2025-05-20 16:55:24', '2025-05-20 16:55:24'),
(3532, 104, 1, 1, '2025-05-20 16:55:24', '2025-05-20 16:55:24'),
(3533, 105, 1, 1, '2025-05-20 16:55:24', '2025-05-20 16:55:24'),
(3534, 106, 1, 1, '2025-05-20 16:55:24', '2025-05-20 16:55:24'),
(3535, 107, 2, 1, '2025-05-20 16:55:24', '2025-05-20 16:55:24'),
(3536, 108, 2, 1, '2025-05-20 16:55:24', '2025-05-20 16:55:24'),
(3537, 109, 2, 1, '2025-05-20 16:55:24', '2025-05-20 16:55:24'),
(3538, 110, 1, 1, '2025-05-20 16:55:24', '2025-05-20 16:55:24'),
(3539, 94, 1, 1, '2025-05-19 22:00:00', '2025-05-20 16:56:24'),
(3540, 2, 6, 1, '2025-05-26 15:51:24', '2025-05-26 15:51:24'),
(3541, 3, 5, 1, '2025-05-26 15:51:24', '2025-05-26 15:51:24'),
(3542, 5, 6, 1, '2025-05-26 15:51:24', '2025-05-26 15:51:24'),
(3543, 6, 6, 1, '2025-05-26 15:51:24', '2025-05-26 15:51:24'),
(3544, 7, 6, 1, '2025-05-26 15:51:24', '2025-05-26 15:51:24'),
(3545, 8, 6, 1, '2025-05-26 15:51:24', '2025-05-26 15:51:24'),
(3546, 9, 6, 1, '2025-05-26 15:51:24', '2025-05-26 15:51:24'),
(3547, 17, 6, 1, '2025-05-26 15:51:24', '2025-05-26 15:51:24'),
(3548, 33, 6, 1, '2025-05-26 15:51:24', '2025-05-26 15:51:24'),
(3549, 37, 6, 1, '2025-05-26 15:51:24', '2025-05-26 15:51:24'),
(3550, 38, 6, 1, '2025-05-26 15:51:24', '2025-05-26 15:51:24'),
(3551, 39, 6, 1, '2025-05-26 15:51:24', '2025-05-26 15:51:24'),
(3552, 40, 6, 1, '2025-05-26 15:51:24', '2025-05-26 15:51:24'),
(3553, 45, 4, 1, '2025-05-26 15:51:24', '2025-05-26 15:51:24'),
(3554, 46, 4, 1, '2025-05-26 15:51:24', '2025-05-26 15:51:24'),
(3555, 47, 5, 1, '2025-05-26 15:51:24', '2025-05-26 15:51:24'),
(3556, 57, 2, 1, '2025-05-26 15:51:24', '2025-05-26 15:51:24'),
(3557, 60, 1, 1, '2025-05-26 15:51:24', '2025-05-26 15:51:24'),
(3558, 68, 1, 1, '2025-05-26 15:51:24', '2025-05-26 15:51:24'),
(3559, 71, 2, 1, '2025-05-26 15:51:24', '2025-05-26 15:51:24'),
(3560, 89, 1, 1, '2025-05-26 15:51:24', '2025-05-26 15:51:24'),
(3561, 91, 1, 1, '2025-05-26 15:51:24', '2025-05-26 15:51:24'),
(3562, 103, 2, 1, '2025-05-26 15:51:24', '2025-05-26 15:51:24'),
(3563, 104, 1, 1, '2025-05-26 15:51:24', '2025-05-26 15:51:24'),
(3564, 105, 1, 1, '2025-05-26 15:51:24', '2025-05-26 15:51:24'),
(3565, 106, 1, 1, '2025-05-26 15:51:24', '2025-05-26 15:51:24'),
(3566, 107, 2, 1, '2025-05-26 15:51:24', '2025-05-26 15:51:24'),
(3567, 108, 2, 1, '2025-05-26 15:51:24', '2025-05-26 15:51:24'),
(3568, 109, 2, 1, '2025-05-26 15:51:24', '2025-05-26 15:51:24'),
(3569, 110, 1, 1, '2025-05-26 15:51:24', '2025-05-26 15:51:24'),
(3570, 94, 1, 1, '2025-05-26 15:51:26', '2025-05-26 15:51:26'),
(3571, 1, 6, 1, '2025-06-02 15:21:20', '2025-06-02 15:21:20'),
(3573, 6, 6, 1, '2025-06-02 15:21:20', '2025-06-02 15:21:20'),
(3574, 9, 6, 1, '2025-06-02 15:21:20', '2025-06-02 15:21:20'),
(3575, 10, 6, 1, '2025-06-02 15:21:20', '2025-06-02 15:21:20'),
(3576, 11, 6, 1, '2025-06-02 15:21:20', '2025-06-02 15:21:20'),
(3577, 12, 6, 1, '2025-06-02 15:21:20', '2025-06-02 15:21:20'),
(3578, 13, 6, 1, '2025-06-02 15:21:20', '2025-06-02 15:21:20'),
(3579, 14, 6, 1, '2025-06-02 15:21:20', '2025-06-02 15:21:20'),
(3580, 15, 6, 1, '2025-06-02 15:21:20', '2025-06-02 15:21:20'),
(3581, 16, 6, 1, '2025-06-02 15:21:20', '2025-06-02 15:21:20'),
(3582, 33, 6, 1, '2025-06-02 15:21:20', '2025-06-02 15:21:20'),
(3583, 38, 6, 1, '2025-06-02 15:21:20', '2025-06-02 15:21:20'),
(3584, 39, 6, 1, '2025-06-02 15:21:20', '2025-06-02 15:21:20'),
(3585, 43, 6, 1, '2025-06-02 15:21:20', '2025-06-02 15:21:20'),
(3586, 45, 4, 1, '2025-06-02 15:21:20', '2025-06-02 15:21:20'),
(3587, 46, 4, 1, '2025-06-02 15:21:21', '2025-06-02 15:21:21'),
(3588, 47, 5, 1, '2025-06-02 15:21:21', '2025-06-02 15:21:21'),
(3589, 57, 2, 1, '2025-06-02 15:21:21', '2025-06-02 15:21:21'),
(3590, 60, 2, 1, '2025-06-02 15:21:21', '2025-06-02 15:21:21'),
(3591, 68, 2, 1, '2025-06-02 15:21:21', '2025-06-02 15:21:21'),
(3592, 71, 2, 1, '2025-06-02 15:21:21', '2025-06-02 15:21:21'),
(3593, 89, 1, 1, '2025-06-02 15:21:21', '2025-06-02 15:21:21'),
(3594, 91, 1, 1, '2025-06-02 15:21:21', '2025-06-02 15:21:21'),
(3595, 103, 2, 1, '2025-06-02 15:21:21', '2025-06-02 15:21:21'),
(3596, 104, 1, 1, '2025-06-02 15:21:21', '2025-06-02 15:21:21'),
(3597, 105, 1, 1, '2025-06-02 15:21:21', '2025-06-02 15:21:21'),
(3598, 106, 1, 1, '2025-06-02 15:21:21', '2025-06-02 15:21:21'),
(3599, 107, 2, 1, '2025-06-02 15:21:21', '2025-06-02 15:21:21'),
(3600, 108, 2, 1, '2025-06-02 15:21:21', '2025-06-02 15:21:21'),
(3601, 109, 2, 1, '2025-06-02 15:21:21', '2025-06-02 15:21:21'),
(3602, 110, 1, 1, '2025-06-02 15:21:21', '2025-06-02 15:21:21'),
(3603, 94, 1, 1, '2025-06-02 15:21:23', '2025-06-02 15:21:23'),
(3604, 3, 5, 1, '2025-06-02 15:21:31', '2025-06-02 15:21:31'),
(3605, 2, 6, 1, '2025-06-07 15:33:56', '2025-06-07 15:33:56'),
(3606, 5, 6, 1, '2025-06-07 15:33:56', '2025-06-07 15:33:56'),
(3607, 7, 6, 1, '2025-06-07 15:33:56', '2025-06-07 15:33:56'),
(3608, 8, 6, 1, '2025-06-07 15:33:56', '2025-06-07 15:33:56'),
(3609, 17, 6, 1, '2025-06-07 15:33:56', '2025-06-07 15:33:56'),
(3610, 37, 6, 1, '2025-06-07 15:33:56', '2025-06-07 15:33:56'),
(3611, 40, 6, 1, '2025-06-07 15:33:56', '2025-06-07 15:33:56'),
(3612, 3, 5, 1, '2025-06-10 15:50:18', '2025-06-10 15:50:18'),
(3613, 6, 6, 1, '2025-06-10 15:50:18', '2025-06-10 15:50:18'),
(3614, 9, 6, 1, '2025-06-10 15:50:18', '2025-06-10 15:50:18'),
(3615, 33, 6, 1, '2025-06-10 15:50:18', '2025-06-10 15:50:18'),
(3616, 38, 6, 1, '2025-06-10 15:50:18', '2025-06-10 15:50:18'),
(3617, 39, 6, 1, '2025-06-10 15:50:18', '2025-06-10 15:50:18'),
(3618, 45, 4, 1, '2025-06-10 15:50:18', '2025-06-10 15:50:18'),
(3619, 46, 4, 1, '2025-06-10 15:50:18', '2025-06-10 15:50:18'),
(3620, 47, 5, 1, '2025-06-10 15:50:18', '2025-06-10 15:50:18'),
(3621, 57, 2, 1, '2025-06-10 15:50:18', '2025-06-10 15:50:18'),
(3622, 60, 2, 1, '2025-06-10 15:50:18', '2025-06-10 15:50:18'),
(3623, 68, 2, 1, '2025-06-10 15:50:18', '2025-06-10 15:50:18'),
(3624, 71, 2, 1, '2025-06-10 15:50:18', '2025-06-10 15:50:18'),
(3625, 89, 1, 1, '2025-06-10 15:50:18', '2025-06-10 15:50:18'),
(3626, 91, 1, 1, '2025-06-10 15:50:18', '2025-06-10 15:50:18'),
(3627, 103, 2, 1, '2025-06-10 15:50:18', '2025-06-10 15:50:18'),
(3628, 104, 1, 1, '2025-06-10 15:50:18', '2025-06-10 15:50:18'),
(3629, 105, 1, 1, '2025-06-10 15:50:18', '2025-06-10 15:50:18'),
(3630, 106, 1, 1, '2025-06-10 15:50:18', '2025-06-10 15:50:18'),
(3631, 107, 2, 1, '2025-06-10 15:50:18', '2025-06-10 15:50:18'),
(3632, 108, 2, 1, '2025-06-10 15:50:18', '2025-06-10 15:50:18'),
(3633, 109, 2, 1, '2025-06-10 15:50:18', '2025-06-10 15:50:18'),
(3634, 110, 1, 1, '2025-06-10 15:50:18', '2025-06-10 15:50:18'),
(3635, 94, 1, 1, '2025-06-10 15:50:20', '2025-06-10 15:50:20'),
(3636, 1, 6, 1, '2025-06-16 13:20:02', '2025-06-16 13:20:02'),
(3637, 8, 6, 1, '2025-06-16 13:20:02', '2025-06-16 13:20:02'),
(3638, 10, 6, 1, '2025-06-16 13:20:02', '2025-06-16 13:20:02'),
(3639, 11, 6, 1, '2025-06-16 13:20:02', '2025-06-16 13:20:02'),
(3640, 12, 6, 1, '2025-06-16 13:20:02', '2025-06-16 13:20:02'),
(3641, 13, 6, 1, '2025-06-16 13:20:02', '2025-06-16 13:20:02'),
(3642, 14, 6, 1, '2025-06-16 13:20:02', '2025-06-16 13:20:02'),
(3643, 15, 6, 1, '2025-06-16 13:20:02', '2025-06-16 13:20:02'),
(3644, 16, 6, 1, '2025-06-16 13:20:02', '2025-06-16 13:20:02'),
(3645, 43, 6, 1, '2025-06-16 13:20:02', '2025-06-16 13:20:02'),
(3646, 57, 2, 1, '2025-06-16 13:20:02', '2025-06-16 13:20:02'),
(3647, 60, 2, 1, '2025-06-16 13:20:02', '2025-06-16 13:20:02'),
(3648, 68, 2, 1, '2025-06-16 13:20:02', '2025-06-16 13:20:02'),
(3649, 71, 2, 1, '2025-06-16 13:20:02', '2025-06-16 13:20:02'),
(3650, 89, 1, 1, '2025-06-16 13:20:02', '2025-06-16 13:20:02'),
(3651, 91, 1, 1, '2025-06-16 13:20:02', '2025-06-16 13:20:02'),
(3652, 103, 2, 1, '2025-06-16 13:20:02', '2025-06-16 13:20:02'),
(3653, 104, 1, 1, '2025-06-16 13:20:02', '2025-06-16 13:20:02'),
(3654, 105, 1, 1, '2025-06-16 13:20:02', '2025-06-16 13:20:02'),
(3655, 106, 1, 1, '2025-06-16 13:20:02', '2025-06-16 13:20:02'),
(3656, 107, 2, 1, '2025-06-16 13:20:02', '2025-06-16 13:20:02'),
(3657, 108, 2, 1, '2025-06-16 13:20:02', '2025-06-16 13:20:02'),
(3658, 109, 2, 1, '2025-06-16 13:20:02', '2025-06-16 13:20:02'),
(3659, 110, 1, 1, '2025-06-16 13:20:02', '2025-06-16 13:20:02'),
(3660, 94, 1, 1, '2025-06-16 13:20:04', '2025-06-16 13:20:04'),
(3661, 2, 6, 1, '2025-06-20 16:08:03', '2025-06-20 16:08:03'),
(3662, 3, 5, 1, '2025-06-20 16:08:03', '2025-06-20 16:08:03'),
(3663, 5, 6, 1, '2025-06-20 16:08:03', '2025-06-20 16:08:03'),
(3664, 6, 6, 1, '2025-06-20 16:08:03', '2025-06-20 16:08:03'),
(3665, 7, 6, 1, '2025-06-20 16:08:03', '2025-06-20 16:08:03'),
(3666, 8, 6, 1, '2025-06-20 16:08:03', '2025-06-20 16:08:03'),
(3667, 9, 6, 1, '2025-06-20 16:08:03', '2025-06-20 16:08:03'),
(3668, 11, 6, 1, '2025-06-20 16:08:03', '2025-06-20 16:08:03'),
(3669, 17, 6, 1, '2025-06-20 16:08:03', '2025-06-20 16:08:03'),
(3670, 33, 6, 1, '2025-06-20 16:08:03', '2025-06-20 16:08:03'),
(3671, 37, 6, 1, '2025-06-20 16:08:03', '2025-06-20 16:08:03'),
(3672, 38, 9, 1, '2025-06-20 16:08:03', '2025-06-20 16:08:03'),
(3673, 39, 9, 1, '2025-06-20 16:08:03', '2025-06-20 16:08:03'),
(3674, 40, 6, 1, '2025-06-20 16:08:03', '2025-06-20 16:08:03'),
(3675, 45, 4, 1, '2025-06-20 16:08:03', '2025-06-20 16:08:03'),
(3676, 46, 4, 1, '2025-06-20 16:08:03', '2025-06-20 16:08:03'),
(3677, 47, 5, 1, '2025-06-20 16:08:03', '2025-06-20 16:08:03'),
(3678, 1, 6, 1, '2025-06-25 16:24:20', '2025-06-25 16:24:20'),
(3679, 10, 6, 1, '2025-06-25 16:24:20', '2025-06-25 16:24:20'),
(3680, 12, 6, 1, '2025-06-25 16:24:20', '2025-06-25 16:24:20'),
(3681, 13, 6, 1, '2025-06-25 16:24:20', '2025-06-25 16:24:20'),
(3682, 14, 6, 1, '2025-06-25 16:24:20', '2025-06-25 16:24:20'),
(3683, 15, 6, 1, '2025-06-25 16:24:20', '2025-06-25 16:24:20'),
(3684, 16, 6, 1, '2025-06-25 16:24:20', '2025-06-25 16:24:20'),
(3685, 43, 6, 1, '2025-06-25 16:24:20', '2025-06-25 16:24:20'),
(3686, 57, 2, 1, '2025-06-25 16:24:20', '2025-06-25 16:24:20'),
(3687, 60, 2, 1, '2025-06-25 16:24:20', '2025-06-25 16:24:20'),
(3688, 68, 2, 1, '2025-06-25 16:24:20', '2025-06-25 16:24:20'),
(3689, 71, 2, 1, '2025-06-25 16:24:20', '2025-06-25 16:24:20'),
(3690, 89, 1, 1, '2025-06-25 16:24:20', '2025-06-25 16:24:20'),
(3691, 91, 1, 1, '2025-06-25 16:24:20', '2025-06-25 16:24:20'),
(3692, 103, 2, 1, '2025-06-25 16:24:20', '2025-06-25 16:24:20'),
(3693, 104, 1, 1, '2025-06-25 16:24:20', '2025-06-25 16:24:20'),
(3694, 105, 1, 1, '2025-06-25 16:24:20', '2025-06-25 16:24:20'),
(3695, 106, 1, 1, '2025-06-25 16:24:20', '2025-06-25 16:24:20'),
(3696, 107, 2, 1, '2025-06-25 16:24:20', '2025-06-25 16:24:20'),
(3697, 108, 2, 1, '2025-06-25 16:24:20', '2025-06-25 16:24:20'),
(3698, 109, 2, 1, '2025-06-25 16:24:21', '2025-06-25 16:24:21'),
(3699, 110, 1, 1, '2025-06-25 16:24:21', '2025-06-25 16:24:21'),
(3700, 94, 1, 1, '2025-06-25 16:24:27', '2025-06-25 16:24:27'),
(3701, 2, 6, 1, '2025-07-02 17:48:38', '2025-07-02 17:48:38'),
(3702, 3, 5, 1, '2025-07-02 17:48:38', '2025-07-02 17:48:38'),
(3703, 5, 6, 1, '2025-07-02 17:48:38', '2025-07-02 17:48:38'),
(3704, 6, 6, 1, '2025-07-02 17:48:38', '2025-07-02 17:48:38'),
(3705, 7, 6, 1, '2025-07-02 17:48:38', '2025-07-02 17:48:38'),
(3706, 8, 6, 1, '2025-07-02 17:48:38', '2025-07-02 17:48:38'),
(3707, 9, 6, 1, '2025-07-02 17:48:38', '2025-07-02 17:48:38'),
(3708, 10, 6, 1, '2025-07-02 17:48:38', '2025-07-02 17:48:38'),
(3709, 11, 6, 1, '2025-07-02 17:48:38', '2025-07-02 17:48:38'),
(3710, 17, 6, 1, '2025-07-02 17:48:38', '2025-07-02 17:48:38'),
(3711, 33, 6, 1, '2025-07-02 17:48:38', '2025-07-02 17:48:38'),
(3712, 37, 6, 1, '2025-07-02 17:48:38', '2025-07-02 17:48:38'),
(3713, 38, 9, 1, '2025-07-02 17:48:38', '2025-07-02 17:48:38'),
(3714, 39, 6, 1, '2025-07-02 17:48:38', '2025-07-02 17:48:38'),
(3715, 40, 6, 1, '2025-07-02 17:48:38', '2025-07-02 17:48:38'),
(3716, 45, 5, 1, '2025-07-02 17:48:38', '2025-07-02 17:48:38'),
(3717, 46, 4, 1, '2025-07-02 17:48:38', '2025-07-02 17:48:38'),
(3718, 47, 6, 1, '2025-07-02 17:48:38', '2025-07-02 17:48:38'),
(3719, 57, 3, 1, '2025-07-02 17:48:38', '2025-07-02 17:48:38'),
(3720, 60, 2, 1, '2025-07-02 17:48:38', '2025-07-02 17:48:38'),
(3721, 68, 2, 1, '2025-07-02 17:48:38', '2025-07-02 17:48:38'),
(3722, 71, 2, 1, '2025-07-02 17:48:38', '2025-07-02 17:48:38'),
(3723, 89, 2, 1, '2025-07-02 17:48:38', '2025-07-02 17:48:38'),
(3724, 91, 2, 1, '2025-07-02 17:48:38', '2025-07-02 17:48:38'),
(3725, 103, 2, 1, '2025-07-02 17:48:38', '2025-07-02 17:48:38'),
(3726, 104, 2, 1, '2025-07-02 17:48:38', '2025-07-02 17:48:38'),
(3727, 105, 2, 1, '2025-07-02 17:48:39', '2025-07-02 17:48:39'),
(3728, 106, 2, 1, '2025-07-02 17:48:39', '2025-07-02 17:48:39'),
(3729, 107, 2, 1, '2025-07-02 17:48:39', '2025-07-02 17:48:39'),
(3730, 108, 2, 1, '2025-07-02 17:48:39', '2025-07-02 17:48:39'),
(3731, 109, 2, 1, '2025-07-02 17:48:39', '2025-07-02 17:48:39'),
(3732, 110, 2, 1, '2025-07-02 17:48:39', '2025-07-02 17:48:39'),
(3733, 94, 2, 1, '2025-07-02 17:48:41', '2025-07-02 17:48:41'),
(3736, 1, 6, 1, '2025-07-08 16:50:43', '2025-07-08 16:50:43'),
(3737, 12, 6, 1, '2025-07-08 16:50:43', '2025-07-08 16:50:43'),
(3738, 13, 6, 1, '2025-07-08 16:50:43', '2025-07-08 16:50:43'),
(3739, 14, 6, 1, '2025-07-08 16:50:43', '2025-07-08 16:50:43'),
(3740, 15, 6, 1, '2025-07-08 16:50:43', '2025-07-08 16:50:43'),
(3741, 16, 6, 1, '2025-07-08 16:50:43', '2025-07-08 16:50:43'),
(3742, 57, 3, 1, '2025-07-08 16:50:43', '2025-07-08 16:50:43'),
(3743, 60, 2, 1, '2025-07-08 16:50:43', '2025-07-08 16:50:43'),
(3744, 68, 2, 1, '2025-07-08 16:50:43', '2025-07-08 16:50:43'),
(3745, 71, 2, 1, '2025-07-08 16:50:43', '2025-07-08 16:50:43'),
(3746, 103, 2, 1, '2025-07-08 16:50:43', '2025-07-08 16:50:43'),
(3747, 104, 2, 1, '2025-07-08 16:50:43', '2025-07-08 16:50:43'),
(3748, 105, 2, 1, '2025-07-08 16:50:43', '2025-07-08 16:50:43'),
(3749, 107, 2, 1, '2025-07-08 16:50:43', '2025-07-08 16:50:43'),
(3750, 108, 2, 1, '2025-07-08 16:50:43', '2025-07-08 16:50:43'),
(3751, 109, 2, 1, '2025-07-08 16:50:43', '2025-07-08 16:50:43'),
(3752, 94, 2, 1, '2025-07-08 22:00:00', '2025-07-10 15:08:16'),
(3753, 3, 5, 1, '2025-07-10 16:57:36', '2025-07-10 16:57:36'),
(3754, 8, 6, 1, '2025-07-10 16:57:36', '2025-07-10 16:57:36'),
(3755, 10, 6, 1, '2025-07-10 16:57:36', '2025-07-10 16:57:36'),
(3756, 38, 6, 1, '2025-07-10 16:57:36', '2025-07-10 16:57:36'),
(3757, 45, 5, 1, '2025-07-10 16:57:36', '2025-07-10 16:57:36'),
(3758, 46, 4, 1, '2025-07-10 16:57:36', '2025-07-10 16:57:36'),
(3763, 2, 6, 1, '2025-07-12 15:01:33', '2025-07-12 15:01:33'),
(3764, 3, 5, 1, '2025-07-12 15:01:33', '2025-07-12 15:01:33'),
(3765, 5, 6, 1, '2025-07-12 15:01:33', '2025-07-12 15:01:33'),
(3766, 6, 6, 1, '2025-07-12 15:01:33', '2025-07-12 15:01:33'),
(3767, 7, 6, 1, '2025-07-12 15:01:33', '2025-07-12 15:01:33'),
(3768, 9, 6, 1, '2025-07-12 15:01:33', '2025-07-12 15:01:33'),
(3769, 11, 6, 1, '2025-07-12 15:01:33', '2025-07-12 15:01:33'),
(3770, 15, 6, 1, '2025-07-12 15:01:33', '2025-07-12 15:01:33'),
(3771, 17, 6, 1, '2025-07-12 15:01:33', '2025-07-12 15:01:33'),
(3772, 33, 6, 1, '2025-07-12 15:01:33', '2025-07-12 15:01:33'),
(3773, 40, 6, 1, '2025-07-12 15:01:33', '2025-07-12 15:01:33'),
(3774, 110, 1, 1, '2025-07-08 22:00:00', '2025-07-14 13:09:37'),
(3775, 106, 1, 1, '2025-07-08 22:00:00', '2025-07-14 13:09:49'),
(3776, 91, 1, 1, '2025-07-08 22:00:00', '2025-07-14 13:09:57'),
(3777, 89, 1, 1, '2025-07-08 22:00:00', '2025-07-14 13:10:02'),
(3778, 12, 6, 1, '2025-07-14 14:24:00', '2025-07-14 14:24:00'),
(3779, 37, 6, 1, '2025-07-14 14:24:00', '2025-07-14 14:24:00'),
(3780, 39, 6, 1, '2025-07-14 14:24:00', '2025-07-14 14:24:00'),
(3781, 47, 6, 1, '2025-07-14 14:24:00', '2025-07-14 14:24:00'),
(3782, 57, 3, 1, '2025-07-14 14:24:00', '2025-07-14 14:24:00'),
(3783, 60, 2, 1, '2025-07-14 14:24:00', '2025-07-14 14:24:00'),
(3784, 68, 2, 1, '2025-07-14 14:24:00', '2025-07-14 14:24:00'),
(3785, 71, 2, 1, '2025-07-14 14:24:00', '2025-07-14 14:24:00'),
(3786, 89, 1, 1, '2025-07-14 14:24:00', '2025-07-14 14:24:00'),
(3787, 91, 1, 1, '2025-07-14 14:24:00', '2025-07-14 14:24:00'),
(3788, 103, 2, 1, '2025-07-14 14:24:00', '2025-07-14 14:24:00'),
(3789, 104, 2, 1, '2025-07-14 14:24:00', '2025-07-14 14:24:00'),
(3790, 105, 2, 1, '2025-07-14 14:24:00', '2025-07-14 14:24:00'),
(3791, 106, 1, 1, '2025-07-14 14:24:00', '2025-07-14 14:24:00'),
(3792, 107, 2, 1, '2025-07-14 14:24:00', '2025-07-14 14:24:00'),
(3793, 108, 2, 1, '2025-07-14 14:24:00', '2025-07-14 14:24:00'),
(3794, 109, 2, 1, '2025-07-14 14:24:00', '2025-07-14 14:24:00'),
(3795, 110, 1, 1, '2025-07-14 14:24:00', '2025-07-14 14:24:00'),
(3796, 94, 2, 1, '2025-07-13 22:00:00', '2025-07-14 14:24:12'),
(3797, 111, 1, 1, '2025-07-14 14:59:52', '2025-07-14 14:59:52'),
(3798, 112, 1, 1, '2025-07-14 14:59:52', '2025-07-14 14:59:52'),
(3799, 113, 1, 1, '2025-07-14 14:59:52', '2025-07-14 14:59:52'),
(3800, 114, 1, 1, '2025-07-14 14:59:52', '2025-07-14 14:59:52'),
(3801, 116, 1, 1, '2025-07-14 14:59:52', '2025-07-14 14:59:52'),
(3802, 117, 1, 1, '2025-07-14 14:59:52', '2025-07-14 14:59:52'),
(3804, 119, 1, 1, '2025-07-14 14:59:52', '2025-07-14 14:59:52'),
(3805, 120, 1, 1, '2025-07-14 14:59:52', '2025-07-14 14:59:52'),
(3806, 121, 1, 1, '2025-07-14 14:59:52', '2025-07-14 14:59:52'),
(3807, 122, 1, 1, '2025-07-14 14:59:52', '2025-07-14 14:59:52'),
(3808, 123, 1, 1, '2025-07-14 14:59:52', '2025-07-14 14:59:52'),
(3809, 124, 1, 1, '2025-07-14 14:59:52', '2025-07-14 14:59:52'),
(3810, 125, 1, 1, '2025-07-14 14:59:52', '2025-07-14 14:59:52'),
(3811, 126, 1, 1, '2025-07-14 14:59:52', '2025-07-14 14:59:52'),
(3812, 127, 1, 1, '2025-07-14 14:59:52', '2025-07-14 14:59:52'),
(3813, 128, 1, 1, '2025-07-14 14:59:52', '2025-07-14 14:59:52'),
(3814, 129, 1, 1, '2025-07-14 14:59:52', '2025-07-14 14:59:52'),
(3815, 130, 1, 1, '2025-07-14 14:59:52', '2025-07-14 14:59:52'),
(3816, 131, 1, 1, '2025-07-14 14:59:52', '2025-07-14 14:59:52'),
(3817, 132, 1, 1, '2025-07-14 14:59:52', '2025-07-14 14:59:52'),
(3818, 133, 1, 1, '2025-07-14 14:59:52', '2025-07-14 14:59:52'),
(3819, 134, 1, 1, '2025-07-14 14:59:52', '2025-07-14 14:59:52'),
(3820, 136, 1, 1, '2025-07-14 14:59:52', '2025-07-14 14:59:52'),
(3821, 137, 1, 1, '2025-07-14 14:59:52', '2025-07-14 14:59:52'),
(3822, 138, 1, 1, '2025-07-14 14:59:52', '2025-07-14 14:59:52'),
(3823, 141, 1, 1, '2025-07-14 14:59:52', '2025-07-14 14:59:52'),
(3824, 142, 1, 1, '2025-07-14 14:59:52', '2025-07-14 14:59:52'),
(3825, 144, 1, 1, '2025-07-14 14:59:52', '2025-07-14 14:59:52'),
(3826, 146, 1, 1, '2025-07-14 14:59:52', '2025-07-14 14:59:52'),
(3827, 147, 1, 1, '2025-07-14 14:59:52', '2025-07-14 14:59:52'),
(3828, 1, 6, 1, '2025-07-20 15:36:15', '2025-07-20 15:36:15'),
(3829, 3, 5, 1, '2025-07-20 15:36:15', '2025-07-20 15:36:15'),
(3830, 8, 9, 1, '2025-07-20 15:36:15', '2025-07-20 15:36:15'),
(3831, 10, 6, 1, '2025-07-20 15:36:15', '2025-07-20 15:36:15'),
(3832, 12, 6, 1, '2025-07-20 15:36:15', '2025-07-20 15:36:15'),
(3833, 13, 6, 1, '2025-07-20 15:36:15', '2025-07-20 15:36:15'),
(3834, 14, 6, 1, '2025-07-20 15:36:15', '2025-07-20 15:36:15'),
(3835, 16, 6, 1, '2025-07-20 15:36:15', '2025-07-20 15:36:15'),
(3836, 38, 6, 1, '2025-07-20 15:36:15', '2025-07-20 15:36:15'),
(3837, 45, 5, 1, '2025-07-20 15:36:15', '2025-07-20 15:36:15'),
(3838, 46, 4, 1, '2025-07-20 15:36:15', '2025-07-20 15:36:15'),
(3839, 57, 3, 1, '2025-07-20 15:36:15', '2025-07-20 15:36:15'),
(3840, 60, 2, 1, '2025-07-20 15:36:15', '2025-07-20 15:36:15'),
(3841, 68, 2, 1, '2025-07-20 15:36:15', '2025-07-20 15:36:15'),
(3842, 71, 2, 1, '2025-07-20 15:36:15', '2025-07-20 15:36:15'),
(3843, 89, 1, 1, '2025-07-20 15:36:15', '2025-07-20 15:36:15'),
(3844, 91, 1, 1, '2025-07-20 15:36:15', '2025-07-20 15:36:15'),
(3845, 103, 2, 1, '2025-07-20 15:36:15', '2025-07-20 15:36:15'),
(3846, 104, 2, 1, '2025-07-20 15:36:15', '2025-07-20 15:36:15'),
(3847, 105, 2, 1, '2025-07-20 15:36:15', '2025-07-20 15:36:15'),
(3848, 106, 1, 1, '2025-07-20 15:36:15', '2025-07-20 15:36:15'),
(3849, 107, 2, 1, '2025-07-20 15:36:15', '2025-07-20 15:36:15'),
(3850, 108, 2, 1, '2025-07-20 15:36:15', '2025-07-20 15:36:15'),
(3851, 109, 2, 1, '2025-07-20 15:36:15', '2025-07-20 15:36:15'),
(3852, 110, 1, 1, '2025-07-20 15:36:15', '2025-07-20 15:36:15'),
(3853, 94, 2, 1, '2025-07-19 22:00:00', '2025-07-20 15:36:21'),
(3854, 111, 1, 1, '2025-07-20 16:50:05', '2025-07-20 16:50:05'),
(3855, 112, 1, 1, '2025-07-20 16:50:05', '2025-07-20 16:50:05'),
(3856, 113, 1, 1, '2025-07-20 16:50:05', '2025-07-20 16:50:05'),
(3857, 114, 1, 1, '2025-07-20 16:50:05', '2025-07-20 16:50:05'),
(3858, 116, 1, 1, '2025-07-20 16:50:05', '2025-07-20 16:50:05'),
(3859, 119, 1, 1, '2025-07-20 16:50:05', '2025-07-20 16:50:05'),
(3860, 120, 1, 1, '2025-07-20 16:50:05', '2025-07-20 16:50:05'),
(3861, 121, 1, 1, '2025-07-20 16:50:05', '2025-07-20 16:50:05'),
(3862, 123, 1, 1, '2025-07-20 16:50:05', '2025-07-20 16:50:05'),
(3863, 124, 1, 1, '2025-07-20 16:50:05', '2025-07-20 16:50:05'),
(3864, 125, 1, 1, '2025-07-20 16:50:05', '2025-07-20 16:50:05'),
(3865, 126, 1, 1, '2025-07-20 16:50:05', '2025-07-20 16:50:05'),
(3866, 127, 1, 1, '2025-07-20 16:50:05', '2025-07-20 16:50:05'),
(3867, 128, 1, 1, '2025-07-20 16:50:05', '2025-07-20 16:50:05'),
(3868, 129, 1, 1, '2025-07-20 16:50:05', '2025-07-20 16:50:05'),
(3869, 130, 1, 1, '2025-07-20 16:50:05', '2025-07-20 16:50:05'),
(3870, 131, 1, 1, '2025-07-20 16:50:05', '2025-07-20 16:50:05'),
(3871, 132, 1, 1, '2025-07-20 16:50:05', '2025-07-20 16:50:05'),
(3872, 133, 1, 1, '2025-07-20 16:50:05', '2025-07-20 16:50:05'),
(3873, 134, 1, 1, '2025-07-20 16:50:05', '2025-07-20 16:50:05'),
(3874, 136, 1, 1, '2025-07-20 16:50:05', '2025-07-20 16:50:05'),
(3875, 137, 1, 1, '2025-07-20 16:50:05', '2025-07-20 16:50:05'),
(3876, 138, 1, 1, '2025-07-20 16:50:05', '2025-07-20 16:50:05'),
(3877, 142, 1, 1, '2025-07-20 16:50:05', '2025-07-20 16:50:05'),
(3878, 144, 1, 1, '2025-07-20 16:50:05', '2025-07-20 16:50:05'),
(3879, 146, 1, 1, '2025-07-20 16:50:05', '2025-07-20 16:50:05'),
(3880, 147, 1, 1, '2025-07-20 16:50:05', '2025-07-20 16:50:05'),
(3881, 117, 1, 1, '2025-07-19 22:00:00', '2025-07-21 04:09:57'),
(3882, 141, 1, 1, '2025-07-19 22:00:00', '2025-07-21 04:10:03'),
(3883, 2, 6, 1, '2025-07-24 16:17:00', '2025-07-24 16:17:00'),
(3884, 5, 6, 1, '2025-07-24 16:17:00', '2025-07-24 16:17:00'),
(3885, 6, 6, 1, '2025-07-24 16:17:00', '2025-07-24 16:17:00'),
(3886, 7, 6, 1, '2025-07-24 16:17:00', '2025-07-24 16:17:00'),
(3887, 9, 6, 1, '2025-07-24 16:17:00', '2025-07-24 16:17:00'),
(3888, 11, 6, 1, '2025-07-24 16:17:00', '2025-07-24 16:17:00'),
(3889, 15, 6, 1, '2025-07-24 16:17:00', '2025-07-24 16:17:00'),
(3890, 17, 6, 1, '2025-07-24 16:17:00', '2025-07-24 16:17:00'),
(3891, 33, 6, 1, '2025-07-24 16:17:00', '2025-07-24 16:17:00'),
(3892, 37, 6, 1, '2025-07-24 16:17:00', '2025-07-24 16:17:00'),
(3893, 39, 6, 1, '2025-07-24 16:17:00', '2025-07-24 16:17:00'),
(3894, 40, 6, 1, '2025-07-24 16:17:00', '2025-07-24 16:17:00'),
(3895, 47, 6, 1, '2025-07-24 16:17:00', '2025-07-24 16:17:00'),
(3896, 57, 3, 1, '2025-07-25 15:44:14', '2025-07-25 15:44:14'),
(3897, 60, 2, 1, '2025-07-25 15:44:14', '2025-07-25 15:44:14'),
(3898, 68, 2, 1, '2025-07-25 15:44:14', '2025-07-25 15:44:14'),
(3899, 71, 2, 1, '2025-07-25 15:44:14', '2025-07-25 15:44:14'),
(3900, 89, 1, 1, '2025-07-25 15:44:14', '2025-07-25 15:44:14'),
(3901, 91, 1, 1, '2025-07-25 15:44:14', '2025-07-25 15:44:14'),
(3902, 103, 2, 1, '2025-07-25 15:44:14', '2025-07-25 15:44:14'),
(3903, 104, 2, 1, '2025-07-25 15:44:14', '2025-07-25 15:44:14'),
(3904, 105, 2, 1, '2025-07-25 15:44:14', '2025-07-25 15:44:14'),
(3905, 106, 1, 1, '2025-07-25 15:44:14', '2025-07-25 15:44:14'),
(3906, 107, 2, 1, '2025-07-25 15:44:14', '2025-07-25 15:44:14'),
(3907, 108, 2, 1, '2025-07-25 15:44:14', '2025-07-25 15:44:14'),
(3908, 109, 2, 1, '2025-07-25 15:44:14', '2025-07-25 15:44:14'),
(3909, 110, 1, 1, '2025-07-25 15:44:14', '2025-07-25 15:44:14'),
(3910, 94, 2, 1, '2025-07-24 22:00:00', '2025-07-25 15:44:26'),
(3911, 111, 1, 1, '2025-07-26 04:41:54', '2025-07-26 04:41:54'),
(3912, 112, 1, 1, '2025-07-26 04:41:54', '2025-07-26 04:41:54'),
(3913, 113, 1, 1, '2025-07-26 04:41:54', '2025-07-26 04:41:54'),
(3914, 114, 1, 1, '2025-07-26 04:41:54', '2025-07-26 04:41:54'),
(3915, 116, 1, 1, '2025-07-26 04:41:54', '2025-07-26 04:41:54'),
(3916, 117, 1, 1, '2025-07-26 04:41:54', '2025-07-26 04:41:54'),
(3917, 119, 1, 1, '2025-07-26 04:41:54', '2025-07-26 04:41:54'),
(3918, 120, 1, 1, '2025-07-26 04:41:54', '2025-07-26 04:41:54'),
(3919, 121, 1, 1, '2025-07-26 04:41:54', '2025-07-26 04:41:54'),
(3920, 123, 1, 1, '2025-07-26 04:41:54', '2025-07-26 04:41:54'),
(3921, 124, 1, 1, '2025-07-26 04:41:54', '2025-07-26 04:41:54'),
(3922, 125, 1, 1, '2025-07-26 04:41:54', '2025-07-26 04:41:54'),
(3923, 126, 1, 1, '2025-07-26 04:41:54', '2025-07-26 04:41:54'),
(3924, 127, 1, 1, '2025-07-26 04:41:54', '2025-07-26 04:41:54'),
(3925, 128, 1, 1, '2025-07-26 04:41:54', '2025-07-26 04:41:54'),
(3926, 129, 1, 1, '2025-07-26 04:41:54', '2025-07-26 04:41:54'),
(3927, 130, 1, 1, '2025-07-26 04:41:54', '2025-07-26 04:41:54'),
(3928, 131, 1, 1, '2025-07-26 04:41:54', '2025-07-26 04:41:54'),
(3929, 132, 1, 1, '2025-07-26 04:41:54', '2025-07-26 04:41:54'),
(3930, 133, 1, 1, '2025-07-26 04:41:54', '2025-07-26 04:41:54'),
(3931, 134, 1, 1, '2025-07-26 04:41:54', '2025-07-26 04:41:54'),
(3932, 136, 1, 1, '2025-07-26 04:41:54', '2025-07-26 04:41:54'),
(3933, 137, 1, 1, '2025-07-26 04:41:54', '2025-07-26 04:41:54'),
(3934, 138, 1, 1, '2025-07-26 04:41:54', '2025-07-26 04:41:54'),
(3935, 141, 1, 1, '2025-07-26 04:41:54', '2025-07-26 04:41:54'),
(3936, 142, 1, 1, '2025-07-26 04:41:54', '2025-07-26 04:41:54'),
(3937, 144, 1, 1, '2025-07-26 04:41:54', '2025-07-26 04:41:54'),
(3938, 146, 1, 1, '2025-07-26 04:41:54', '2025-07-26 04:41:54'),
(3939, 147, 1, 1, '2025-07-26 04:41:54', '2025-07-26 04:41:54'),
(3940, 1, 6, 1, '2025-08-01 15:56:41', '2025-08-01 15:56:41'),
(3941, 3, 5, 1, '2025-08-01 15:56:41', '2025-08-01 15:56:41'),
(3942, 8, 6, 1, '2025-08-01 15:56:41', '2025-08-01 15:56:41'),
(3943, 10, 6, 1, '2025-08-01 15:56:41', '2025-08-01 15:56:41'),
(3944, 12, 6, 1, '2025-08-01 15:56:41', '2025-08-01 15:56:41'),
(3945, 13, 6, 1, '2025-08-01 15:56:41', '2025-08-01 15:56:41'),
(3946, 14, 6, 1, '2025-08-01 15:56:41', '2025-08-01 15:56:41'),
(3947, 16, 6, 1, '2025-08-01 15:56:41', '2025-08-01 15:56:41'),
(3948, 38, 6, 1, '2025-08-01 15:56:41', '2025-08-01 15:56:41'),
(3949, 39, 6, 1, '2025-08-01 15:56:41', '2025-08-01 15:56:41'),
(3950, 45, 5, 1, '2025-08-01 15:56:41', '2025-08-01 15:56:41'),
(3951, 46, 4, 1, '2025-08-01 15:56:41', '2025-08-01 15:56:41'),
(3952, 57, 3, 1, '2025-08-01 15:56:41', '2025-08-01 15:56:41'),
(3953, 60, 2, 1, '2025-08-01 15:56:41', '2025-08-01 15:56:41'),
(3954, 68, 2, 1, '2025-08-01 15:56:41', '2025-08-01 15:56:41'),
(3955, 71, 2, 1, '2025-08-01 15:56:41', '2025-08-01 15:56:41'),
(3956, 89, 1, 1, '2025-08-01 15:56:41', '2025-08-01 15:56:41'),
(3957, 91, 1, 1, '2025-08-01 15:56:41', '2025-08-01 15:56:41'),
(3958, 103, 2, 1, '2025-08-01 15:56:41', '2025-08-01 15:56:41'),
(3959, 104, 2, 1, '2025-08-01 15:56:41', '2025-08-01 15:56:41'),
(3960, 105, 2, 1, '2025-08-01 15:56:41', '2025-08-01 15:56:41'),
(3961, 106, 1, 1, '2025-08-01 15:56:41', '2025-08-01 15:56:41'),
(3962, 107, 2, 1, '2025-08-01 15:56:41', '2025-08-01 15:56:41'),
(3963, 108, 2, 1, '2025-08-01 15:56:41', '2025-08-01 15:56:41'),
(3964, 109, 2, 1, '2025-08-01 15:56:41', '2025-08-01 15:56:41'),
(3965, 110, 1, 1, '2025-08-01 15:56:41', '2025-08-01 15:56:41'),
(3966, 94, 2, 1, '2025-07-31 22:00:00', '2025-08-01 15:56:48'),
(3967, 111, 1, 1, '2025-08-02 05:15:16', '2025-08-02 05:15:16'),
(3968, 112, 1, 1, '2025-08-02 05:15:16', '2025-08-02 05:15:16'),
(3969, 114, 1, 1, '2025-08-02 05:15:16', '2025-08-02 05:15:16'),
(3970, 116, 1, 1, '2025-08-02 05:15:16', '2025-08-02 05:15:16'),
(3971, 117, 1, 1, '2025-08-02 05:15:16', '2025-08-02 05:15:16'),
(3973, 119, 1, 1, '2025-08-02 05:15:16', '2025-08-02 05:15:16'),
(3974, 120, 1, 1, '2025-08-02 05:15:16', '2025-08-02 05:15:16'),
(3975, 121, 1, 1, '2025-08-02 05:15:16', '2025-08-02 05:15:16'),
(3976, 123, 1, 1, '2025-08-02 05:15:16', '2025-08-02 05:15:16'),
(3977, 124, 1, 1, '2025-08-02 05:15:16', '2025-08-02 05:15:16'),
(3978, 125, 1, 1, '2025-08-02 05:15:16', '2025-08-02 05:15:16'),
(3979, 126, 1, 1, '2025-08-02 05:15:16', '2025-08-02 05:15:16'),
(3980, 127, 1, 1, '2025-08-02 05:15:16', '2025-08-02 05:15:16'),
(3981, 128, 1, 1, '2025-08-02 05:15:16', '2025-08-02 05:15:16'),
(3982, 129, 1, 1, '2025-08-02 05:15:16', '2025-08-02 05:15:16'),
(3983, 130, 1, 1, '2025-08-02 05:15:16', '2025-08-02 05:15:16'),
(3984, 131, 1, 1, '2025-08-02 05:15:16', '2025-08-02 05:15:16'),
(3985, 132, 1, 1, '2025-08-02 05:15:16', '2025-08-02 05:15:16'),
(3986, 133, 1, 1, '2025-08-02 05:15:16', '2025-08-02 05:15:16'),
(3987, 134, 1, 1, '2025-08-02 05:15:16', '2025-08-02 05:15:16'),
(3988, 136, 1, 1, '2025-08-02 05:15:16', '2025-08-02 05:15:16'),
(3989, 137, 1, 1, '2025-08-02 05:15:16', '2025-08-02 05:15:16'),
(3990, 138, 1, 1, '2025-08-02 05:15:16', '2025-08-02 05:15:16'),
(3991, 141, 1, 1, '2025-08-02 05:15:16', '2025-08-02 05:15:16'),
(3992, 142, 1, 1, '2025-08-02 05:15:16', '2025-08-02 05:15:16'),
(3993, 144, 1, 1, '2025-08-02 05:15:16', '2025-08-02 05:15:16'),
(3994, 146, 1, 1, '2025-08-02 05:15:16', '2025-08-02 05:15:16'),
(3995, 147, 1, 1, '2025-08-02 05:15:16', '2025-08-02 05:15:16'),
(3996, 150, 1, 1, '2025-08-02 05:15:16', '2025-08-02 05:15:16'),
(3997, 151, 1, 1, '2025-08-02 05:15:16', '2025-08-02 05:15:16'),
(3998, 152, 1, 1, '2025-08-02 05:15:16', '2025-08-02 05:15:16'),
(3999, 153, 1, 1, '2025-08-02 05:15:16', '2025-08-02 05:15:16'),
(4000, 154, 1, 1, '2025-08-02 05:15:17', '2025-08-02 05:15:17'),
(4001, 158, 1, 1, '2025-08-02 05:15:17', '2025-08-02 05:15:17'),
(4002, 159, 1, 1, '2025-08-02 05:15:17', '2025-08-02 05:15:17'),
(4003, 160, 1, 1, '2025-08-02 05:15:17', '2025-08-02 05:15:17'),
(4004, 162, 1, 1, '2025-08-02 05:15:17', '2025-08-02 05:15:17'),
(4005, 163, 1, 1, '2025-08-02 05:15:17', '2025-08-02 05:15:17'),
(4006, 2, 6, 1, '2025-08-05 17:08:52', '2025-08-05 17:08:52'),
(4007, 5, 6, 1, '2025-08-05 17:08:52', '2025-08-05 17:08:52'),
(4008, 6, 6, 1, '2025-08-05 17:08:52', '2025-08-05 17:08:52'),
(4009, 7, 6, 1, '2025-08-05 17:08:52', '2025-08-05 17:08:52'),
(4010, 9, 6, 1, '2025-08-05 17:08:52', '2025-08-05 17:08:52'),
(4011, 11, 6, 1, '2025-08-05 17:08:52', '2025-08-05 17:08:52'),
(4012, 15, 6, 1, '2025-08-05 17:08:52', '2025-08-05 17:08:52'),
(4013, 17, 6, 1, '2025-08-05 17:08:52', '2025-08-05 17:08:52'),
(4014, 33, 6, 1, '2025-08-05 17:08:52', '2025-08-05 17:08:52'),
(4015, 37, 6, 1, '2025-08-05 17:08:52', '2025-08-05 17:08:52'),
(4016, 40, 6, 1, '2025-08-05 17:08:52', '2025-08-05 17:08:52'),
(4017, 47, 6, 1, '2025-08-05 17:08:52', '2025-08-05 17:08:52'),
(4018, 12, 6, 1, '2025-08-05 17:09:01', '2025-08-05 17:09:01'),
(4019, 46, 4, 1, '2025-08-08 16:12:22', '2025-08-08 16:12:22'),
(4020, 57, 3, 1, '2025-08-08 16:12:22', '2025-08-08 16:12:22'),
(4021, 60, 2, 1, '2025-08-08 16:12:22', '2025-08-08 16:12:22'),
(4022, 68, 2, 1, '2025-08-08 16:12:22', '2025-08-08 16:12:22'),
(4023, 71, 2, 1, '2025-08-08 16:12:22', '2025-08-08 16:12:22'),
(4024, 89, 1, 1, '2025-08-08 16:12:22', '2025-08-08 16:12:22'),
(4025, 91, 1, 1, '2025-08-08 16:12:22', '2025-08-08 16:12:22'),
(4026, 103, 2, 1, '2025-08-08 16:12:22', '2025-08-08 16:12:22'),
(4027, 104, 2, 1, '2025-08-08 16:12:22', '2025-08-08 16:12:22'),
(4028, 105, 2, 1, '2025-08-08 16:12:22', '2025-08-08 16:12:22'),
(4029, 106, 1, 1, '2025-08-08 16:12:22', '2025-08-08 16:12:22'),
(4030, 107, 2, 1, '2025-08-08 16:12:22', '2025-08-08 16:12:22'),
(4031, 108, 2, 1, '2025-08-08 16:12:22', '2025-08-08 16:12:22'),
(4032, 109, 2, 1, '2025-08-08 16:12:22', '2025-08-08 16:12:22'),
(4033, 110, 1, 1, '2025-08-08 16:12:22', '2025-08-08 16:12:22'),
(4034, 94, 2, 1, '2025-08-07 22:00:00', '2025-08-08 16:12:30'),
(4035, 111, 1, 1, '2025-08-09 05:09:12', '2025-08-09 05:09:12'),
(4036, 112, 1, 1, '2025-08-09 05:09:12', '2025-08-09 05:09:12'),
(4037, 114, 1, 1, '2025-08-09 05:09:12', '2025-08-09 05:09:12'),
(4038, 116, 1, 1, '2025-08-09 05:09:12', '2025-08-09 05:09:12'),
(4039, 117, 1, 1, '2025-08-09 05:09:12', '2025-08-09 05:09:12'),
(4040, 119, 1, 1, '2025-08-09 05:09:12', '2025-08-09 05:09:12'),
(4041, 120, 1, 1, '2025-08-09 05:09:12', '2025-08-09 05:09:12'),
(4042, 121, 1, 1, '2025-08-09 05:09:12', '2025-08-09 05:09:12'),
(4043, 123, 1, 1, '2025-08-09 05:09:12', '2025-08-09 05:09:12'),
(4044, 125, 1, 1, '2025-08-09 05:09:12', '2025-08-09 05:09:12'),
(4045, 127, 1, 1, '2025-08-09 05:09:12', '2025-08-09 05:09:12'),
(4046, 128, 1, 1, '2025-08-09 05:09:12', '2025-08-09 05:09:12'),
(4047, 129, 1, 1, '2025-08-09 05:09:12', '2025-08-09 05:09:12'),
(4048, 130, 1, 1, '2025-08-09 05:09:12', '2025-08-09 05:09:12'),
(4049, 131, 1, 1, '2025-08-09 05:09:12', '2025-08-09 05:09:12'),
(4050, 132, 1, 1, '2025-08-09 05:09:12', '2025-08-09 05:09:12'),
(4051, 133, 1, 1, '2025-08-09 05:09:12', '2025-08-09 05:09:12'),
(4052, 134, 1, 1, '2025-08-09 05:09:12', '2025-08-09 05:09:12'),
(4053, 136, 1, 1, '2025-08-09 05:09:12', '2025-08-09 05:09:12'),
(4054, 137, 1, 1, '2025-08-09 05:09:12', '2025-08-09 05:09:12'),
(4055, 138, 1, 1, '2025-08-09 05:09:12', '2025-08-09 05:09:12'),
(4056, 141, 1, 1, '2025-08-09 05:09:12', '2025-08-09 05:09:12'),
(4058, 144, 1, 1, '2025-08-09 05:09:12', '2025-08-09 05:09:12'),
(4059, 146, 1, 1, '2025-08-09 05:09:12', '2025-08-09 05:09:12'),
(4060, 147, 1, 1, '2025-08-09 05:09:12', '2025-08-09 05:09:12'),
(4061, 150, 1, 1, '2025-08-09 05:09:12', '2025-08-09 05:09:12'),
(4062, 151, 1, 1, '2025-08-09 05:09:12', '2025-08-09 05:09:12'),
(4063, 152, 1, 1, '2025-08-09 05:09:12', '2025-08-09 05:09:12'),
(4064, 153, 1, 1, '2025-08-09 05:09:12', '2025-08-09 05:09:12'),
(4065, 154, 1, 1, '2025-08-09 05:09:12', '2025-08-09 05:09:12'),
(4066, 155, 1, 1, '2025-08-09 05:09:12', '2025-08-09 05:09:12'),
(4067, 156, 1, 1, '2025-08-09 05:09:12', '2025-08-09 05:09:12'),
(4068, 158, 1, 1, '2025-08-09 05:09:12', '2025-08-09 05:09:12'),
(4069, 159, 1, 1, '2025-08-09 05:09:12', '2025-08-09 05:09:12'),
(4070, 160, 1, 1, '2025-08-09 05:09:12', '2025-08-09 05:09:12'),
(4071, 162, 1, 1, '2025-08-09 05:09:12', '2025-08-09 05:09:12'),
(4072, 163, 1, 1, '2025-08-09 05:09:12', '2025-08-09 05:09:12'),
(4073, 164, 1, 1, '2025-08-09 05:09:12', '2025-08-09 05:09:12'),
(4074, 165, 1, 1, '2025-08-09 05:09:12', '2025-08-09 05:09:12'),
(4075, 166, 1, 1, '2025-08-09 05:09:12', '2025-08-09 05:09:12'),
(4076, 45, 5, 1, '2025-08-08 22:00:00', '2025-08-09 05:17:39'),
(4077, 39, 6, 1, '2025-08-08 22:00:00', '2025-08-09 05:17:42'),
(4078, 38, 6, 1, '2025-08-08 22:00:00', '2025-08-09 05:17:44'),
(4079, 8, 6, 1, '2025-08-08 22:00:00', '2025-08-09 05:17:46'),
(4080, 3, 5, 1, '2025-08-08 22:00:00', '2025-08-09 05:17:50'),
(4081, 1, 6, 1, '2025-08-15 16:46:30', '2025-08-15 16:46:30'),
(4082, 2, 6, 1, '2025-08-15 16:46:30', '2025-08-15 16:46:30'),
(4083, 5, 6, 1, '2025-08-15 16:46:30', '2025-08-15 16:46:30'),
(4084, 6, 6, 1, '2025-08-15 16:46:30', '2025-08-15 16:46:30'),
(4085, 7, 6, 1, '2025-08-15 16:46:30', '2025-08-15 16:46:30'),
(4086, 9, 6, 1, '2025-08-15 16:46:30', '2025-08-15 16:46:30'),
(4087, 10, 6, 1, '2025-08-15 16:46:30', '2025-08-15 16:46:30'),
(4088, 11, 6, 1, '2025-08-15 16:46:30', '2025-08-15 16:46:30'),
(4089, 12, 6, 1, '2025-08-15 16:46:30', '2025-08-15 16:46:30'),
(4090, 13, 6, 1, '2025-08-15 16:46:30', '2025-08-15 16:46:30'),
(4091, 14, 6, 1, '2025-08-15 16:46:30', '2025-08-15 16:46:30'),
(4092, 15, 6, 1, '2025-08-15 16:46:30', '2025-08-15 16:46:30'),
(4093, 16, 6, 1, '2025-08-15 16:46:30', '2025-08-15 16:46:30'),
(4094, 17, 6, 1, '2025-08-15 16:46:30', '2025-08-15 16:46:30'),
(4095, 33, 6, 1, '2025-08-15 16:46:30', '2025-08-15 16:46:30'),
(4096, 37, 6, 1, '2025-08-15 16:46:30', '2025-08-15 16:46:30'),
(4097, 38, 6, 1, '2025-08-15 16:46:30', '2025-08-15 16:46:30'),
(4098, 40, 6, 1, '2025-08-15 16:46:30', '2025-08-15 16:46:30'),
(4099, 46, 4, 1, '2025-08-15 16:46:30', '2025-08-15 16:46:30'),
(4100, 57, 3, 1, '2025-08-15 16:46:30', '2025-08-15 16:46:30'),
(4101, 60, 2, 1, '2025-08-15 16:46:30', '2025-08-15 16:46:30'),
(4102, 68, 2, 1, '2025-08-15 16:46:30', '2025-08-15 16:46:30'),
(4103, 71, 2, 1, '2025-08-15 16:46:30', '2025-08-15 16:46:30'),
(4104, 89, 1, 1, '2025-08-15 16:46:30', '2025-08-15 16:46:30'),
(4105, 91, 1, 1, '2025-08-15 16:46:30', '2025-08-15 16:46:30'),
(4106, 103, 2, 1, '2025-08-15 16:46:30', '2025-08-15 16:46:30'),
(4107, 104, 2, 1, '2025-08-15 16:46:30', '2025-08-15 16:46:30'),
(4108, 105, 2, 1, '2025-08-15 16:46:30', '2025-08-15 16:46:30'),
(4109, 106, 1, 1, '2025-08-15 16:46:30', '2025-08-15 16:46:30'),
(4110, 107, 2, 1, '2025-08-15 16:46:30', '2025-08-15 16:46:30'),
(4111, 108, 2, 1, '2025-08-15 16:46:30', '2025-08-15 16:46:30'),
(4112, 109, 2, 1, '2025-08-15 16:46:30', '2025-08-15 16:46:30'),
(4113, 110, 1, 1, '2025-08-15 16:46:30', '2025-08-15 16:46:30'),
(4114, 94, 2, 1, '2025-08-14 22:00:00', '2025-08-15 16:46:35'),
(4115, 111, 1, 1, '2025-08-16 05:29:22', '2025-08-16 05:29:22'),
(4116, 112, 1, 1, '2025-08-16 05:29:22', '2025-08-16 05:29:22'),
(4117, 114, 1, 1, '2025-08-16 05:29:22', '2025-08-16 05:29:22'),
(4118, 116, 1, 1, '2025-08-16 05:29:22', '2025-08-16 05:29:22'),
(4119, 117, 1, 1, '2025-08-16 05:29:22', '2025-08-16 05:29:22'),
(4120, 119, 1, 1, '2025-08-16 05:29:22', '2025-08-16 05:29:22'),
(4121, 120, 1, 1, '2025-08-16 05:29:22', '2025-08-16 05:29:22'),
(4122, 121, 1, 1, '2025-08-16 05:29:22', '2025-08-16 05:29:22'),
(4123, 123, 1, 1, '2025-08-16 05:29:22', '2025-08-16 05:29:22'),
(4124, 125, 1, 1, '2025-08-16 05:29:22', '2025-08-16 05:29:22'),
(4125, 127, 1, 1, '2025-08-16 05:29:22', '2025-08-16 05:29:22'),
(4126, 128, 1, 1, '2025-08-16 05:29:22', '2025-08-16 05:29:22'),
(4127, 129, 1, 1, '2025-08-16 05:29:22', '2025-08-16 05:29:22'),
(4128, 130, 1, 1, '2025-08-16 05:29:22', '2025-08-16 05:29:22'),
(4129, 131, 1, 1, '2025-08-16 05:29:22', '2025-08-16 05:29:22'),
(4130, 132, 1, 1, '2025-08-16 05:29:22', '2025-08-16 05:29:22'),
(4131, 133, 1, 1, '2025-08-16 05:29:22', '2025-08-16 05:29:22'),
(4132, 134, 1, 1, '2025-08-16 05:29:22', '2025-08-16 05:29:22'),
(4133, 136, 1, 1, '2025-08-16 05:29:22', '2025-08-16 05:29:22'),
(4134, 137, 1, 1, '2025-08-16 05:29:22', '2025-08-16 05:29:22'),
(4135, 138, 1, 1, '2025-08-16 05:29:22', '2025-08-16 05:29:22'),
(4136, 141, 1, 1, '2025-08-16 05:29:22', '2025-08-16 05:29:22'),
(4137, 144, 1, 1, '2025-08-16 05:29:22', '2025-08-16 05:29:22'),
(4138, 146, 1, 1, '2025-08-16 05:29:22', '2025-08-16 05:29:22'),
(4139, 147, 1, 1, '2025-08-16 05:29:22', '2025-08-16 05:29:22'),
(4140, 150, 1, 1, '2025-08-16 05:29:22', '2025-08-16 05:29:22'),
(4141, 151, 1, 1, '2025-08-16 05:29:22', '2025-08-16 05:29:22'),
(4142, 152, 1, 1, '2025-08-16 05:29:22', '2025-08-16 05:29:22'),
(4143, 153, 1, 1, '2025-08-16 05:29:22', '2025-08-16 05:29:22');
INSERT INTO `animal_feedings` (`id`, `animal_id`, `feed_id`, `amount`, `created_at`, `updated_at`) VALUES
(4144, 154, 1, 1, '2025-08-16 05:29:22', '2025-08-16 05:29:22'),
(4145, 155, 1, 1, '2025-08-16 05:29:22', '2025-08-16 05:29:22'),
(4146, 158, 1, 1, '2025-08-16 05:29:22', '2025-08-16 05:29:22'),
(4147, 159, 1, 1, '2025-08-16 05:29:22', '2025-08-16 05:29:22'),
(4148, 160, 1, 1, '2025-08-16 05:29:22', '2025-08-16 05:29:22'),
(4149, 163, 1, 1, '2025-08-16 05:29:22', '2025-08-16 05:29:22'),
(4150, 164, 1, 1, '2025-08-16 05:29:22', '2025-08-16 05:29:22'),
(4151, 165, 1, 1, '2025-08-16 05:29:22', '2025-08-16 05:29:22'),
(4152, 166, 1, 1, '2025-08-16 05:29:22', '2025-08-16 05:29:22'),
(4153, 167, 1, 1, '2025-08-16 05:29:22', '2025-08-16 05:29:22'),
(4154, 171, 1, 1, '2025-08-16 05:29:22', '2025-08-16 05:29:22'),
(4155, 172, 1, 1, '2025-08-16 05:29:22', '2025-08-16 05:29:22'),
(4156, 173, 1, 1, '2025-08-16 05:29:22', '2025-08-16 05:29:22'),
(4157, 174, 1, 1, '2025-08-16 05:29:22', '2025-08-16 05:29:22'),
(4158, 177, 1, 1, '2025-08-16 05:29:22', '2025-08-16 05:29:22'),
(4159, 178, 1, 1, '2025-08-16 05:29:22', '2025-08-16 05:29:22'),
(4160, 181, 1, 1, '2025-08-16 05:29:22', '2025-08-16 05:29:22'),
(4162, 183, 1, 1, '2025-08-16 05:29:22', '2025-08-16 05:29:22'),
(4163, 184, 1, 1, '2025-08-16 05:29:22', '2025-08-16 05:29:22'),
(4164, 185, 1, 1, '2025-08-16 05:29:22', '2025-08-16 05:29:22'),
(4166, 187, 1, 1, '2025-08-16 05:29:22', '2025-08-16 05:29:22'),
(4167, 188, 1, 1, '2025-08-16 05:29:22', '2025-08-16 05:29:22'),
(4168, 189, 1, 1, '2025-08-16 05:29:22', '2025-08-16 05:29:22'),
(4169, 190, 1, 1, '2025-08-16 05:29:22', '2025-08-16 05:29:22'),
(4170, 191, 1, 1, '2025-08-16 05:29:22', '2025-08-16 05:29:22'),
(4171, 192, 1, 1, '2025-08-16 05:29:22', '2025-08-16 05:29:22'),
(4172, 47, 6, 1, '2025-08-16 08:50:33', '2025-08-16 08:50:33'),
(4173, 45, 5, 1, '2025-08-15 22:00:00', '2025-08-16 08:50:43'),
(4174, 39, 6, 1, '2025-08-15 22:00:00', '2025-08-16 08:50:46'),
(4175, 8, 6, 1, '2025-08-15 22:00:00', '2025-08-16 08:50:49'),
(4176, 3, 5, 1, '2025-08-15 22:00:00', '2025-08-16 08:50:52'),
(4177, 57, 3, 1, '2025-08-22 14:58:39', '2025-08-22 14:58:39'),
(4178, 60, 2, 1, '2025-08-22 14:58:39', '2025-08-22 14:58:39'),
(4179, 68, 2, 1, '2025-08-22 14:58:39', '2025-08-22 14:58:39'),
(4180, 71, 2, 1, '2025-08-22 14:58:39', '2025-08-22 14:58:39'),
(4181, 89, 1, 1, '2025-08-22 14:58:39', '2025-08-22 14:58:39'),
(4182, 91, 1, 1, '2025-08-22 14:58:39', '2025-08-22 14:58:39'),
(4183, 103, 2, 1, '2025-08-22 14:58:39', '2025-08-22 14:58:39'),
(4184, 104, 2, 1, '2025-08-22 14:58:39', '2025-08-22 14:58:39'),
(4185, 105, 2, 1, '2025-08-22 14:58:39', '2025-08-22 14:58:39'),
(4186, 106, 1, 1, '2025-08-22 14:58:39', '2025-08-22 14:58:39'),
(4187, 107, 2, 1, '2025-08-22 14:58:39', '2025-08-22 14:58:39'),
(4188, 108, 2, 1, '2025-08-22 14:58:39', '2025-08-22 14:58:39'),
(4189, 109, 2, 1, '2025-08-22 14:58:39', '2025-08-22 14:58:39'),
(4190, 110, 1, 1, '2025-08-22 14:58:39', '2025-08-22 14:58:39'),
(4191, 94, 2, 1, '2025-08-21 22:00:00', '2025-08-22 14:58:48'),
(4192, 111, 1, 1, '2025-08-23 07:33:34', '2025-08-23 07:33:34'),
(4193, 112, 1, 1, '2025-08-23 07:33:34', '2025-08-23 07:33:34'),
(4194, 114, 1, 1, '2025-08-23 07:33:34', '2025-08-23 07:33:34'),
(4195, 116, 1, 1, '2025-08-23 07:33:34', '2025-08-23 07:33:34'),
(4196, 117, 1, 1, '2025-08-23 07:33:34', '2025-08-23 07:33:34'),
(4197, 119, 1, 1, '2025-08-23 07:33:34', '2025-08-23 07:33:34'),
(4198, 120, 1, 1, '2025-08-23 07:33:34', '2025-08-23 07:33:34'),
(4199, 121, 1, 1, '2025-08-23 07:33:34', '2025-08-23 07:33:34'),
(4200, 123, 1, 1, '2025-08-23 07:33:34', '2025-08-23 07:33:34'),
(4201, 125, 1, 1, '2025-08-23 07:33:34', '2025-08-23 07:33:34'),
(4202, 127, 1, 1, '2025-08-23 07:33:34', '2025-08-23 07:33:34'),
(4203, 128, 1, 1, '2025-08-23 07:33:34', '2025-08-23 07:33:34'),
(4204, 129, 1, 1, '2025-08-23 07:33:34', '2025-08-23 07:33:34'),
(4205, 130, 1, 1, '2025-08-23 07:33:34', '2025-08-23 07:33:34'),
(4206, 131, 1, 1, '2025-08-23 07:33:34', '2025-08-23 07:33:34'),
(4207, 132, 1, 1, '2025-08-23 07:33:34', '2025-08-23 07:33:34'),
(4208, 133, 1, 1, '2025-08-23 07:33:34', '2025-08-23 07:33:34'),
(4209, 134, 1, 1, '2025-08-23 07:33:34', '2025-08-23 07:33:34'),
(4210, 136, 1, 1, '2025-08-23 07:33:34', '2025-08-23 07:33:34'),
(4211, 137, 1, 1, '2025-08-23 07:33:34', '2025-08-23 07:33:34'),
(4212, 138, 1, 1, '2025-08-23 07:33:34', '2025-08-23 07:33:34'),
(4213, 141, 1, 1, '2025-08-23 07:33:34', '2025-08-23 07:33:34'),
(4214, 144, 1, 1, '2025-08-23 07:33:34', '2025-08-23 07:33:34'),
(4215, 146, 1, 1, '2025-08-23 07:33:34', '2025-08-23 07:33:34'),
(4216, 147, 1, 1, '2025-08-23 07:33:34', '2025-08-23 07:33:34'),
(4217, 150, 1, 1, '2025-08-23 07:33:34', '2025-08-23 07:33:34'),
(4218, 151, 1, 1, '2025-08-23 07:33:34', '2025-08-23 07:33:34'),
(4219, 152, 1, 1, '2025-08-23 07:33:34', '2025-08-23 07:33:34'),
(4220, 153, 1, 1, '2025-08-23 07:33:34', '2025-08-23 07:33:34'),
(4221, 154, 1, 1, '2025-08-23 07:33:34', '2025-08-23 07:33:34'),
(4222, 155, 1, 1, '2025-08-23 07:33:34', '2025-08-23 07:33:34'),
(4223, 158, 1, 1, '2025-08-23 07:33:34', '2025-08-23 07:33:34'),
(4224, 159, 1, 1, '2025-08-23 07:33:34', '2025-08-23 07:33:34'),
(4225, 160, 1, 1, '2025-08-23 07:33:34', '2025-08-23 07:33:34'),
(4226, 162, 1, 1, '2025-08-23 07:33:34', '2025-08-23 07:33:34'),
(4227, 163, 1, 1, '2025-08-23 07:33:34', '2025-08-23 07:33:34'),
(4228, 164, 1, 1, '2025-08-23 07:33:34', '2025-08-23 07:33:34'),
(4229, 165, 1, 1, '2025-08-23 07:33:34', '2025-08-23 07:33:34'),
(4230, 166, 1, 1, '2025-08-23 07:33:34', '2025-08-23 07:33:34'),
(4231, 167, 1, 1, '2025-08-23 07:33:34', '2025-08-23 07:33:34'),
(4232, 171, 1, 1, '2025-08-23 07:33:34', '2025-08-23 07:33:34'),
(4233, 173, 1, 1, '2025-08-23 07:33:34', '2025-08-23 07:33:34'),
(4234, 178, 1, 1, '2025-08-23 07:33:34', '2025-08-23 07:33:34'),
(4235, 181, 1, 1, '2025-08-23 07:33:34', '2025-08-23 07:33:34'),
(4236, 183, 1, 1, '2025-08-23 07:33:34', '2025-08-23 07:33:34'),
(4237, 184, 1, 1, '2025-08-23 07:33:34', '2025-08-23 07:33:34'),
(4238, 185, 1, 1, '2025-08-23 07:33:34', '2025-08-23 07:33:34'),
(4239, 186, 1, 1, '2025-08-23 07:33:34', '2025-08-23 07:33:34'),
(4240, 187, 1, 1, '2025-08-23 07:33:34', '2025-08-23 07:33:34'),
(4241, 188, 1, 1, '2025-08-23 07:33:34', '2025-08-23 07:33:34'),
(4242, 189, 1, 1, '2025-08-23 07:33:34', '2025-08-23 07:33:34'),
(4243, 190, 1, 1, '2025-08-23 07:33:34', '2025-08-23 07:33:34'),
(4244, 191, 1, 1, '2025-08-23 07:33:34', '2025-08-23 07:33:34'),
(4245, 192, 1, 1, '2025-08-23 07:33:34', '2025-08-23 07:33:34'),
(4246, 1, 6, 1, '2025-08-29 04:24:36', '2025-08-29 04:24:36'),
(4247, 2, 6, 1, '2025-08-29 04:24:36', '2025-08-29 04:24:36'),
(4248, 3, 5, 1, '2025-08-29 04:24:36', '2025-08-29 04:24:36'),
(4249, 5, 6, 1, '2025-08-29 04:24:36', '2025-08-29 04:24:36'),
(4250, 6, 6, 1, '2025-08-29 04:24:36', '2025-08-29 04:24:36'),
(4251, 7, 6, 1, '2025-08-29 04:24:36', '2025-08-29 04:24:36'),
(4252, 8, 6, 1, '2025-08-29 04:24:36', '2025-08-29 04:24:36'),
(4253, 9, 6, 1, '2025-08-29 04:24:36', '2025-08-29 04:24:36'),
(4254, 10, 6, 1, '2025-08-29 04:24:36', '2025-08-29 04:24:36'),
(4255, 11, 6, 1, '2025-08-29 04:24:36', '2025-08-29 04:24:36'),
(4256, 12, 6, 1, '2025-08-29 04:24:36', '2025-08-29 04:24:36'),
(4257, 13, 6, 1, '2025-08-29 04:24:36', '2025-08-29 04:24:36'),
(4258, 14, 6, 1, '2025-08-29 04:24:36', '2025-08-29 04:24:36'),
(4259, 15, 6, 1, '2025-08-29 04:24:36', '2025-08-29 04:24:36'),
(4260, 16, 6, 1, '2025-08-29 04:24:36', '2025-08-29 04:24:36'),
(4261, 17, 6, 1, '2025-08-29 04:24:36', '2025-08-29 04:24:36'),
(4262, 33, 6, 1, '2025-08-29 04:24:36', '2025-08-29 04:24:36'),
(4263, 37, 6, 1, '2025-08-29 04:24:36', '2025-08-29 04:24:36'),
(4264, 38, 6, 1, '2025-08-29 04:24:36', '2025-08-29 04:24:36'),
(4265, 39, 6, 1, '2025-08-29 04:24:36', '2025-08-29 04:24:36'),
(4266, 40, 6, 1, '2025-08-29 04:24:36', '2025-08-29 04:24:36'),
(4267, 45, 5, 1, '2025-08-29 04:24:36', '2025-08-29 04:24:36'),
(4268, 46, 4, 1, '2025-08-29 04:24:36', '2025-08-29 04:24:36'),
(4269, 47, 6, 1, '2025-08-29 04:24:36', '2025-08-29 04:24:36'),
(4270, 57, 3, 1, '2025-08-29 04:24:36', '2025-08-29 04:24:36'),
(4271, 60, 2, 1, '2025-08-29 04:24:36', '2025-08-29 04:24:36'),
(4272, 68, 2, 1, '2025-08-29 04:24:36', '2025-08-29 04:24:36'),
(4273, 71, 2, 1, '2025-08-29 04:24:36', '2025-08-29 04:24:36'),
(4274, 89, 1, 1, '2025-08-29 04:24:36', '2025-08-29 04:24:36'),
(4275, 91, 1, 1, '2025-08-29 04:24:36', '2025-08-29 04:24:36'),
(4276, 94, 2, 1, '2025-08-29 04:24:36', '2025-08-29 04:24:36'),
(4277, 103, 2, 1, '2025-08-29 04:24:36', '2025-08-29 04:24:36'),
(4278, 104, 2, 1, '2025-08-29 04:24:36', '2025-08-29 04:24:36'),
(4279, 105, 2, 1, '2025-08-29 04:24:36', '2025-08-29 04:24:36'),
(4280, 106, 1, 1, '2025-08-29 04:24:36', '2025-08-29 04:24:36'),
(4281, 107, 2, 1, '2025-08-29 04:24:36', '2025-08-29 04:24:36'),
(4282, 108, 2, 1, '2025-08-29 04:24:36', '2025-08-29 04:24:36'),
(4283, 109, 2, 1, '2025-08-29 04:24:36', '2025-08-29 04:24:36'),
(4284, 110, 1, 1, '2025-08-29 04:24:36', '2025-08-29 04:24:36'),
(4285, 159, 9, 1, '2025-08-28 22:00:00', '2025-08-29 04:25:38'),
(4286, 111, 1, 1, '2025-08-29 04:27:44', '2025-08-29 04:27:44'),
(4287, 114, 1, 1, '2025-08-29 04:27:44', '2025-08-29 04:27:44'),
(4288, 116, 1, 1, '2025-08-29 04:27:44', '2025-08-29 04:27:44'),
(4289, 117, 1, 1, '2025-08-29 04:27:44', '2025-08-29 04:27:44'),
(4290, 119, 1, 1, '2025-08-29 04:27:44', '2025-08-29 04:27:44'),
(4291, 120, 1, 1, '2025-08-29 04:27:44', '2025-08-29 04:27:44'),
(4292, 121, 1, 1, '2025-08-29 04:27:44', '2025-08-29 04:27:44'),
(4293, 123, 1, 1, '2025-08-29 04:27:44', '2025-08-29 04:27:44'),
(4294, 125, 1, 1, '2025-08-29 04:27:44', '2025-08-29 04:27:44'),
(4295, 127, 1, 1, '2025-08-29 04:27:44', '2025-08-29 04:27:44'),
(4296, 128, 1, 1, '2025-08-29 04:27:44', '2025-08-29 04:27:44'),
(4297, 129, 1, 1, '2025-08-29 04:27:44', '2025-08-29 04:27:44'),
(4298, 130, 1, 1, '2025-08-29 04:27:44', '2025-08-29 04:27:44'),
(4299, 132, 1, 1, '2025-08-29 04:27:44', '2025-08-29 04:27:44'),
(4300, 133, 1, 1, '2025-08-29 04:27:44', '2025-08-29 04:27:44'),
(4301, 134, 1, 1, '2025-08-29 04:27:44', '2025-08-29 04:27:44'),
(4302, 135, 1, 1, '2025-08-29 04:27:44', '2025-08-29 04:27:44'),
(4303, 136, 1, 1, '2025-08-29 04:27:44', '2025-08-29 04:27:44'),
(4304, 137, 1, 1, '2025-08-29 04:27:44', '2025-08-29 04:27:44'),
(4305, 138, 1, 1, '2025-08-29 04:27:44', '2025-08-29 04:27:44'),
(4306, 140, 1, 1, '2025-08-29 04:27:44', '2025-08-29 04:27:44'),
(4307, 141, 1, 1, '2025-08-29 04:27:44', '2025-08-29 04:27:44'),
(4308, 146, 1, 1, '2025-08-29 04:27:44', '2025-08-29 04:27:44'),
(4309, 147, 1, 1, '2025-08-29 04:27:44', '2025-08-29 04:27:44'),
(4310, 149, 1, 1, '2025-08-29 04:27:44', '2025-08-29 04:27:44'),
(4311, 150, 1, 1, '2025-08-29 04:27:44', '2025-08-29 04:27:44'),
(4312, 151, 1, 1, '2025-08-29 04:27:44', '2025-08-29 04:27:44'),
(4313, 152, 1, 1, '2025-08-29 04:27:44', '2025-08-29 04:27:44'),
(4314, 153, 1, 1, '2025-08-29 04:27:44', '2025-08-29 04:27:44'),
(4315, 154, 1, 1, '2025-08-29 04:27:44', '2025-08-29 04:27:44'),
(4316, 155, 1, 1, '2025-08-29 04:27:44', '2025-08-29 04:27:44'),
(4317, 158, 1, 1, '2025-08-29 04:27:44', '2025-08-29 04:27:44'),
(4318, 160, 1, 1, '2025-08-29 04:27:44', '2025-08-29 04:27:44'),
(4319, 162, 1, 1, '2025-08-29 04:27:44', '2025-08-29 04:27:44'),
(4320, 163, 1, 1, '2025-08-29 04:27:44', '2025-08-29 04:27:44'),
(4321, 164, 1, 1, '2025-08-29 04:27:44', '2025-08-29 04:27:44'),
(4322, 165, 1, 1, '2025-08-29 04:27:44', '2025-08-29 04:27:44'),
(4323, 166, 1, 1, '2025-08-29 04:27:44', '2025-08-29 04:27:44'),
(4324, 167, 1, 1, '2025-08-29 04:27:44', '2025-08-29 04:27:44'),
(4325, 171, 1, 1, '2025-08-29 04:27:44', '2025-08-29 04:27:44'),
(4326, 173, 1, 1, '2025-08-29 04:27:44', '2025-08-29 04:27:44'),
(4327, 174, 1, 1, '2025-08-29 04:27:44', '2025-08-29 04:27:44'),
(4328, 178, 1, 1, '2025-08-29 04:27:44', '2025-08-29 04:27:44'),
(4329, 181, 1, 1, '2025-08-29 04:27:44', '2025-08-29 04:27:44'),
(4330, 182, 1, 1, '2025-08-29 04:27:44', '2025-08-29 04:27:44'),
(4331, 183, 1, 1, '2025-08-29 04:27:44', '2025-08-29 04:27:44'),
(4332, 184, 1, 1, '2025-08-29 04:27:44', '2025-08-29 04:27:44'),
(4333, 185, 1, 1, '2025-08-29 04:27:44', '2025-08-29 04:27:44'),
(4334, 186, 1, 1, '2025-08-29 04:27:44', '2025-08-29 04:27:44'),
(4335, 187, 1, 1, '2025-08-29 04:27:44', '2025-08-29 04:27:44'),
(4336, 188, 1, 1, '2025-08-29 04:27:44', '2025-08-29 04:27:44'),
(4337, 189, 1, 1, '2025-08-29 04:27:44', '2025-08-29 04:27:44'),
(4338, 190, 1, 1, '2025-08-29 04:27:44', '2025-08-29 04:27:44'),
(4339, 191, 1, 1, '2025-08-29 04:27:44', '2025-08-29 04:27:44'),
(4340, 192, 1, 1, '2025-08-29 04:27:44', '2025-08-29 04:27:44'),
(4341, 57, 3, 1, '2025-09-04 15:42:36', '2025-09-04 15:42:36'),
(4342, 60, 2, 1, '2025-09-04 15:42:36', '2025-09-04 15:42:36'),
(4343, 68, 2, 1, '2025-09-04 15:42:36', '2025-09-04 15:42:36'),
(4344, 89, 1, 1, '2025-09-04 15:42:36', '2025-09-04 15:42:36'),
(4345, 91, 1, 1, '2025-09-04 15:42:36', '2025-09-04 15:42:36'),
(4346, 94, 2, 1, '2025-09-04 15:42:36', '2025-09-04 15:42:36'),
(4347, 103, 2, 1, '2025-09-04 15:42:36', '2025-09-04 15:42:36'),
(4348, 104, 2, 1, '2025-09-04 15:42:36', '2025-09-04 15:42:36'),
(4349, 105, 2, 1, '2025-09-04 15:42:36', '2025-09-04 15:42:36'),
(4350, 106, 1, 1, '2025-09-04 15:42:36', '2025-09-04 15:42:36'),
(4351, 107, 2, 1, '2025-09-04 15:42:36', '2025-09-04 15:42:36'),
(4352, 108, 2, 1, '2025-09-04 15:42:36', '2025-09-04 15:42:36'),
(4353, 109, 2, 1, '2025-09-04 15:42:36', '2025-09-04 15:42:36'),
(4354, 110, 1, 1, '2025-09-04 15:42:36', '2025-09-04 15:42:36'),
(4355, 111, 1, 1, '2025-09-05 03:41:23', '2025-09-05 03:41:23'),
(4356, 114, 1, 1, '2025-09-05 03:41:23', '2025-09-05 03:41:23'),
(4357, 116, 1, 1, '2025-09-05 03:41:23', '2025-09-05 03:41:23'),
(4358, 117, 1, 1, '2025-09-05 03:41:23', '2025-09-05 03:41:23'),
(4360, 119, 1, 1, '2025-09-05 03:41:23', '2025-09-05 03:41:23'),
(4361, 120, 1, 1, '2025-09-05 03:41:23', '2025-09-05 03:41:23'),
(4362, 121, 1, 1, '2025-09-05 03:41:23', '2025-09-05 03:41:23'),
(4364, 123, 1, 1, '2025-09-05 03:41:23', '2025-09-05 03:41:23'),
(4365, 125, 1, 1, '2025-09-05 03:41:23', '2025-09-05 03:41:23'),
(4366, 128, 1, 1, '2025-09-05 03:41:23', '2025-09-05 03:41:23'),
(4367, 129, 1, 1, '2025-09-05 03:41:23', '2025-09-05 03:41:23'),
(4368, 130, 1, 1, '2025-09-05 03:41:23', '2025-09-05 03:41:23'),
(4369, 132, 1, 1, '2025-09-05 03:41:23', '2025-09-05 03:41:23'),
(4370, 133, 1, 1, '2025-09-05 03:41:23', '2025-09-05 03:41:23'),
(4371, 134, 1, 1, '2025-09-05 03:41:23', '2025-09-05 03:41:23'),
(4372, 135, 1, 1, '2025-09-05 03:41:23', '2025-09-05 03:41:23'),
(4373, 136, 1, 1, '2025-09-05 03:41:23', '2025-09-05 03:41:23'),
(4374, 137, 1, 1, '2025-09-05 03:41:23', '2025-09-05 03:41:23'),
(4375, 138, 1, 1, '2025-09-05 03:41:23', '2025-09-05 03:41:23'),
(4376, 141, 1, 1, '2025-09-05 03:41:23', '2025-09-05 03:41:23'),
(4377, 146, 1, 1, '2025-09-05 03:41:23', '2025-09-05 03:41:23'),
(4378, 147, 1, 1, '2025-09-05 03:41:23', '2025-09-05 03:41:23'),
(4379, 149, 1, 1, '2025-09-05 03:41:23', '2025-09-05 03:41:23'),
(4380, 150, 1, 1, '2025-09-05 03:41:23', '2025-09-05 03:41:23'),
(4381, 151, 1, 1, '2025-09-05 03:41:23', '2025-09-05 03:41:23'),
(4382, 152, 1, 1, '2025-09-05 03:41:23', '2025-09-05 03:41:23'),
(4383, 153, 1, 1, '2025-09-05 03:41:23', '2025-09-05 03:41:23'),
(4384, 154, 1, 1, '2025-09-05 03:41:23', '2025-09-05 03:41:23'),
(4385, 155, 1, 1, '2025-09-05 03:41:23', '2025-09-05 03:41:23'),
(4387, 158, 1, 1, '2025-09-05 03:41:23', '2025-09-05 03:41:23'),
(4388, 159, 1, 1, '2025-09-05 03:41:23', '2025-09-05 03:41:23'),
(4389, 160, 1, 1, '2025-09-05 03:41:23', '2025-09-05 03:41:23'),
(4390, 162, 1, 1, '2025-09-05 03:41:23', '2025-09-05 03:41:23'),
(4391, 163, 1, 1, '2025-09-05 03:41:23', '2025-09-05 03:41:23'),
(4392, 164, 1, 1, '2025-09-05 03:41:23', '2025-09-05 03:41:23'),
(4393, 165, 1, 1, '2025-09-05 03:41:23', '2025-09-05 03:41:23'),
(4394, 166, 1, 1, '2025-09-05 03:41:23', '2025-09-05 03:41:23'),
(4395, 171, 1, 1, '2025-09-05 03:41:23', '2025-09-05 03:41:23'),
(4397, 173, 1, 1, '2025-09-05 03:41:23', '2025-09-05 03:41:23'),
(4398, 174, 1, 1, '2025-09-05 03:41:23', '2025-09-05 03:41:23'),
(4400, 178, 1, 1, '2025-09-05 03:41:23', '2025-09-05 03:41:23'),
(4401, 183, 1, 1, '2025-09-05 03:41:23', '2025-09-05 03:41:23'),
(4402, 184, 1, 1, '2025-09-05 03:41:23', '2025-09-05 03:41:23'),
(4403, 185, 1, 1, '2025-09-05 03:41:23', '2025-09-05 03:41:23'),
(4404, 186, 1, 1, '2025-09-05 03:41:23', '2025-09-05 03:41:23'),
(4405, 187, 1, 1, '2025-09-05 03:41:23', '2025-09-05 03:41:23'),
(4406, 188, 1, 1, '2025-09-05 03:41:23', '2025-09-05 03:41:23'),
(4407, 189, 1, 1, '2025-09-05 03:41:23', '2025-09-05 03:41:23'),
(4408, 190, 1, 1, '2025-09-05 03:41:23', '2025-09-05 03:41:23'),
(4409, 191, 1, 1, '2025-09-05 03:41:23', '2025-09-05 03:41:23'),
(4410, 192, 1, 1, '2025-09-05 03:41:23', '2025-09-05 03:41:23'),
(4411, 193, 1, 1, '2025-09-05 03:41:23', '2025-09-05 03:41:23'),
(4412, 194, 1, 1, '2025-09-05 03:41:23', '2025-09-05 03:41:23'),
(4413, 195, 1, 1, '2025-09-05 03:41:23', '2025-09-05 03:41:23'),
(4414, 196, 1, 1, '2025-09-05 03:41:23', '2025-09-05 03:41:23'),
(4415, 197, 1, 1, '2025-09-05 03:41:23', '2025-09-05 03:41:23'),
(4416, 198, 1, 1, '2025-09-05 03:41:23', '2025-09-05 03:41:23'),
(4417, 199, 1, 1, '2025-09-05 03:41:23', '2025-09-05 03:41:23'),
(4418, 200, 1, 1, '2025-09-05 03:41:23', '2025-09-05 03:41:23'),
(4419, 201, 1, 1, '2025-09-05 03:41:23', '2025-09-05 03:41:23'),
(4420, 202, 1, 1, '2025-09-05 03:41:23', '2025-09-05 03:41:23'),
(4421, 203, 1, 1, '2025-09-05 03:41:23', '2025-09-05 03:41:23'),
(4422, 204, 1, 1, '2025-09-05 03:41:23', '2025-09-05 03:41:23'),
(4423, 205, 1, 1, '2025-09-05 03:41:23', '2025-09-05 03:41:23'),
(4425, 181, 9, 1, '2025-09-04 22:00:00', '2025-09-05 03:41:42'),
(4426, 167, 9, 1, '2025-09-04 22:00:00', '2025-09-05 03:41:46'),
(4427, 1, 6, 1, '2025-09-10 17:01:18', '2025-09-10 17:01:18'),
(4428, 2, 6, 1, '2025-09-10 17:01:18', '2025-09-10 17:01:18'),
(4429, 3, 5, 1, '2025-09-10 17:01:18', '2025-09-10 17:01:18'),
(4430, 5, 6, 1, '2025-09-10 17:01:18', '2025-09-10 17:01:18'),
(4431, 6, 6, 1, '2025-09-10 17:01:18', '2025-09-10 17:01:18'),
(4432, 7, 6, 1, '2025-09-10 17:01:18', '2025-09-10 17:01:18'),
(4433, 8, 6, 1, '2025-09-10 17:01:18', '2025-09-10 17:01:18'),
(4434, 9, 6, 1, '2025-09-10 17:01:18', '2025-09-10 17:01:18'),
(4435, 10, 6, 1, '2025-09-10 17:01:18', '2025-09-10 17:01:18'),
(4436, 11, 6, 1, '2025-09-10 17:01:18', '2025-09-10 17:01:18'),
(4437, 12, 6, 1, '2025-09-10 17:01:18', '2025-09-10 17:01:18'),
(4438, 13, 6, 1, '2025-09-10 17:01:18', '2025-09-10 17:01:18'),
(4439, 14, 6, 1, '2025-09-10 17:01:18', '2025-09-10 17:01:18'),
(4440, 15, 6, 1, '2025-09-10 17:01:18', '2025-09-10 17:01:18'),
(4441, 16, 6, 1, '2025-09-10 17:01:18', '2025-09-10 17:01:18'),
(4442, 17, 6, 1, '2025-09-10 17:01:18', '2025-09-10 17:01:18'),
(4443, 33, 6, 1, '2025-09-10 17:01:18', '2025-09-10 17:01:18'),
(4444, 37, 6, 1, '2025-09-10 17:01:18', '2025-09-10 17:01:18'),
(4445, 38, 6, 1, '2025-09-10 17:01:18', '2025-09-10 17:01:18'),
(4446, 39, 6, 1, '2025-09-10 17:01:18', '2025-09-10 17:01:18'),
(4447, 40, 6, 1, '2025-09-10 17:01:18', '2025-09-10 17:01:18'),
(4448, 45, 5, 1, '2025-09-10 17:01:18', '2025-09-10 17:01:18'),
(4449, 46, 4, 1, '2025-09-10 17:01:18', '2025-09-10 17:01:18'),
(4450, 47, 6, 1, '2025-09-10 17:01:18', '2025-09-10 17:01:18'),
(4451, 57, 3, 1, '2025-09-10 17:01:18', '2025-09-10 17:01:18'),
(4452, 68, 2, 1, '2025-09-10 17:01:18', '2025-09-10 17:01:18'),
(4453, 89, 1, 1, '2025-09-10 17:01:18', '2025-09-10 17:01:18'),
(4454, 91, 1, 1, '2025-09-10 17:01:18', '2025-09-10 17:01:18'),
(4455, 94, 2, 1, '2025-09-10 17:01:18', '2025-09-10 17:01:18'),
(4456, 103, 2, 1, '2025-09-10 17:01:18', '2025-09-10 17:01:18'),
(4457, 104, 2, 1, '2025-09-10 17:01:18', '2025-09-10 17:01:18'),
(4458, 105, 2, 1, '2025-09-10 17:01:18', '2025-09-10 17:01:18'),
(4459, 106, 1, 1, '2025-09-10 17:01:18', '2025-09-10 17:01:18'),
(4460, 107, 2, 1, '2025-09-10 17:01:18', '2025-09-10 17:01:18'),
(4461, 108, 2, 1, '2025-09-10 17:01:18', '2025-09-10 17:01:18'),
(4462, 109, 2, 1, '2025-09-10 17:01:18', '2025-09-10 17:01:18'),
(4463, 110, 1, 1, '2025-09-10 17:01:18', '2025-09-10 17:01:18'),
(4464, 128, 1, 1, '2025-09-10 17:01:18', '2025-09-10 17:01:18'),
(4465, 151, 1, 1, '2025-09-10 17:01:18', '2025-09-10 17:01:18'),
(4466, 152, 1, 1, '2025-09-10 17:01:18', '2025-09-10 17:01:18'),
(4467, 165, 1, 1, '2025-09-10 17:01:18', '2025-09-10 17:01:18'),
(4468, 188, 1, 1, '2025-09-10 17:01:18', '2025-09-10 17:01:18'),
(4469, 111, 1, 1, '2025-09-11 06:08:51', '2025-09-11 06:08:51'),
(4470, 114, 1, 1, '2025-09-11 06:08:51', '2025-09-11 06:08:51'),
(4471, 116, 1, 1, '2025-09-11 06:08:51', '2025-09-11 06:08:51'),
(4472, 117, 1, 1, '2025-09-11 06:08:51', '2025-09-11 06:08:51'),
(4473, 119, 1, 1, '2025-09-11 06:08:51', '2025-09-11 06:08:51'),
(4474, 121, 1, 1, '2025-09-11 06:08:51', '2025-09-11 06:08:51'),
(4475, 123, 1, 1, '2025-09-11 06:08:51', '2025-09-11 06:08:51'),
(4476, 129, 1, 1, '2025-09-11 06:08:51', '2025-09-11 06:08:51'),
(4477, 130, 1, 1, '2025-09-11 06:08:51', '2025-09-11 06:08:51'),
(4478, 132, 1, 1, '2025-09-11 06:08:51', '2025-09-11 06:08:51'),
(4479, 133, 1, 1, '2025-09-11 06:08:51', '2025-09-11 06:08:51'),
(4480, 134, 1, 1, '2025-09-11 06:08:51', '2025-09-11 06:08:51'),
(4481, 136, 1, 1, '2025-09-11 06:08:51', '2025-09-11 06:08:51'),
(4482, 137, 1, 1, '2025-09-11 06:08:51', '2025-09-11 06:08:51'),
(4483, 138, 1, 1, '2025-09-11 06:08:51', '2025-09-11 06:08:51'),
(4484, 139, 1, 1, '2025-09-11 06:08:51', '2025-09-11 06:08:51'),
(4485, 141, 1, 1, '2025-09-11 06:08:51', '2025-09-11 06:08:51'),
(4486, 146, 1, 1, '2025-09-11 06:08:51', '2025-09-11 06:08:51'),
(4487, 147, 1, 1, '2025-09-11 06:08:51', '2025-09-11 06:08:51'),
(4488, 149, 9, 1, '2025-09-11 06:08:51', '2025-09-11 06:08:51'),
(4489, 150, 1, 1, '2025-09-11 06:08:51', '2025-09-11 06:08:51'),
(4490, 153, 1, 1, '2025-09-11 06:08:51', '2025-09-11 06:08:51'),
(4491, 154, 9, 1, '2025-09-11 06:08:51', '2025-09-11 06:08:51'),
(4492, 155, 1, 1, '2025-09-11 06:08:51', '2025-09-11 06:08:51'),
(4493, 158, 1, 1, '2025-09-11 06:08:51', '2025-09-11 06:08:51'),
(4494, 159, 1, 1, '2025-09-11 06:08:51', '2025-09-11 06:08:51'),
(4495, 160, 1, 1, '2025-09-11 06:08:51', '2025-09-11 06:08:51'),
(4496, 162, 1, 1, '2025-09-11 06:08:51', '2025-09-11 06:08:51'),
(4497, 163, 1, 1, '2025-09-11 06:08:51', '2025-09-11 06:08:51'),
(4498, 166, 1, 1, '2025-09-11 06:08:51', '2025-09-11 06:08:51'),
(4499, 171, 1, 1, '2025-09-11 06:08:51', '2025-09-11 06:08:51'),
(4500, 174, 1, 1, '2025-09-11 06:08:51', '2025-09-11 06:08:51'),
(4501, 178, 1, 1, '2025-09-11 06:08:51', '2025-09-11 06:08:51'),
(4502, 182, 9, 1, '2025-09-11 06:08:51', '2025-09-11 06:08:51'),
(4503, 183, 1, 1, '2025-09-11 06:08:51', '2025-09-11 06:08:51'),
(4504, 184, 1, 1, '2025-09-11 06:08:51', '2025-09-11 06:08:51'),
(4505, 185, 1, 1, '2025-09-11 06:08:51', '2025-09-11 06:08:51'),
(4506, 186, 1, 1, '2025-09-11 06:08:51', '2025-09-11 06:08:51'),
(4507, 187, 1, 1, '2025-09-11 06:08:51', '2025-09-11 06:08:51'),
(4508, 189, 1, 1, '2025-09-11 06:08:51', '2025-09-11 06:08:51'),
(4509, 190, 1, 1, '2025-09-11 06:08:51', '2025-09-11 06:08:51'),
(4510, 191, 1, 1, '2025-09-11 06:08:51', '2025-09-11 06:08:51'),
(4511, 192, 1, 1, '2025-09-11 06:08:51', '2025-09-11 06:08:51'),
(4512, 193, 1, 1, '2025-09-11 06:08:51', '2025-09-11 06:08:51'),
(4513, 194, 1, 1, '2025-09-11 06:08:51', '2025-09-11 06:08:51'),
(4514, 195, 9, 1, '2025-09-11 06:08:51', '2025-09-11 06:08:51'),
(4515, 196, 1, 1, '2025-09-11 06:08:51', '2025-09-11 06:08:51'),
(4516, 197, 1, 1, '2025-09-11 06:08:51', '2025-09-11 06:08:51'),
(4517, 198, 1, 1, '2025-09-11 06:08:51', '2025-09-11 06:08:51'),
(4518, 199, 1, 1, '2025-09-11 06:08:51', '2025-09-11 06:08:51'),
(4519, 200, 1, 1, '2025-09-11 06:08:51', '2025-09-11 06:08:51'),
(4520, 201, 1, 1, '2025-09-11 06:08:51', '2025-09-11 06:08:51'),
(4521, 202, 1, 1, '2025-09-11 06:08:51', '2025-09-11 06:08:51'),
(4522, 203, 1, 1, '2025-09-11 06:08:51', '2025-09-11 06:08:51'),
(4523, 204, 9, 1, '2025-09-11 06:08:51', '2025-09-11 06:08:51'),
(4524, 205, 1, 1, '2025-09-11 06:08:51', '2025-09-11 06:08:51'),
(4525, 181, 9, 1, '2025-09-09 22:00:00', '2025-09-11 06:10:16'),
(4526, 162, 1, 1, '2025-09-17 22:00:00', '2025-09-18 15:02:56'),
(4527, 1, 6, 1, '2025-09-18 15:03:00', '2025-09-18 15:03:00'),
(4528, 2, 6, 1, '2025-09-18 15:03:00', '2025-09-18 15:03:00'),
(4529, 3, 5, 1, '2025-09-18 15:03:00', '2025-09-18 15:03:00'),
(4530, 5, 6, 1, '2025-09-18 15:03:00', '2025-09-18 15:03:00'),
(4531, 6, 6, 1, '2025-09-18 15:03:00', '2025-09-18 15:03:00'),
(4532, 7, 6, 1, '2025-09-18 15:03:00', '2025-09-18 15:03:00'),
(4533, 8, 6, 1, '2025-09-18 15:03:00', '2025-09-18 15:03:00'),
(4534, 9, 6, 1, '2025-09-18 15:03:00', '2025-09-18 15:03:00'),
(4535, 10, 6, 1, '2025-09-18 15:03:00', '2025-09-18 15:03:00'),
(4536, 11, 6, 1, '2025-09-18 15:03:00', '2025-09-18 15:03:00'),
(4537, 12, 6, 1, '2025-09-18 15:03:00', '2025-09-18 15:03:00'),
(4538, 13, 6, 1, '2025-09-18 15:03:00', '2025-09-18 15:03:00'),
(4539, 14, 6, 1, '2025-09-18 15:03:00', '2025-09-18 15:03:00'),
(4540, 15, 6, 1, '2025-09-18 15:03:00', '2025-09-18 15:03:00'),
(4541, 16, 6, 1, '2025-09-18 15:03:00', '2025-09-18 15:03:00'),
(4542, 17, 6, 1, '2025-09-18 15:03:00', '2025-09-18 15:03:00'),
(4543, 33, 6, 1, '2025-09-18 15:03:00', '2025-09-18 15:03:00'),
(4544, 37, 6, 1, '2025-09-18 15:03:00', '2025-09-18 15:03:00'),
(4545, 38, 6, 1, '2025-09-18 15:03:00', '2025-09-18 15:03:00'),
(4546, 39, 6, 1, '2025-09-18 15:03:00', '2025-09-18 15:03:00'),
(4547, 40, 6, 1, '2025-09-18 15:03:00', '2025-09-18 15:03:00'),
(4548, 45, 5, 1, '2025-09-18 15:03:00', '2025-09-18 15:03:00'),
(4549, 46, 4, 1, '2025-09-18 15:03:00', '2025-09-18 15:03:00'),
(4550, 47, 6, 1, '2025-09-18 15:03:00', '2025-09-18 15:03:00'),
(4551, 68, 2, 1, '2025-09-18 15:03:00', '2025-09-18 15:03:00'),
(4552, 89, 1, 1, '2025-09-18 15:03:00', '2025-09-18 15:03:00'),
(4553, 91, 1, 1, '2025-09-18 15:03:00', '2025-09-18 15:03:00'),
(4554, 94, 2, 1, '2025-09-18 15:03:00', '2025-09-18 15:03:00'),
(4555, 103, 2, 1, '2025-09-18 15:03:00', '2025-09-18 15:03:00'),
(4556, 104, 2, 1, '2025-09-18 15:03:00', '2025-09-18 15:03:00'),
(4557, 105, 2, 1, '2025-09-18 15:03:00', '2025-09-18 15:03:00'),
(4558, 106, 1, 1, '2025-09-18 15:03:00', '2025-09-18 15:03:00'),
(4559, 107, 2, 1, '2025-09-18 15:03:00', '2025-09-18 15:03:00'),
(4560, 108, 2, 1, '2025-09-18 15:03:00', '2025-09-18 15:03:00'),
(4561, 109, 2, 1, '2025-09-18 15:03:00', '2025-09-18 15:03:00'),
(4562, 110, 1, 1, '2025-09-18 15:03:00', '2025-09-18 15:03:00'),
(4563, 128, 1, 1, '2025-09-18 15:03:00', '2025-09-18 15:03:00'),
(4564, 151, 1, 1, '2025-09-18 15:03:00', '2025-09-18 15:03:00'),
(4565, 152, 1, 1, '2025-09-18 15:03:00', '2025-09-18 15:03:00'),
(4566, 165, 1, 1, '2025-09-18 15:03:00', '2025-09-18 15:03:00'),
(4567, 181, 1, 1, '2025-09-18 15:03:00', '2025-09-18 15:03:00'),
(4568, 188, 1, 1, '2025-09-18 15:03:00', '2025-09-18 15:03:00'),
(4569, 214, 11, 1, '2025-09-18 15:03:00', '2025-09-18 15:03:00'),
(4570, 213, 9, 1, '2025-09-17 22:00:00', '2025-09-19 05:53:23'),
(4571, 111, 1, 1, '2025-09-19 05:54:58', '2025-09-19 05:54:58'),
(4572, 114, 1, 1, '2025-09-19 05:54:58', '2025-09-19 05:54:58'),
(4573, 116, 1, 1, '2025-09-19 05:54:58', '2025-09-19 05:54:58'),
(4574, 117, 1, 1, '2025-09-19 05:54:58', '2025-09-19 05:54:58'),
(4575, 121, 1, 1, '2025-09-19 05:54:58', '2025-09-19 05:54:58'),
(4576, 130, 1, 1, '2025-09-19 05:54:58', '2025-09-19 05:54:58'),
(4577, 132, 1, 1, '2025-09-19 05:54:58', '2025-09-19 05:54:58'),
(4578, 133, 1, 1, '2025-09-19 05:54:58', '2025-09-19 05:54:58'),
(4579, 134, 1, 1, '2025-09-19 05:54:58', '2025-09-19 05:54:58'),
(4580, 135, 1, 1, '2025-09-19 05:54:58', '2025-09-19 05:54:58'),
(4581, 136, 1, 1, '2025-09-19 05:54:58', '2025-09-19 05:54:58'),
(4582, 138, 1, 1, '2025-09-19 05:54:58', '2025-09-19 05:54:58'),
(4583, 147, 1, 1, '2025-09-19 05:54:58', '2025-09-19 05:54:58'),
(4584, 149, 1, 1, '2025-09-19 05:54:58', '2025-09-19 05:54:58'),
(4585, 150, 1, 1, '2025-09-19 05:54:58', '2025-09-19 05:54:58'),
(4586, 153, 1, 1, '2025-09-19 05:54:58', '2025-09-19 05:54:58'),
(4587, 154, 1, 1, '2025-09-19 05:54:58', '2025-09-19 05:54:58'),
(4588, 155, 1, 1, '2025-09-19 05:54:58', '2025-09-19 05:54:58'),
(4589, 156, 1, 1, '2025-09-19 05:54:58', '2025-09-19 05:54:58'),
(4590, 158, 1, 1, '2025-09-19 05:54:58', '2025-09-19 05:54:58'),
(4591, 159, 1, 1, '2025-09-19 05:54:58', '2025-09-19 05:54:58'),
(4592, 160, 1, 1, '2025-09-19 05:54:58', '2025-09-19 05:54:58'),
(4593, 163, 1, 1, '2025-09-19 05:54:58', '2025-09-19 05:54:58'),
(4594, 166, 1, 1, '2025-09-19 05:54:58', '2025-09-19 05:54:58'),
(4595, 171, 1, 1, '2025-09-19 05:54:58', '2025-09-19 05:54:58'),
(4596, 174, 1, 1, '2025-09-19 05:54:58', '2025-09-19 05:54:58'),
(4597, 177, 1, 1, '2025-09-19 05:54:58', '2025-09-19 05:54:58'),
(4598, 178, 1, 1, '2025-09-19 05:54:58', '2025-09-19 05:54:58'),
(4599, 182, 1, 1, '2025-09-19 05:54:58', '2025-09-19 05:54:58'),
(4600, 183, 1, 1, '2025-09-19 05:54:58', '2025-09-19 05:54:58'),
(4601, 184, 1, 1, '2025-09-19 05:54:58', '2025-09-19 05:54:58'),
(4602, 185, 1, 1, '2025-09-19 05:54:58', '2025-09-19 05:54:58'),
(4603, 186, 1, 1, '2025-09-19 05:54:58', '2025-09-19 05:54:58'),
(4604, 187, 1, 1, '2025-09-19 05:54:58', '2025-09-19 05:54:58'),
(4605, 189, 1, 1, '2025-09-19 05:54:58', '2025-09-19 05:54:58'),
(4606, 190, 1, 1, '2025-09-19 05:54:58', '2025-09-19 05:54:58'),
(4607, 191, 1, 1, '2025-09-19 05:54:58', '2025-09-19 05:54:58'),
(4608, 193, 1, 1, '2025-09-19 05:54:58', '2025-09-19 05:54:58'),
(4609, 194, 1, 1, '2025-09-19 05:54:58', '2025-09-19 05:54:58'),
(4610, 195, 1, 1, '2025-09-19 05:54:58', '2025-09-19 05:54:58'),
(4611, 196, 1, 1, '2025-09-19 05:54:58', '2025-09-19 05:54:58'),
(4612, 197, 1, 1, '2025-09-19 05:54:58', '2025-09-19 05:54:58'),
(4613, 198, 1, 1, '2025-09-19 05:54:58', '2025-09-19 05:54:58'),
(4614, 199, 1, 1, '2025-09-19 05:54:58', '2025-09-19 05:54:58'),
(4615, 200, 1, 1, '2025-09-19 05:54:58', '2025-09-19 05:54:58'),
(4616, 201, 1, 1, '2025-09-19 05:54:58', '2025-09-19 05:54:58'),
(4617, 202, 1, 1, '2025-09-19 05:54:58', '2025-09-19 05:54:58'),
(4618, 203, 1, 1, '2025-09-19 05:54:58', '2025-09-19 05:54:58'),
(4619, 204, 1, 1, '2025-09-19 05:54:58', '2025-09-19 05:54:58'),
(4620, 205, 1, 1, '2025-09-19 05:54:58', '2025-09-19 05:54:58'),
(4621, 206, 1, 1, '2025-09-18 22:00:00', '2025-09-19 05:56:28'),
(4622, 207, 1, 1, '2025-09-18 22:00:00', '2025-09-19 05:56:35'),
(4623, 208, 1, 1, '2025-09-18 22:00:00', '2025-09-19 05:56:43'),
(4624, 211, 1, 1, '2025-09-18 22:00:00', '2025-09-19 05:56:59'),
(4625, 212, 1, 1, '2025-09-18 22:00:00', '2025-09-19 05:57:08'),
(4626, 6, 6, 1, '2025-09-24 15:29:08', '2025-09-24 15:29:08'),
(4627, 8, 6, 1, '2025-09-24 15:29:08', '2025-09-24 15:29:08'),
(4628, 12, 6, 1, '2025-09-24 15:29:08', '2025-09-24 15:29:08'),
(4629, 33, 6, 1, '2025-09-24 15:29:08', '2025-09-24 15:29:08'),
(4630, 68, 2, 1, '2025-09-24 15:29:08', '2025-09-24 15:29:08'),
(4631, 89, 1, 1, '2025-09-24 15:29:08', '2025-09-24 15:29:08'),
(4632, 91, 1, 1, '2025-09-24 15:29:08', '2025-09-24 15:29:08'),
(4633, 103, 3, 1, '2025-09-24 15:29:08', '2025-09-24 15:29:08'),
(4634, 104, 2, 1, '2025-09-24 15:29:08', '2025-09-24 15:29:08'),
(4635, 105, 2, 1, '2025-09-24 15:29:08', '2025-09-24 15:29:08'),
(4636, 106, 1, 1, '2025-09-24 15:29:08', '2025-09-24 15:29:08'),
(4637, 107, 2, 1, '2025-09-24 15:29:08', '2025-09-24 15:29:08'),
(4638, 108, 2, 1, '2025-09-24 15:29:08', '2025-09-24 15:29:08'),
(4639, 109, 2, 1, '2025-09-24 15:29:08', '2025-09-24 15:29:08'),
(4640, 110, 1, 1, '2025-09-24 15:29:08', '2025-09-24 15:29:08'),
(4641, 128, 1, 1, '2025-09-24 15:29:08', '2025-09-24 15:29:08'),
(4642, 151, 1, 1, '2025-09-24 15:29:08', '2025-09-24 15:29:08'),
(4643, 152, 1, 1, '2025-09-24 15:29:08', '2025-09-24 15:29:08'),
(4644, 162, 1, 1, '2025-09-24 15:29:08', '2025-09-24 15:29:08'),
(4645, 165, 1, 1, '2025-09-24 15:29:08', '2025-09-24 15:29:08'),
(4646, 181, 1, 1, '2025-09-24 15:29:08', '2025-09-24 15:29:08'),
(4647, 188, 1, 1, '2025-09-24 15:29:08', '2025-09-24 15:29:08'),
(4648, 196, 1, 1, '2025-09-24 15:29:08', '2025-09-24 15:29:08'),
(4650, 214, 11, 1, '2025-09-24 15:29:08', '2025-09-24 15:29:08'),
(4651, 213, 9, 1, '2025-09-23 22:00:00', '2025-09-25 03:20:40'),
(4652, 111, 1, 1, '2025-09-25 03:28:44', '2025-09-25 03:28:44'),
(4653, 114, 1, 1, '2025-09-25 03:28:44', '2025-09-25 03:28:44'),
(4654, 116, 1, 1, '2025-09-25 03:28:44', '2025-09-25 03:28:44'),
(4656, 121, 1, 1, '2025-09-25 03:28:44', '2025-09-25 03:28:44'),
(4658, 130, 1, 1, '2025-09-25 03:28:44', '2025-09-25 03:28:44'),
(4659, 132, 1, 1, '2025-09-25 03:28:44', '2025-09-25 03:28:44'),
(4660, 133, 1, 1, '2025-09-25 03:28:44', '2025-09-25 03:28:44'),
(4661, 135, 1, 1, '2025-09-25 03:28:44', '2025-09-25 03:28:44'),
(4662, 136, 1, 1, '2025-09-25 03:28:44', '2025-09-25 03:28:44'),
(4663, 138, 1, 1, '2025-09-25 03:28:44', '2025-09-25 03:28:44'),
(4666, 147, 1, 1, '2025-09-25 03:28:44', '2025-09-25 03:28:44'),
(4667, 149, 1, 1, '2025-09-25 03:28:44', '2025-09-25 03:28:44'),
(4668, 150, 1, 1, '2025-09-25 03:28:44', '2025-09-25 03:28:44'),
(4669, 153, 1, 1, '2025-09-25 03:28:44', '2025-09-25 03:28:44'),
(4670, 154, 1, 1, '2025-09-25 03:28:44', '2025-09-25 03:28:44'),
(4671, 155, 1, 1, '2025-09-25 03:28:44', '2025-09-25 03:28:44'),
(4672, 158, 1, 1, '2025-09-25 03:28:44', '2025-09-25 03:28:44'),
(4673, 159, 1, 1, '2025-09-25 03:28:44', '2025-09-25 03:28:44'),
(4674, 160, 1, 1, '2025-09-25 03:28:44', '2025-09-25 03:28:44'),
(4675, 166, 1, 1, '2025-09-25 03:28:44', '2025-09-25 03:28:44'),
(4678, 174, 1, 1, '2025-09-25 03:28:44', '2025-09-25 03:28:44'),
(4680, 176, 1, 1, '2025-09-25 03:28:44', '2025-09-25 03:28:44'),
(4681, 178, 1, 1, '2025-09-25 03:28:44', '2025-09-25 03:28:44'),
(4684, 183, 1, 1, '2025-09-25 03:28:44', '2025-09-25 03:28:44'),
(4685, 184, 1, 1, '2025-09-25 03:28:44', '2025-09-25 03:28:44'),
(4686, 185, 1, 1, '2025-09-25 03:28:44', '2025-09-25 03:28:44'),
(4687, 186, 1, 1, '2025-09-25 03:28:44', '2025-09-25 03:28:44'),
(4688, 187, 1, 1, '2025-09-25 03:28:44', '2025-09-25 03:28:44'),
(4689, 189, 1, 1, '2025-09-25 03:28:44', '2025-09-25 03:28:44'),
(4690, 190, 1, 1, '2025-09-25 03:28:44', '2025-09-25 03:28:44'),
(4691, 191, 1, 1, '2025-09-25 03:28:44', '2025-09-25 03:28:44'),
(4692, 193, 1, 1, '2025-09-25 03:28:44', '2025-09-25 03:28:44'),
(4693, 197, 1, 1, '2025-09-25 03:28:44', '2025-09-25 03:28:44'),
(4694, 198, 1, 1, '2025-09-25 03:28:44', '2025-09-25 03:28:44'),
(4695, 199, 1, 1, '2025-09-25 03:28:44', '2025-09-25 03:28:44'),
(4696, 200, 1, 1, '2025-09-25 03:28:44', '2025-09-25 03:28:44'),
(4697, 201, 1, 1, '2025-09-25 03:28:44', '2025-09-25 03:28:44'),
(4698, 202, 1, 1, '2025-09-25 03:28:44', '2025-09-25 03:28:44'),
(4699, 203, 1, 1, '2025-09-25 03:28:44', '2025-09-25 03:28:44'),
(4700, 207, 1, 1, '2025-09-25 03:28:44', '2025-09-25 03:28:44'),
(4701, 210, 1, 1, '2025-09-25 03:28:44', '2025-09-25 03:28:44'),
(4702, 211, 1, 1, '2025-09-25 03:28:44', '2025-09-25 03:28:44'),
(4703, 212, 1, 1, '2025-09-25 03:28:44', '2025-09-25 03:28:44'),
(4704, 215, 1, 1, '2025-09-25 03:28:44', '2025-09-25 03:28:44'),
(4705, 217, 1, 1, '2025-09-25 03:28:44', '2025-09-25 03:28:44'),
(4706, 1, 6, 1, '2025-09-30 15:20:52', '2025-09-30 15:20:52'),
(4707, 2, 6, 1, '2025-09-30 15:20:52', '2025-09-30 15:20:52'),
(4708, 3, 6, 1, '2025-09-30 15:20:52', '2025-09-30 15:20:52'),
(4709, 5, 6, 1, '2025-09-30 15:20:52', '2025-09-30 15:20:52'),
(4710, 6, 6, 1, '2025-09-30 15:20:52', '2025-09-30 15:20:52'),
(4711, 7, 6, 1, '2025-09-30 15:20:52', '2025-09-30 15:20:52'),
(4712, 8, 6, 1, '2025-09-30 15:20:52', '2025-09-30 15:20:52'),
(4713, 9, 6, 1, '2025-09-30 15:20:52', '2025-09-30 15:20:52'),
(4714, 10, 6, 1, '2025-09-30 15:20:52', '2025-09-30 15:20:52'),
(4715, 11, 6, 1, '2025-09-30 15:20:52', '2025-09-30 15:20:52'),
(4716, 12, 6, 1, '2025-09-30 15:20:52', '2025-09-30 15:20:52'),
(4717, 13, 6, 1, '2025-09-30 15:20:52', '2025-09-30 15:20:52'),
(4718, 14, 6, 1, '2025-09-30 15:20:52', '2025-09-30 15:20:52'),
(4719, 15, 6, 1, '2025-09-30 15:20:52', '2025-09-30 15:20:52'),
(4720, 16, 6, 1, '2025-09-30 15:20:52', '2025-09-30 15:20:52'),
(4721, 17, 6, 1, '2025-09-30 15:20:52', '2025-09-30 15:20:52'),
(4722, 33, 6, 1, '2025-09-30 15:20:52', '2025-09-30 15:20:52'),
(4723, 37, 6, 1, '2025-09-30 15:20:52', '2025-09-30 15:20:52'),
(4724, 38, 6, 1, '2025-09-30 15:20:52', '2025-09-30 15:20:52'),
(4725, 39, 6, 1, '2025-09-30 15:20:52', '2025-09-30 15:20:52'),
(4726, 40, 6, 1, '2025-09-30 15:20:52', '2025-09-30 15:20:52'),
(4727, 45, 5, 1, '2025-09-30 15:20:52', '2025-09-30 15:20:52'),
(4728, 46, 5, 1, '2025-09-30 15:20:52', '2025-09-30 15:20:52'),
(4729, 47, 6, 1, '2025-09-30 15:20:52', '2025-09-30 15:20:52'),
(4730, 68, 2, 1, '2025-09-30 15:20:52', '2025-09-30 15:20:52'),
(4731, 89, 1, 1, '2025-09-30 15:20:52', '2025-09-30 15:20:52'),
(4732, 91, 1, 1, '2025-09-30 15:20:52', '2025-09-30 15:20:52'),
(4733, 103, 3, 1, '2025-09-30 15:20:52', '2025-09-30 15:20:52'),
(4734, 104, 2, 1, '2025-09-30 15:20:52', '2025-09-30 15:20:52'),
(4735, 105, 2, 1, '2025-09-30 15:20:52', '2025-09-30 15:20:52'),
(4736, 106, 2, 1, '2025-09-30 15:20:52', '2025-09-30 15:20:52'),
(4737, 107, 3, 1, '2025-09-30 15:20:52', '2025-09-30 15:20:52'),
(4738, 108, 3, 1, '2025-09-30 15:20:52', '2025-09-30 15:20:52'),
(4739, 109, 3, 1, '2025-09-30 15:20:52', '2025-09-30 15:20:52'),
(4740, 110, 2, 1, '2025-09-30 15:20:52', '2025-09-30 15:20:52'),
(4741, 128, 1, 1, '2025-09-30 15:20:52', '2025-09-30 15:20:52'),
(4742, 151, 1, 1, '2025-09-30 15:20:52', '2025-09-30 15:20:52'),
(4743, 152, 1, 1, '2025-09-30 15:20:52', '2025-09-30 15:20:52'),
(4744, 162, 1, 1, '2025-09-30 15:20:52', '2025-09-30 15:20:52'),
(4745, 165, 1, 1, '2025-09-30 15:20:52', '2025-09-30 15:20:52'),
(4746, 181, 1, 1, '2025-09-30 15:20:52', '2025-09-30 15:20:52'),
(4747, 188, 1, 1, '2025-09-30 15:20:52', '2025-09-30 15:20:52'),
(4748, 196, 1, 1, '2025-09-30 15:20:52', '2025-09-30 15:20:52'),
(4749, 214, 11, 1, '2025-09-30 15:20:52', '2025-09-30 15:20:52'),
(4750, 213, 9, 1, '2025-09-29 22:00:00', '2025-10-01 03:58:25'),
(4751, 111, 1, 1, '2025-10-01 03:59:25', '2025-10-01 03:59:25'),
(4752, 114, 1, 1, '2025-10-01 03:59:25', '2025-10-01 03:59:25'),
(4753, 116, 1, 1, '2025-10-01 03:59:25', '2025-10-01 03:59:25'),
(4754, 121, 1, 1, '2025-10-01 03:59:25', '2025-10-01 03:59:25'),
(4755, 132, 1, 1, '2025-10-01 03:59:25', '2025-10-01 03:59:25'),
(4756, 133, 1, 1, '2025-10-01 03:59:25', '2025-10-01 03:59:25'),
(4757, 135, 1, 1, '2025-10-01 03:59:25', '2025-10-01 03:59:25'),
(4758, 136, 1, 1, '2025-10-01 03:59:25', '2025-10-01 03:59:25'),
(4759, 138, 1, 1, '2025-10-01 03:59:25', '2025-10-01 03:59:25'),
(4760, 147, 1, 1, '2025-10-01 03:59:25', '2025-10-01 03:59:25'),
(4761, 149, 1, 1, '2025-10-01 03:59:25', '2025-10-01 03:59:25'),
(4762, 150, 1, 1, '2025-10-01 03:59:25', '2025-10-01 03:59:25'),
(4763, 153, 1, 1, '2025-10-01 03:59:25', '2025-10-01 03:59:25'),
(4764, 154, 1, 1, '2025-10-01 03:59:25', '2025-10-01 03:59:25'),
(4765, 155, 1, 1, '2025-10-01 03:59:25', '2025-10-01 03:59:25'),
(4766, 156, 1, 1, '2025-10-01 03:59:25', '2025-10-01 03:59:25'),
(4767, 158, 1, 1, '2025-10-01 03:59:25', '2025-10-01 03:59:25'),
(4768, 159, 1, 1, '2025-10-01 03:59:25', '2025-10-01 03:59:25'),
(4769, 160, 1, 1, '2025-10-01 03:59:25', '2025-10-01 03:59:25'),
(4770, 166, 1, 1, '2025-10-01 03:59:25', '2025-10-01 03:59:25'),
(4771, 174, 1, 1, '2025-10-01 03:59:25', '2025-10-01 03:59:25'),
(4772, 178, 1, 1, '2025-10-01 03:59:25', '2025-10-01 03:59:25'),
(4773, 183, 1, 1, '2025-10-01 03:59:25', '2025-10-01 03:59:25'),
(4774, 184, 1, 1, '2025-10-01 03:59:25', '2025-10-01 03:59:25'),
(4775, 185, 1, 1, '2025-10-01 03:59:25', '2025-10-01 03:59:25'),
(4776, 186, 1, 1, '2025-10-01 03:59:25', '2025-10-01 03:59:25'),
(4777, 187, 1, 1, '2025-10-01 03:59:25', '2025-10-01 03:59:25'),
(4778, 189, 1, 1, '2025-10-01 03:59:25', '2025-10-01 03:59:25'),
(4779, 190, 1, 1, '2025-10-01 03:59:25', '2025-10-01 03:59:25'),
(4780, 191, 1, 1, '2025-10-01 03:59:25', '2025-10-01 03:59:25'),
(4781, 193, 1, 1, '2025-10-01 03:59:25', '2025-10-01 03:59:25'),
(4782, 194, 1, 1, '2025-10-01 03:59:25', '2025-10-01 03:59:25'),
(4783, 197, 1, 1, '2025-10-01 03:59:25', '2025-10-01 03:59:25'),
(4784, 198, 1, 1, '2025-10-01 03:59:25', '2025-10-01 03:59:25'),
(4785, 199, 1, 1, '2025-10-01 03:59:25', '2025-10-01 03:59:25'),
(4786, 200, 1, 1, '2025-10-01 03:59:25', '2025-10-01 03:59:25'),
(4787, 201, 1, 1, '2025-10-01 03:59:25', '2025-10-01 03:59:25'),
(4788, 202, 1, 1, '2025-10-01 03:59:25', '2025-10-01 03:59:25'),
(4789, 203, 1, 1, '2025-10-01 03:59:25', '2025-10-01 03:59:25'),
(4790, 204, 1, 1, '2025-10-01 03:59:25', '2025-10-01 03:59:25'),
(4791, 207, 1, 1, '2025-10-01 03:59:25', '2025-10-01 03:59:25'),
(4792, 210, 1, 1, '2025-10-01 03:59:25', '2025-10-01 03:59:25'),
(4793, 211, 1, 1, '2025-10-01 03:59:25', '2025-10-01 03:59:25'),
(4794, 212, 1, 1, '2025-10-01 03:59:25', '2025-10-01 03:59:25'),
(4795, 215, 1, 1, '2025-10-01 03:59:25', '2025-10-01 03:59:25'),
(4796, 216, 1, 1, '2025-10-01 03:59:25', '2025-10-01 03:59:25'),
(4797, 217, 1, 1, '2025-10-01 03:59:25', '2025-10-01 03:59:25'),
(4798, 118, 9, 1, '2025-10-01 04:02:29', '2025-10-01 04:02:29'),
(4799, 122, 9, 1, '2025-10-01 04:02:29', '2025-10-01 04:02:29'),
(4800, 145, 9, 1, '2025-10-01 04:02:29', '2025-10-01 04:02:29'),
(4801, 168, 9, 1, '2025-10-01 04:02:29', '2025-10-01 04:02:29'),
(4802, 169, 9, 1, '2025-10-01 04:02:29', '2025-10-01 04:02:29'),
(4803, 170, 9, 1, '2025-10-01 04:02:29', '2025-10-01 04:02:29'),
(4804, 172, 9, 1, '2025-10-01 04:02:29', '2025-10-01 04:02:29'),
(4805, 175, 9, 1, '2025-10-01 04:02:29', '2025-10-01 04:02:29'),
(4806, 176, 9, 1, '2025-10-01 04:02:29', '2025-10-01 04:02:29'),
(4807, 177, 9, 1, '2025-10-01 04:02:29', '2025-10-01 04:02:29'),
(4808, 179, 9, 1, '2025-10-01 04:02:29', '2025-10-01 04:02:29'),
(4809, 180, 9, 1, '2025-10-01 04:02:29', '2025-10-01 04:02:29'),
(4810, 182, 9, 1, '2025-10-01 04:02:29', '2025-10-01 04:02:29'),
(4812, 206, 9, 1, '2025-10-01 04:02:29', '2025-10-01 04:02:29'),
(4813, 208, 9, 1, '2025-10-01 04:02:29', '2025-10-01 04:02:29'),
(4814, 209, 9, 1, '2025-10-01 04:02:29', '2025-10-01 04:02:29'),
(4815, 6, 6, 1, '2025-10-08 17:11:15', '2025-10-08 17:11:15'),
(4816, 8, 6, 1, '2025-10-08 17:11:15', '2025-10-08 17:11:15'),
(4817, 12, 6, 1, '2025-10-08 17:11:15', '2025-10-08 17:11:15'),
(4818, 33, 6, 1, '2025-10-08 17:11:15', '2025-10-08 17:11:15'),
(4819, 45, 5, 1, '2025-10-08 17:11:15', '2025-10-08 17:11:15'),
(4820, 46, 5, 1, '2025-10-08 17:11:15', '2025-10-08 17:11:15'),
(4821, 68, 2, 1, '2025-10-08 17:11:15', '2025-10-08 17:11:15'),
(4822, 89, 1, 1, '2025-10-08 17:11:15', '2025-10-08 17:11:15'),
(4823, 91, 1, 1, '2025-10-08 17:11:15', '2025-10-08 17:11:15'),
(4824, 103, 3, 1, '2025-10-08 17:11:15', '2025-10-08 17:11:15'),
(4825, 104, 2, 1, '2025-10-08 17:11:15', '2025-10-08 17:11:15'),
(4826, 105, 2, 1, '2025-10-08 17:11:15', '2025-10-08 17:11:15'),
(4827, 106, 2, 1, '2025-10-08 17:11:15', '2025-10-08 17:11:15'),
(4828, 107, 3, 1, '2025-10-08 17:11:15', '2025-10-08 17:11:15'),
(4829, 108, 3, 1, '2025-10-08 17:11:15', '2025-10-08 17:11:15'),
(4830, 109, 3, 1, '2025-10-08 17:11:15', '2025-10-08 17:11:15'),
(4831, 110, 2, 1, '2025-10-08 17:11:15', '2025-10-08 17:11:15'),
(4832, 128, 1, 1, '2025-10-08 17:11:15', '2025-10-08 17:11:15'),
(4833, 151, 1, 1, '2025-10-08 17:11:15', '2025-10-08 17:11:15'),
(4834, 152, 1, 1, '2025-10-08 17:11:15', '2025-10-08 17:11:15'),
(4835, 162, 1, 1, '2025-10-08 17:11:15', '2025-10-08 17:11:15'),
(4836, 165, 1, 1, '2025-10-08 17:11:15', '2025-10-08 17:11:15'),
(4837, 181, 1, 1, '2025-10-08 17:11:15', '2025-10-08 17:11:15'),
(4838, 188, 1, 1, '2025-10-08 17:11:15', '2025-10-08 17:11:15'),
(4839, 196, 1, 1, '2025-10-08 17:11:15', '2025-10-08 17:11:15'),
(4840, 214, 11, 1, '2025-10-08 17:11:15', '2025-10-08 17:11:15'),
(4841, 213, 9, 1, '2025-10-07 22:00:00', '2025-10-09 15:49:16'),
(4842, 111, 1, 1, '2025-10-09 15:49:57', '2025-10-09 15:49:57'),
(4843, 114, 1, 1, '2025-10-09 15:49:57', '2025-10-09 15:49:57'),
(4844, 116, 1, 1, '2025-10-09 15:49:57', '2025-10-09 15:49:57'),
(4845, 118, 9, 1, '2025-10-09 15:49:57', '2025-10-09 15:49:57'),
(4846, 121, 1, 1, '2025-10-09 15:49:57', '2025-10-09 15:49:57'),
(4847, 132, 1, 1, '2025-10-09 15:49:57', '2025-10-09 15:49:57'),
(4848, 133, 1, 1, '2025-10-09 15:49:57', '2025-10-09 15:49:57'),
(4849, 135, 1, 1, '2025-10-09 15:49:57', '2025-10-09 15:49:57'),
(4850, 136, 1, 1, '2025-10-09 15:49:57', '2025-10-09 15:49:57'),
(4851, 138, 1, 1, '2025-10-09 15:49:57', '2025-10-09 15:49:57'),
(4852, 147, 1, 1, '2025-10-09 15:49:57', '2025-10-09 15:49:57'),
(4854, 150, 1, 1, '2025-10-09 15:49:57', '2025-10-09 15:49:57'),
(4855, 153, 1, 1, '2025-10-09 15:49:57', '2025-10-09 15:49:57'),
(4856, 154, 1, 1, '2025-10-09 15:49:57', '2025-10-09 15:49:57'),
(4857, 155, 1, 1, '2025-10-09 15:49:57', '2025-10-09 15:49:57'),
(4858, 156, 1, 1, '2025-10-09 15:49:57', '2025-10-09 15:49:57'),
(4859, 158, 1, 1, '2025-10-09 15:49:57', '2025-10-09 15:49:57'),
(4860, 159, 1, 1, '2025-10-09 15:49:57', '2025-10-09 15:49:57'),
(4861, 160, 1, 1, '2025-10-09 15:49:57', '2025-10-09 15:49:57'),
(4862, 166, 1, 1, '2025-10-09 15:49:57', '2025-10-09 15:49:57'),
(4863, 169, 9, 1, '2025-10-09 15:49:57', '2025-10-09 15:49:57'),
(4864, 170, 9, 1, '2025-10-09 15:49:57', '2025-10-09 15:49:57'),
(4865, 172, 9, 1, '2025-10-09 15:49:57', '2025-10-09 15:49:57'),
(4866, 174, 1, 1, '2025-10-09 15:49:57', '2025-10-09 15:49:57'),
(4867, 175, 9, 1, '2025-10-09 15:49:57', '2025-10-09 15:49:57'),
(4868, 177, 1, 1, '2025-10-09 15:49:57', '2025-10-09 15:49:57'),
(4869, 178, 1, 1, '2025-10-09 15:49:57', '2025-10-09 15:49:57'),
(4870, 179, 9, 1, '2025-10-09 15:49:57', '2025-10-09 15:49:57'),
(4871, 180, 9, 1, '2025-10-09 15:49:57', '2025-10-09 15:49:57'),
(4872, 182, 9, 1, '2025-10-09 15:49:57', '2025-10-09 15:49:57'),
(4873, 183, 1, 1, '2025-10-09 15:49:57', '2025-10-09 15:49:57'),
(4874, 184, 1, 1, '2025-10-09 15:49:57', '2025-10-09 15:49:57'),
(4875, 185, 1, 1, '2025-10-09 15:49:57', '2025-10-09 15:49:57'),
(4876, 186, 1, 1, '2025-10-09 15:49:57', '2025-10-09 15:49:57'),
(4877, 187, 1, 1, '2025-10-09 15:49:57', '2025-10-09 15:49:57'),
(4878, 189, 1, 1, '2025-10-09 15:49:57', '2025-10-09 15:49:57'),
(4879, 190, 1, 1, '2025-10-09 15:49:57', '2025-10-09 15:49:57'),
(4880, 191, 1, 1, '2025-10-09 15:49:57', '2025-10-09 15:49:57'),
(4881, 193, 1, 1, '2025-10-09 15:49:57', '2025-10-09 15:49:57'),
(4882, 194, 1, 1, '2025-10-09 15:49:57', '2025-10-09 15:49:57'),
(4883, 195, 1, 1, '2025-10-09 15:49:57', '2025-10-09 15:49:57'),
(4884, 197, 1, 1, '2025-10-09 15:49:57', '2025-10-09 15:49:57'),
(4885, 198, 1, 1, '2025-10-09 15:49:57', '2025-10-09 15:49:57'),
(4886, 199, 1, 1, '2025-10-09 15:49:57', '2025-10-09 15:49:57'),
(4887, 200, 1, 1, '2025-10-09 15:49:57', '2025-10-09 15:49:57'),
(4888, 201, 1, 1, '2025-10-09 15:49:57', '2025-10-09 15:49:57'),
(4889, 202, 1, 1, '2025-10-09 15:49:57', '2025-10-09 15:49:57'),
(4890, 203, 1, 1, '2025-10-09 15:49:57', '2025-10-09 15:49:57'),
(4891, 204, 1, 1, '2025-10-09 15:49:57', '2025-10-09 15:49:57'),
(4892, 206, 1, 1, '2025-10-09 15:49:57', '2025-10-09 15:49:57'),
(4893, 207, 1, 1, '2025-10-09 15:49:57', '2025-10-09 15:49:57'),
(4894, 208, 1, 1, '2025-10-09 15:49:57', '2025-10-09 15:49:57'),
(4895, 209, 9, 1, '2025-10-09 15:49:57', '2025-10-09 15:49:57'),
(4896, 210, 1, 1, '2025-10-09 15:49:57', '2025-10-09 15:49:57'),
(4897, 211, 1, 1, '2025-10-09 15:49:57', '2025-10-09 15:49:57'),
(4898, 212, 1, 1, '2025-10-09 15:49:57', '2025-10-09 15:49:57'),
(4899, 215, 1, 1, '2025-10-09 15:49:57', '2025-10-09 15:49:57'),
(4900, 216, 1, 1, '2025-10-09 15:49:57', '2025-10-09 15:49:57'),
(4901, 217, 1, 1, '2025-10-09 15:49:57', '2025-10-09 15:49:57'),
(4902, 149, 9, 1, '2025-10-08 22:00:00', '2025-10-11 14:59:06'),
(4903, 195, 1, 1, '2025-09-30 22:00:00', '2025-10-12 07:04:05'),
(4904, 1, 6, 1, '2025-10-13 17:03:11', '2025-10-13 17:03:11'),
(4905, 2, 6, 1, '2025-10-13 17:03:11', '2025-10-13 17:03:11'),
(4906, 3, 6, 1, '2025-10-13 17:03:11', '2025-10-13 17:03:11'),
(4907, 5, 6, 1, '2025-10-13 17:03:11', '2025-10-13 17:03:11'),
(4908, 7, 6, 1, '2025-10-13 17:03:11', '2025-10-13 17:03:11'),
(4909, 9, 6, 1, '2025-10-13 17:03:11', '2025-10-13 17:03:11'),
(4910, 10, 6, 1, '2025-10-13 17:03:11', '2025-10-13 17:03:11'),
(4911, 11, 6, 1, '2025-10-13 17:03:11', '2025-10-13 17:03:11'),
(4912, 13, 6, 1, '2025-10-13 17:03:11', '2025-10-13 17:03:11'),
(4913, 14, 6, 1, '2025-10-13 17:03:11', '2025-10-13 17:03:11'),
(4914, 15, 6, 1, '2025-10-13 17:03:11', '2025-10-13 17:03:11'),
(4915, 16, 6, 1, '2025-10-13 17:03:11', '2025-10-13 17:03:11'),
(4916, 17, 6, 1, '2025-10-13 17:03:11', '2025-10-13 17:03:11'),
(4917, 37, 6, 1, '2025-10-13 17:03:11', '2025-10-13 17:03:11'),
(4918, 38, 6, 1, '2025-10-13 17:03:11', '2025-10-13 17:03:11'),
(4919, 39, 6, 1, '2025-10-13 17:03:11', '2025-10-13 17:03:11'),
(4920, 40, 6, 1, '2025-10-13 17:03:11', '2025-10-13 17:03:11'),
(4921, 47, 6, 1, '2025-10-13 17:03:11', '2025-10-13 17:03:11'),
(4922, 6, 6, 1, '2025-10-16 14:55:26', '2025-10-16 14:55:26'),
(4923, 12, 6, 1, '2025-10-16 14:55:26', '2025-10-16 14:55:26'),
(4924, 33, 6, 1, '2025-10-16 14:55:26', '2025-10-16 14:55:26'),
(4925, 45, 5, 1, '2025-10-16 14:55:26', '2025-10-16 14:55:26'),
(4926, 46, 5, 1, '2025-10-16 14:55:26', '2025-10-16 14:55:26'),
(4927, 68, 2, 1, '2025-10-16 14:55:26', '2025-10-16 14:55:26'),
(4928, 89, 1, 1, '2025-10-16 14:55:27', '2025-10-16 14:55:27'),
(4929, 91, 1, 1, '2025-10-16 14:55:27', '2025-10-16 14:55:27'),
(4930, 103, 3, 1, '2025-10-16 14:55:27', '2025-10-16 14:55:27'),
(4931, 104, 2, 1, '2025-10-16 14:55:27', '2025-10-16 14:55:27'),
(4932, 105, 2, 1, '2025-10-16 14:55:27', '2025-10-16 14:55:27'),
(4933, 106, 2, 1, '2025-10-16 14:55:27', '2025-10-16 14:55:27'),
(4934, 107, 3, 1, '2025-10-16 14:55:27', '2025-10-16 14:55:27'),
(4935, 108, 3, 1, '2025-10-16 14:55:27', '2025-10-16 14:55:27'),
(4936, 109, 3, 1, '2025-10-16 14:55:27', '2025-10-16 14:55:27'),
(4937, 110, 2, 1, '2025-10-16 14:55:27', '2025-10-16 14:55:27'),
(4938, 128, 1, 1, '2025-10-16 14:55:27', '2025-10-16 14:55:27'),
(4939, 151, 1, 1, '2025-10-16 14:55:27', '2025-10-16 14:55:27'),
(4940, 152, 1, 1, '2025-10-16 14:55:27', '2025-10-16 14:55:27'),
(4941, 162, 1, 1, '2025-10-16 14:55:27', '2025-10-16 14:55:27'),
(4942, 165, 1, 1, '2025-10-16 14:55:27', '2025-10-16 14:55:27'),
(4943, 181, 1, 1, '2025-10-16 14:55:27', '2025-10-16 14:55:27'),
(4944, 188, 1, 1, '2025-10-16 14:55:27', '2025-10-16 14:55:27'),
(4945, 196, 1, 1, '2025-10-16 14:55:27', '2025-10-16 14:55:27'),
(4946, 214, 11, 1, '2025-10-16 14:55:27', '2025-10-16 14:55:27'),
(4947, 111, 1, 1, '2025-10-16 14:57:00', '2025-10-16 14:57:00'),
(4948, 114, 1, 1, '2025-10-16 14:57:00', '2025-10-16 14:57:00'),
(4949, 116, 1, 1, '2025-10-16 14:57:00', '2025-10-16 14:57:00'),
(4950, 118, 9, 1, '2025-10-16 14:57:00', '2025-10-16 14:57:00'),
(4951, 121, 1, 1, '2025-10-16 14:57:00', '2025-10-16 14:57:00'),
(4952, 133, 1, 1, '2025-10-16 14:57:00', '2025-10-16 14:57:00'),
(4953, 135, 1, 1, '2025-10-16 14:57:00', '2025-10-16 14:57:00'),
(4954, 136, 1, 1, '2025-10-16 14:57:00', '2025-10-16 14:57:00'),
(4955, 138, 1, 1, '2025-10-16 14:57:00', '2025-10-16 14:57:00'),
(4957, 149, 1, 1, '2025-10-16 14:57:00', '2025-10-16 14:57:00'),
(4958, 150, 1, 1, '2025-10-16 14:57:00', '2025-10-16 14:57:00'),
(4959, 153, 1, 1, '2025-10-16 14:57:00', '2025-10-16 14:57:00');
INSERT INTO `animal_feedings` (`id`, `animal_id`, `feed_id`, `amount`, `created_at`, `updated_at`) VALUES
(4960, 154, 1, 1, '2025-10-16 14:57:00', '2025-10-16 14:57:00'),
(4961, 155, 1, 1, '2025-10-16 14:57:00', '2025-10-16 14:57:00'),
(4962, 156, 1, 1, '2025-10-16 14:57:00', '2025-10-16 14:57:00'),
(4963, 158, 1, 1, '2025-10-16 14:57:00', '2025-10-16 14:57:00'),
(4964, 159, 1, 1, '2025-10-16 14:57:00', '2025-10-16 14:57:00'),
(4965, 160, 1, 1, '2025-10-16 14:57:00', '2025-10-16 14:57:00'),
(4966, 166, 1, 1, '2025-10-16 14:57:00', '2025-10-16 14:57:00'),
(4967, 169, 9, 1, '2025-10-16 14:57:00', '2025-10-16 14:57:00'),
(4968, 170, 9, 1, '2025-10-16 14:57:00', '2025-10-16 14:57:00'),
(4969, 172, 9, 1, '2025-10-16 14:57:00', '2025-10-16 14:57:00'),
(4970, 174, 1, 1, '2025-10-16 14:57:00', '2025-10-16 14:57:00'),
(4972, 180, 9, 1, '2025-10-16 14:57:00', '2025-10-16 14:57:00'),
(4973, 182, 9, 1, '2025-10-16 14:57:00', '2025-10-16 14:57:00'),
(4974, 184, 1, 1, '2025-10-16 14:57:00', '2025-10-16 14:57:00'),
(4975, 185, 1, 1, '2025-10-16 14:57:00', '2025-10-16 14:57:00'),
(4976, 186, 1, 1, '2025-10-16 14:57:00', '2025-10-16 14:57:00'),
(4977, 187, 1, 1, '2025-10-16 14:57:00', '2025-10-16 14:57:00'),
(4978, 189, 1, 1, '2025-10-16 14:57:00', '2025-10-16 14:57:00'),
(4979, 190, 1, 1, '2025-10-16 14:57:00', '2025-10-16 14:57:00'),
(4980, 193, 1, 1, '2025-10-16 14:57:00', '2025-10-16 14:57:00'),
(4981, 194, 1, 1, '2025-10-16 14:57:00', '2025-10-16 14:57:00'),
(4982, 197, 1, 1, '2025-10-16 14:57:00', '2025-10-16 14:57:00'),
(4983, 198, 1, 1, '2025-10-16 14:57:00', '2025-10-16 14:57:00'),
(4984, 199, 1, 1, '2025-10-16 14:57:01', '2025-10-16 14:57:01'),
(4985, 200, 1, 1, '2025-10-16 14:57:01', '2025-10-16 14:57:01'),
(4986, 201, 1, 1, '2025-10-16 14:57:01', '2025-10-16 14:57:01'),
(4987, 202, 1, 1, '2025-10-16 14:57:01', '2025-10-16 14:57:01'),
(4988, 203, 1, 1, '2025-10-16 14:57:01', '2025-10-16 14:57:01'),
(4989, 204, 1, 1, '2025-10-16 14:57:01', '2025-10-16 14:57:01'),
(4990, 207, 1, 1, '2025-10-16 14:57:01', '2025-10-16 14:57:01'),
(4991, 208, 1, 1, '2025-10-16 14:57:01', '2025-10-16 14:57:01'),
(4992, 210, 1, 1, '2025-10-16 14:57:01', '2025-10-16 14:57:01'),
(4993, 211, 1, 1, '2025-10-16 14:57:01', '2025-10-16 14:57:01'),
(4994, 212, 1, 1, '2025-10-16 14:57:01', '2025-10-16 14:57:01'),
(4995, 215, 1, 1, '2025-10-16 14:57:01', '2025-10-16 14:57:01'),
(4996, 216, 1, 1, '2025-10-16 14:57:01', '2025-10-16 14:57:01'),
(4997, 217, 1, 1, '2025-10-16 14:57:01', '2025-10-16 14:57:01'),
(4998, 118, 9, 1, '2025-10-16 14:57:19', '2025-10-16 14:57:19'),
(4999, 169, 9, 1, '2025-10-16 14:57:19', '2025-10-16 14:57:19'),
(5000, 170, 9, 1, '2025-10-16 14:57:19', '2025-10-16 14:57:19'),
(5001, 172, 9, 1, '2025-10-16 14:57:19', '2025-10-16 14:57:19'),
(5002, 180, 9, 1, '2025-10-16 14:57:19', '2025-10-16 14:57:19'),
(5003, 182, 9, 1, '2025-10-16 14:57:19', '2025-10-16 14:57:19'),
(5005, 209, 9, 1, '2025-10-16 14:57:19', '2025-10-16 14:57:19'),
(5006, 118, 9, 1, '2025-10-16 14:58:35', '2025-10-16 14:58:35'),
(5007, 169, 9, 1, '2025-10-16 14:58:35', '2025-10-16 14:58:35'),
(5008, 170, 9, 1, '2025-10-16 14:58:35', '2025-10-16 14:58:35'),
(5009, 172, 9, 1, '2025-10-16 14:58:35', '2025-10-16 14:58:35'),
(5010, 180, 9, 1, '2025-10-16 14:58:35', '2025-10-16 14:58:35'),
(5011, 182, 9, 1, '2025-10-16 14:58:35', '2025-10-16 14:58:35'),
(5012, 218, 1, 1, '2025-10-16 14:58:35', '2025-10-16 14:58:35'),
(5013, 219, 1, 1, '2025-10-16 14:58:35', '2025-10-16 14:58:35'),
(5014, 220, 1, 1, '2025-10-16 14:58:35', '2025-10-16 14:58:35'),
(5015, 221, 1, 1, '2025-10-16 14:58:35', '2025-10-16 14:58:35'),
(5016, 222, 1, 1, '2025-10-16 14:58:35', '2025-10-16 14:58:35'),
(5017, 223, 1, 1, '2025-10-16 14:58:35', '2025-10-16 14:58:35'),
(5018, 224, 1, 1, '2025-10-16 14:58:35', '2025-10-16 14:58:35'),
(5019, 225, 1, 1, '2025-10-16 14:58:35', '2025-10-16 14:58:35'),
(5022, 8, 9, 1, '2025-10-15 22:00:00', '2025-10-17 09:57:06'),
(5023, 213, 9, 1, '2025-10-15 22:00:00', '2025-10-17 09:57:26'),
(5024, 226, 2, 1, '2025-10-15 22:00:00', '2025-10-17 09:57:43'),
(5025, 1, 6, 1, '2025-10-22 15:26:49', '2025-10-22 15:26:49'),
(5026, 2, 6, 1, '2025-10-22 15:26:49', '2025-10-22 15:26:49'),
(5027, 3, 6, 1, '2025-10-22 15:26:49', '2025-10-22 15:26:49'),
(5028, 5, 6, 1, '2025-10-22 15:26:49', '2025-10-22 15:26:49'),
(5029, 6, 6, 1, '2025-10-22 15:26:49', '2025-10-22 15:26:49'),
(5030, 7, 6, 1, '2025-10-22 15:26:49', '2025-10-22 15:26:49'),
(5031, 8, 6, 1, '2025-10-22 15:26:49', '2025-10-22 15:26:49'),
(5032, 9, 6, 1, '2025-10-22 15:26:49', '2025-10-22 15:26:49'),
(5033, 10, 6, 1, '2025-10-22 15:26:49', '2025-10-22 15:26:49'),
(5034, 11, 6, 1, '2025-10-22 15:26:49', '2025-10-22 15:26:49'),
(5035, 12, 6, 1, '2025-10-22 15:26:49', '2025-10-22 15:26:49'),
(5036, 13, 6, 1, '2025-10-22 15:26:49', '2025-10-22 15:26:49'),
(5037, 14, 6, 1, '2025-10-22 15:26:49', '2025-10-22 15:26:49'),
(5038, 15, 6, 1, '2025-10-22 15:26:49', '2025-10-22 15:26:49'),
(5039, 16, 6, 1, '2025-10-22 15:26:49', '2025-10-22 15:26:49'),
(5040, 17, 6, 1, '2025-10-22 15:26:49', '2025-10-22 15:26:49'),
(5041, 33, 6, 1, '2025-10-22 15:26:49', '2025-10-22 15:26:49'),
(5042, 37, 6, 1, '2025-10-22 15:26:49', '2025-10-22 15:26:49'),
(5043, 38, 6, 1, '2025-10-22 15:26:49', '2025-10-22 15:26:49'),
(5044, 39, 6, 1, '2025-10-22 15:26:49', '2025-10-22 15:26:49'),
(5045, 40, 6, 1, '2025-10-22 15:26:49', '2025-10-22 15:26:49'),
(5046, 47, 6, 1, '2025-10-22 15:26:49', '2025-10-22 15:26:49'),
(5047, 68, 2, 1, '2025-10-22 15:26:49', '2025-10-22 15:26:49'),
(5048, 89, 1, 1, '2025-10-22 15:26:49', '2025-10-22 15:26:49'),
(5049, 91, 1, 1, '2025-10-22 15:26:49', '2025-10-22 15:26:49'),
(5050, 103, 3, 1, '2025-10-22 15:26:49', '2025-10-22 15:26:49'),
(5051, 104, 2, 1, '2025-10-22 15:26:49', '2025-10-22 15:26:49'),
(5052, 105, 2, 1, '2025-10-22 15:26:49', '2025-10-22 15:26:49'),
(5053, 106, 2, 1, '2025-10-22 15:26:49', '2025-10-22 15:26:49'),
(5054, 107, 3, 1, '2025-10-22 15:26:49', '2025-10-22 15:26:49'),
(5055, 108, 3, 1, '2025-10-22 15:26:49', '2025-10-22 15:26:49'),
(5056, 109, 3, 1, '2025-10-22 15:26:49', '2025-10-22 15:26:49'),
(5057, 110, 2, 1, '2025-10-22 15:26:49', '2025-10-22 15:26:49'),
(5058, 128, 1, 1, '2025-10-22 15:26:49', '2025-10-22 15:26:49'),
(5059, 151, 1, 1, '2025-10-22 15:26:49', '2025-10-22 15:26:49'),
(5060, 152, 1, 1, '2025-10-22 15:26:49', '2025-10-22 15:26:49'),
(5061, 162, 1, 1, '2025-10-22 15:26:49', '2025-10-22 15:26:49'),
(5062, 165, 1, 1, '2025-10-22 15:26:49', '2025-10-22 15:26:49'),
(5063, 181, 1, 1, '2025-10-22 15:26:49', '2025-10-22 15:26:49'),
(5064, 188, 1, 1, '2025-10-22 15:26:49', '2025-10-22 15:26:49'),
(5065, 196, 1, 1, '2025-10-22 15:26:49', '2025-10-22 15:26:49'),
(5066, 213, 9, 1, '2025-10-22 15:26:49', '2025-10-22 15:26:49'),
(5067, 214, 11, 1, '2025-10-22 15:26:49', '2025-10-22 15:26:49'),
(5068, 226, 2, 1, '2025-10-22 15:26:49', '2025-10-22 15:26:49'),
(5069, 116, 1, 1, '2025-10-23 04:44:33', '2025-10-23 04:44:33'),
(5070, 135, 1, 1, '2025-10-23 04:44:33', '2025-10-23 04:44:33'),
(5071, 136, 1, 1, '2025-10-23 04:44:33', '2025-10-23 04:44:33'),
(5072, 138, 1, 1, '2025-10-23 04:44:33', '2025-10-23 04:44:33'),
(5073, 149, 1, 1, '2025-10-23 04:44:33', '2025-10-23 04:44:33'),
(5074, 153, 1, 1, '2025-10-23 04:44:33', '2025-10-23 04:44:33'),
(5075, 155, 1, 1, '2025-10-23 04:44:33', '2025-10-23 04:44:33'),
(5077, 158, 1, 1, '2025-10-23 04:44:33', '2025-10-23 04:44:33'),
(5078, 159, 1, 1, '2025-10-23 04:44:33', '2025-10-23 04:44:33'),
(5079, 160, 1, 1, '2025-10-23 04:44:33', '2025-10-23 04:44:33'),
(5080, 169, 9, 1, '2025-10-23 04:44:33', '2025-10-23 04:44:33'),
(5081, 170, 9, 1, '2025-10-23 04:44:33', '2025-10-23 04:44:33'),
(5082, 172, 9, 1, '2025-10-23 04:44:33', '2025-10-23 04:44:33'),
(5084, 182, 9, 1, '2025-10-23 04:44:33', '2025-10-23 04:44:33'),
(5085, 184, 1, 1, '2025-10-23 04:44:33', '2025-10-23 04:44:33'),
(5086, 185, 1, 1, '2025-10-23 04:44:33', '2025-10-23 04:44:33'),
(5087, 187, 1, 1, '2025-10-23 04:44:33', '2025-10-23 04:44:33'),
(5088, 189, 1, 1, '2025-10-23 04:44:33', '2025-10-23 04:44:33'),
(5089, 190, 1, 1, '2025-10-23 04:44:33', '2025-10-23 04:44:33'),
(5090, 194, 9, 1, '2025-10-23 04:44:33', '2025-10-23 04:44:33'),
(5091, 197, 1, 1, '2025-10-23 04:44:33', '2025-10-23 04:44:33'),
(5092, 198, 1, 1, '2025-10-23 04:44:33', '2025-10-23 04:44:33'),
(5093, 199, 1, 1, '2025-10-23 04:44:33', '2025-10-23 04:44:33'),
(5094, 200, 1, 1, '2025-10-23 04:44:33', '2025-10-23 04:44:33'),
(5095, 201, 1, 1, '2025-10-23 04:44:33', '2025-10-23 04:44:33'),
(5096, 202, 1, 1, '2025-10-23 04:44:33', '2025-10-23 04:44:33'),
(5097, 203, 1, 1, '2025-10-23 04:44:33', '2025-10-23 04:44:33'),
(5098, 204, 1, 1, '2025-10-23 04:44:33', '2025-10-23 04:44:33'),
(5099, 206, 1, 1, '2025-10-23 04:44:33', '2025-10-23 04:44:33'),
(5100, 207, 1, 1, '2025-10-23 04:44:33', '2025-10-23 04:44:33'),
(5101, 208, 9, 1, '2025-10-23 04:44:33', '2025-10-23 04:44:33'),
(5102, 209, 9, 1, '2025-10-23 04:44:33', '2025-10-23 04:44:33'),
(5103, 210, 1, 1, '2025-10-23 04:44:33', '2025-10-23 04:44:33'),
(5104, 211, 1, 1, '2025-10-23 04:44:33', '2025-10-23 04:44:33'),
(5105, 212, 1, 1, '2025-10-23 04:44:33', '2025-10-23 04:44:33'),
(5106, 215, 1, 1, '2025-10-23 04:44:33', '2025-10-23 04:44:33'),
(5108, 217, 1, 1, '2025-10-23 04:44:33', '2025-10-23 04:44:33'),
(5109, 218, 1, 1, '2025-10-23 04:44:33', '2025-10-23 04:44:33'),
(5110, 219, 1, 1, '2025-10-23 04:44:33', '2025-10-23 04:44:33'),
(5111, 220, 1, 1, '2025-10-23 04:44:33', '2025-10-23 04:44:33'),
(5112, 221, 1, 1, '2025-10-23 04:44:33', '2025-10-23 04:44:33'),
(5113, 222, 1, 1, '2025-10-23 04:44:33', '2025-10-23 04:44:33'),
(5115, 224, 1, 1, '2025-10-23 04:44:33', '2025-10-23 04:44:33'),
(5116, 225, 1, 1, '2025-10-23 04:44:33', '2025-10-23 04:44:33'),
(5117, 156, 9, 1, '2025-10-22 22:00:00', '2025-10-23 04:45:42'),
(5118, 177, 9, 1, '2025-10-22 22:00:00', '2025-10-23 04:46:05'),
(5119, 216, 9, 1, '2025-10-22 22:00:00', '2025-10-23 04:52:27'),
(5120, 223, 9, 1, '2025-10-22 22:00:00', '2025-10-25 06:00:54'),
(5121, 45, 5, 1, '2025-10-25 15:00:56', '2025-10-25 15:00:56'),
(5122, 46, 5, 1, '2025-10-25 15:00:56', '2025-10-25 15:00:56'),
(5123, 6, 6, 1, '2025-10-31 08:59:10', '2025-10-31 08:59:10'),
(5124, 8, 6, 1, '2025-10-31 08:59:10', '2025-10-31 08:59:10'),
(5125, 9, 6, 1, '2025-10-31 08:59:10', '2025-10-31 08:59:10'),
(5126, 12, 6, 1, '2025-10-31 08:59:10', '2025-10-31 08:59:10'),
(5127, 33, 6, 1, '2025-10-31 08:59:10', '2025-10-31 08:59:10'),
(5128, 68, 2, 1, '2025-10-31 08:59:10', '2025-10-31 08:59:10'),
(5129, 89, 1, 1, '2025-10-31 08:59:10', '2025-10-31 08:59:10'),
(5130, 91, 1, 1, '2025-10-31 08:59:10', '2025-10-31 08:59:10'),
(5131, 103, 3, 1, '2025-10-31 08:59:10', '2025-10-31 08:59:10'),
(5132, 104, 2, 1, '2025-10-31 08:59:10', '2025-10-31 08:59:10'),
(5133, 105, 2, 1, '2025-10-31 08:59:10', '2025-10-31 08:59:10'),
(5134, 106, 2, 1, '2025-10-31 08:59:10', '2025-10-31 08:59:10'),
(5135, 107, 3, 1, '2025-10-31 08:59:10', '2025-10-31 08:59:10'),
(5136, 108, 3, 1, '2025-10-31 08:59:10', '2025-10-31 08:59:10'),
(5137, 109, 3, 1, '2025-10-31 08:59:10', '2025-10-31 08:59:10'),
(5138, 110, 2, 1, '2025-10-31 08:59:10', '2025-10-31 08:59:10'),
(5139, 128, 1, 1, '2025-10-31 08:59:10', '2025-10-31 08:59:10'),
(5140, 151, 1, 1, '2025-10-31 08:59:10', '2025-10-31 08:59:10'),
(5141, 152, 1, 1, '2025-10-31 08:59:10', '2025-10-31 08:59:10'),
(5142, 162, 1, 1, '2025-10-31 08:59:10', '2025-10-31 08:59:10'),
(5143, 165, 1, 1, '2025-10-31 08:59:10', '2025-10-31 08:59:10'),
(5144, 181, 1, 1, '2025-10-31 08:59:10', '2025-10-31 08:59:10'),
(5145, 188, 1, 1, '2025-10-31 08:59:10', '2025-10-31 08:59:10'),
(5146, 196, 1, 1, '2025-10-31 08:59:10', '2025-10-31 08:59:10'),
(5147, 213, 9, 1, '2025-10-31 08:59:10', '2025-10-31 08:59:10'),
(5148, 214, 11, 1, '2025-10-31 08:59:10', '2025-10-31 08:59:10'),
(5149, 226, 2, 1, '2025-10-31 08:59:10', '2025-10-31 08:59:10'),
(5150, 135, 1, 1, '2025-10-31 08:59:21', '2025-10-31 08:59:21'),
(5151, 136, 1, 1, '2025-10-31 08:59:21', '2025-10-31 08:59:21'),
(5152, 138, 1, 1, '2025-10-31 08:59:21', '2025-10-31 08:59:21'),
(5153, 149, 1, 1, '2025-10-31 08:59:21', '2025-10-31 08:59:21'),
(5154, 153, 1, 1, '2025-10-31 08:59:21', '2025-10-31 08:59:21'),
(5155, 155, 1, 1, '2025-10-31 08:59:21', '2025-10-31 08:59:21'),
(5156, 158, 1, 1, '2025-10-31 08:59:21', '2025-10-31 08:59:21'),
(5157, 159, 1, 1, '2025-10-31 08:59:21', '2025-10-31 08:59:21'),
(5158, 160, 1, 1, '2025-10-31 08:59:21', '2025-10-31 08:59:21'),
(5159, 169, 9, 1, '2025-10-31 08:59:21', '2025-10-31 08:59:21'),
(5160, 170, 9, 1, '2025-10-31 08:59:21', '2025-10-31 08:59:21'),
(5161, 172, 9, 1, '2025-10-31 08:59:21', '2025-10-31 08:59:21'),
(5162, 182, 9, 1, '2025-10-31 08:59:21', '2025-10-31 08:59:21'),
(5163, 184, 1, 1, '2025-10-31 08:59:21', '2025-10-31 08:59:21'),
(5164, 185, 1, 1, '2025-10-31 08:59:21', '2025-10-31 08:59:21'),
(5165, 187, 1, 1, '2025-10-31 08:59:21', '2025-10-31 08:59:21'),
(5166, 189, 1, 1, '2025-10-31 08:59:21', '2025-10-31 08:59:21'),
(5167, 190, 1, 1, '2025-10-31 08:59:21', '2025-10-31 08:59:21'),
(5168, 194, 1, 1, '2025-10-31 08:59:21', '2025-10-31 08:59:21'),
(5169, 197, 1, 1, '2025-10-31 08:59:21', '2025-10-31 08:59:21'),
(5170, 198, 1, 1, '2025-10-31 08:59:21', '2025-10-31 08:59:21'),
(5171, 199, 1, 1, '2025-10-31 08:59:21', '2025-10-31 08:59:21'),
(5172, 200, 1, 1, '2025-10-31 08:59:21', '2025-10-31 08:59:21'),
(5173, 201, 1, 1, '2025-10-31 08:59:21', '2025-10-31 08:59:21'),
(5174, 202, 1, 1, '2025-10-31 08:59:21', '2025-10-31 08:59:21'),
(5175, 203, 1, 1, '2025-10-31 08:59:21', '2025-10-31 08:59:21'),
(5176, 204, 1, 1, '2025-10-31 08:59:21', '2025-10-31 08:59:21'),
(5177, 206, 9, 1, '2025-10-31 08:59:21', '2025-10-31 08:59:21'),
(5178, 207, 1, 1, '2025-10-31 08:59:21', '2025-10-31 08:59:21'),
(5179, 208, 9, 1, '2025-10-31 08:59:21', '2025-10-31 08:59:21'),
(5180, 209, 9, 1, '2025-10-31 08:59:21', '2025-10-31 08:59:21'),
(5181, 210, 1, 1, '2025-10-31 08:59:21', '2025-10-31 08:59:21'),
(5182, 211, 1, 1, '2025-10-31 08:59:21', '2025-10-31 08:59:21'),
(5183, 212, 1, 1, '2025-10-31 08:59:21', '2025-10-31 08:59:21'),
(5184, 215, 1, 1, '2025-10-31 08:59:21', '2025-10-31 08:59:21'),
(5185, 216, 1, 1, '2025-10-31 08:59:21', '2025-10-31 08:59:21'),
(5186, 217, 1, 1, '2025-10-31 08:59:21', '2025-10-31 08:59:21'),
(5187, 218, 1, 1, '2025-10-31 08:59:21', '2025-10-31 08:59:21'),
(5188, 219, 1, 1, '2025-10-31 08:59:21', '2025-10-31 08:59:21'),
(5189, 220, 1, 1, '2025-10-31 08:59:21', '2025-10-31 08:59:21'),
(5190, 221, 1, 1, '2025-10-31 08:59:21', '2025-10-31 08:59:21'),
(5191, 222, 1, 1, '2025-10-31 08:59:21', '2025-10-31 08:59:21'),
(5192, 223, 1, 1, '2025-10-31 08:59:21', '2025-10-31 08:59:21'),
(5193, 224, 1, 1, '2025-10-31 08:59:21', '2025-10-31 08:59:21'),
(5194, 225, 1, 1, '2025-10-31 08:59:21', '2025-10-31 08:59:21'),
(5195, 228, 12, 1, '2025-11-05 23:00:00', '2025-11-06 18:49:05'),
(5196, 227, 12, 1, '2025-11-05 23:00:00', '2025-11-06 18:49:08'),
(5197, 1, 6, 1, '2025-11-06 18:51:07', '2025-11-06 18:51:07'),
(5198, 2, 6, 1, '2025-11-06 18:51:07', '2025-11-06 18:51:07'),
(5199, 3, 6, 1, '2025-11-06 18:51:07', '2025-11-06 18:51:07'),
(5200, 5, 6, 1, '2025-11-06 18:51:08', '2025-11-06 18:51:08'),
(5201, 7, 6, 1, '2025-11-06 18:51:08', '2025-11-06 18:51:08'),
(5202, 9, 6, 1, '2025-11-06 18:51:08', '2025-11-06 18:51:08'),
(5203, 10, 6, 1, '2025-11-06 18:51:08', '2025-11-06 18:51:08'),
(5204, 11, 6, 1, '2025-11-06 18:51:08', '2025-11-06 18:51:08'),
(5205, 13, 6, 1, '2025-11-06 18:51:08', '2025-11-06 18:51:08'),
(5206, 14, 6, 1, '2025-11-06 18:51:08', '2025-11-06 18:51:08'),
(5207, 15, 6, 1, '2025-11-06 18:51:08', '2025-11-06 18:51:08'),
(5208, 17, 6, 1, '2025-11-06 18:51:08', '2025-11-06 18:51:08'),
(5209, 37, 6, 1, '2025-11-06 18:51:08', '2025-11-06 18:51:08'),
(5210, 39, 6, 1, '2025-11-06 18:51:08', '2025-11-06 18:51:08'),
(5211, 40, 6, 1, '2025-11-06 18:51:08', '2025-11-06 18:51:08'),
(5212, 45, 5, 1, '2025-11-06 18:51:08', '2025-11-06 18:51:08'),
(5213, 46, 5, 1, '2025-11-06 18:51:08', '2025-11-06 18:51:08'),
(5214, 47, 6, 1, '2025-11-06 18:51:08', '2025-11-06 18:51:08'),
(5215, 68, 2, 1, '2025-11-06 18:51:08', '2025-11-06 18:51:08'),
(5216, 89, 1, 1, '2025-11-06 18:51:08', '2025-11-06 18:51:08'),
(5217, 103, 3, 1, '2025-11-06 18:51:08', '2025-11-06 18:51:08'),
(5218, 104, 2, 1, '2025-11-06 18:51:08', '2025-11-06 18:51:08'),
(5219, 105, 2, 1, '2025-11-06 18:51:08', '2025-11-06 18:51:08'),
(5220, 106, 2, 1, '2025-11-06 18:51:08', '2025-11-06 18:51:08'),
(5221, 107, 3, 1, '2025-11-06 18:51:08', '2025-11-06 18:51:08'),
(5222, 108, 3, 1, '2025-11-06 18:51:08', '2025-11-06 18:51:08'),
(5223, 109, 3, 1, '2025-11-06 18:51:08', '2025-11-06 18:51:08'),
(5224, 110, 2, 1, '2025-11-06 18:51:08', '2025-11-06 18:51:08'),
(5225, 128, 1, 1, '2025-11-06 18:51:08', '2025-11-06 18:51:08'),
(5226, 151, 1, 1, '2025-11-06 18:51:08', '2025-11-06 18:51:08'),
(5227, 152, 1, 1, '2025-11-06 18:51:08', '2025-11-06 18:51:08'),
(5228, 162, 1, 1, '2025-11-06 18:51:08', '2025-11-06 18:51:08'),
(5229, 165, 1, 1, '2025-11-06 18:51:08', '2025-11-06 18:51:08'),
(5230, 181, 1, 1, '2025-11-06 18:51:08', '2025-11-06 18:51:08'),
(5231, 188, 1, 1, '2025-11-06 18:51:08', '2025-11-06 18:51:08'),
(5232, 196, 1, 1, '2025-11-06 18:51:08', '2025-11-06 18:51:08'),
(5234, 226, 2, 1, '2025-11-06 18:51:08', '2025-11-06 18:51:08'),
(5235, 135, 1, 1, '2025-11-07 06:08:53', '2025-11-07 06:08:53'),
(5236, 136, 1, 1, '2025-11-07 06:08:53', '2025-11-07 06:08:53'),
(5237, 138, 1, 1, '2025-11-07 06:08:53', '2025-11-07 06:08:53'),
(5238, 149, 1, 1, '2025-11-07 06:08:53', '2025-11-07 06:08:53'),
(5239, 153, 1, 1, '2025-11-07 06:08:53', '2025-11-07 06:08:53'),
(5240, 155, 1, 1, '2025-11-07 06:08:53', '2025-11-07 06:08:53'),
(5241, 158, 1, 1, '2025-11-07 06:08:53', '2025-11-07 06:08:53'),
(5242, 160, 1, 1, '2025-11-07 06:08:53', '2025-11-07 06:08:53'),
(5243, 169, 9, 1, '2025-11-07 06:08:53', '2025-11-07 06:08:53'),
(5244, 170, 9, 1, '2025-11-07 06:08:53', '2025-11-07 06:08:53'),
(5245, 172, 9, 1, '2025-11-07 06:08:53', '2025-11-07 06:08:53'),
(5246, 182, 9, 1, '2025-11-07 06:08:53', '2025-11-07 06:08:53'),
(5247, 184, 1, 1, '2025-11-07 06:08:53', '2025-11-07 06:08:53'),
(5248, 185, 1, 1, '2025-11-07 06:08:53', '2025-11-07 06:08:53'),
(5249, 187, 1, 1, '2025-11-07 06:08:53', '2025-11-07 06:08:53'),
(5250, 189, 1, 1, '2025-11-07 06:08:53', '2025-11-07 06:08:53'),
(5251, 190, 1, 1, '2025-11-07 06:08:53', '2025-11-07 06:08:53'),
(5252, 194, 1, 1, '2025-11-07 06:08:53', '2025-11-07 06:08:53'),
(5253, 197, 1, 1, '2025-11-07 06:08:53', '2025-11-07 06:08:53'),
(5254, 199, 1, 1, '2025-11-07 06:08:53', '2025-11-07 06:08:53'),
(5255, 201, 1, 1, '2025-11-07 06:08:53', '2025-11-07 06:08:53'),
(5256, 202, 1, 1, '2025-11-07 06:08:53', '2025-11-07 06:08:53'),
(5257, 203, 1, 1, '2025-11-07 06:08:53', '2025-11-07 06:08:53'),
(5258, 204, 1, 1, '2025-11-07 06:08:53', '2025-11-07 06:08:53'),
(5259, 207, 1, 1, '2025-11-07 06:08:53', '2025-11-07 06:08:53'),
(5260, 209, 9, 1, '2025-11-07 06:08:53', '2025-11-07 06:08:53'),
(5261, 210, 1, 1, '2025-11-07 06:08:53', '2025-11-07 06:08:53'),
(5262, 211, 1, 1, '2025-11-07 06:08:53', '2025-11-07 06:08:53'),
(5263, 212, 1, 1, '2025-11-07 06:08:53', '2025-11-07 06:08:53'),
(5264, 215, 1, 1, '2025-11-07 06:08:53', '2025-11-07 06:08:53'),
(5265, 216, 1, 1, '2025-11-07 06:08:53', '2025-11-07 06:08:53'),
(5266, 217, 1, 1, '2025-11-07 06:08:53', '2025-11-07 06:08:53'),
(5267, 218, 1, 1, '2025-11-07 06:08:53', '2025-11-07 06:08:53'),
(5268, 219, 1, 1, '2025-11-07 06:08:53', '2025-11-07 06:08:53'),
(5269, 220, 1, 1, '2025-11-07 06:08:53', '2025-11-07 06:08:53'),
(5270, 221, 1, 1, '2025-11-07 06:08:53', '2025-11-07 06:08:53'),
(5271, 224, 1, 1, '2025-11-07 06:08:53', '2025-11-07 06:08:53'),
(5272, 225, 1, 1, '2025-11-07 06:08:53', '2025-11-07 06:08:53'),
(5273, 213, 9, 1, '2025-11-06 23:00:00', '2025-11-07 06:09:10'),
(5274, 6, 6, 1, '2025-11-08 05:36:58', '2025-11-08 05:36:58'),
(5275, 8, 6, 1, '2025-11-08 05:36:58', '2025-11-08 05:36:58'),
(5276, 12, 6, 1, '2025-11-08 05:36:58', '2025-11-08 05:36:58'),
(5277, 33, 6, 1, '2025-11-08 05:36:58', '2025-11-08 05:36:58'),
(5278, 38, 6, 1, '2025-11-08 05:36:58', '2025-11-08 05:36:58'),
(5279, 214, 11, 1, '2025-11-08 05:36:58', '2025-11-08 05:36:58'),
(5320, 9, 6, 1, '2025-11-14 18:12:48', '2025-11-14 18:12:48'),
(5321, 45, 5, 1, '2025-11-14 18:12:48', '2025-11-14 18:12:48'),
(5322, 46, 5, 1, '2025-11-14 18:12:48', '2025-11-14 18:12:48'),
(5323, 68, 2, 1, '2025-11-14 18:12:48', '2025-11-14 18:12:48'),
(5324, 89, 1, 1, '2025-11-14 18:12:48', '2025-11-14 18:12:48'),
(5325, 103, 3, 1, '2025-11-14 18:12:48', '2025-11-14 18:12:48'),
(5326, 104, 2, 1, '2025-11-14 18:12:48', '2025-11-14 18:12:48'),
(5327, 105, 2, 1, '2025-11-14 18:12:48', '2025-11-14 18:12:48'),
(5328, 106, 2, 1, '2025-11-14 18:12:48', '2025-11-14 18:12:48'),
(5329, 107, 3, 1, '2025-11-14 18:12:48', '2025-11-14 18:12:48'),
(5330, 108, 3, 1, '2025-11-14 18:12:48', '2025-11-14 18:12:48'),
(5331, 109, 3, 1, '2025-11-14 18:12:48', '2025-11-14 18:12:48'),
(5332, 110, 2, 1, '2025-11-14 18:12:48', '2025-11-14 18:12:48'),
(5333, 128, 1, 1, '2025-11-14 18:12:48', '2025-11-14 18:12:48'),
(5334, 151, 1, 1, '2025-11-14 18:12:48', '2025-11-14 18:12:48'),
(5335, 152, 1, 1, '2025-11-14 18:12:48', '2025-11-14 18:12:48'),
(5336, 162, 1, 1, '2025-11-14 18:12:48', '2025-11-14 18:12:48'),
(5337, 165, 1, 1, '2025-11-14 18:12:48', '2025-11-14 18:12:48'),
(5338, 181, 1, 1, '2025-11-14 18:12:48', '2025-11-14 18:12:48'),
(5339, 188, 1, 1, '2025-11-14 18:12:48', '2025-11-14 18:12:48'),
(5340, 196, 1, 1, '2025-11-14 18:12:48', '2025-11-14 18:12:48'),
(5341, 213, 3, 1, '2025-11-14 18:12:48', '2025-11-14 18:12:48'),
(5342, 214, 11, 1, '2025-11-14 18:12:48', '2025-11-14 18:12:48'),
(5343, 226, 2, 1, '2025-11-14 18:12:48', '2025-11-14 18:12:48'),
(5344, 227, 12, 1, '2025-11-14 18:12:48', '2025-11-14 18:12:48'),
(5345, 228, 12, 1, '2025-11-14 18:12:48', '2025-11-14 18:12:48'),
(5346, 135, 1, 1, '2025-11-15 04:27:35', '2025-11-15 04:27:35'),
(5347, 136, 1, 1, '2025-11-15 04:27:35', '2025-11-15 04:27:35'),
(5348, 138, 1, 1, '2025-11-15 04:27:35', '2025-11-15 04:27:35'),
(5349, 149, 1, 1, '2025-11-15 04:27:35', '2025-11-15 04:27:35'),
(5350, 153, 1, 1, '2025-11-15 04:27:35', '2025-11-15 04:27:35'),
(5351, 155, 1, 1, '2025-11-15 04:27:35', '2025-11-15 04:27:35'),
(5352, 158, 1, 1, '2025-11-15 04:27:35', '2025-11-15 04:27:35'),
(5353, 160, 1, 1, '2025-11-15 04:27:35', '2025-11-15 04:27:35'),
(5354, 169, 9, 1, '2025-11-15 04:27:35', '2025-11-15 04:27:35'),
(5355, 170, 9, 1, '2025-11-15 04:27:35', '2025-11-15 04:27:35'),
(5356, 172, 9, 1, '2025-11-15 04:27:35', '2025-11-15 04:27:35'),
(5357, 184, 1, 1, '2025-11-15 04:27:35', '2025-11-15 04:27:35'),
(5358, 185, 1, 1, '2025-11-15 04:27:35', '2025-11-15 04:27:35'),
(5359, 187, 1, 1, '2025-11-15 04:27:35', '2025-11-15 04:27:35'),
(5360, 189, 1, 1, '2025-11-15 04:27:35', '2025-11-15 04:27:35'),
(5361, 190, 1, 1, '2025-11-15 04:27:35', '2025-11-15 04:27:35'),
(5362, 194, 1, 1, '2025-11-15 04:27:35', '2025-11-15 04:27:35'),
(5363, 199, 1, 1, '2025-11-15 04:27:35', '2025-11-15 04:27:35'),
(5364, 201, 1, 1, '2025-11-15 04:27:35', '2025-11-15 04:27:35'),
(5365, 202, 1, 1, '2025-11-15 04:27:35', '2025-11-15 04:27:35'),
(5366, 203, 1, 1, '2025-11-15 04:27:35', '2025-11-15 04:27:35'),
(5367, 204, 1, 1, '2025-11-15 04:27:35', '2025-11-15 04:27:35'),
(5368, 206, 1, 1, '2025-11-15 04:27:35', '2025-11-15 04:27:35'),
(5369, 207, 1, 1, '2025-11-15 04:27:35', '2025-11-15 04:27:35'),
(5370, 208, 1, 1, '2025-11-15 04:27:35', '2025-11-15 04:27:35'),
(5371, 209, 9, 1, '2025-11-15 04:27:35', '2025-11-15 04:27:35'),
(5372, 210, 1, 1, '2025-11-15 04:27:35', '2025-11-15 04:27:35'),
(5373, 212, 1, 1, '2025-11-15 04:27:35', '2025-11-15 04:27:35'),
(5374, 216, 1, 1, '2025-11-15 04:27:35', '2025-11-15 04:27:35'),
(5375, 217, 1, 1, '2025-11-15 04:27:35', '2025-11-15 04:27:35'),
(5376, 218, 1, 1, '2025-11-15 04:27:35', '2025-11-15 04:27:35'),
(5377, 219, 1, 1, '2025-11-15 04:27:35', '2025-11-15 04:27:35'),
(5378, 220, 1, 1, '2025-11-15 04:27:35', '2025-11-15 04:27:35'),
(5379, 221, 1, 1, '2025-11-15 04:27:35', '2025-11-15 04:27:35'),
(5380, 223, 9, 1, '2025-11-15 04:27:35', '2025-11-15 04:27:35'),
(5381, 224, 1, 1, '2025-11-15 04:27:35', '2025-11-15 04:27:35'),
(5382, 225, 1, 1, '2025-11-15 04:27:35', '2025-11-15 04:27:35'),
(5383, 1, 6, 1, '2025-11-18 17:39:20', '2025-11-18 17:39:20'),
(5384, 2, 6, 1, '2025-11-18 17:39:20', '2025-11-18 17:39:20'),
(5385, 3, 6, 1, '2025-11-18 17:39:20', '2025-11-18 17:39:20'),
(5386, 5, 6, 1, '2025-11-18 17:39:20', '2025-11-18 17:39:20'),
(5387, 6, 6, 1, '2025-11-18 17:39:20', '2025-11-18 17:39:20'),
(5388, 7, 6, 1, '2025-11-18 17:39:20', '2025-11-18 17:39:20'),
(5389, 8, 6, 1, '2025-11-18 17:39:20', '2025-11-18 17:39:20'),
(5390, 10, 6, 1, '2025-11-18 17:39:20', '2025-11-18 17:39:20'),
(5391, 11, 6, 1, '2025-11-18 17:39:20', '2025-11-18 17:39:20'),
(5392, 12, 6, 1, '2025-11-18 17:39:20', '2025-11-18 17:39:20'),
(5393, 13, 6, 1, '2025-11-18 17:39:20', '2025-11-18 17:39:20'),
(5394, 14, 6, 1, '2025-11-18 17:39:20', '2025-11-18 17:39:20'),
(5395, 15, 6, 1, '2025-11-18 17:39:20', '2025-11-18 17:39:20'),
(5396, 17, 6, 1, '2025-11-18 17:39:20', '2025-11-18 17:39:20'),
(5397, 33, 6, 1, '2025-11-18 17:39:20', '2025-11-18 17:39:20'),
(5398, 37, 6, 1, '2025-11-18 17:39:20', '2025-11-18 17:39:20'),
(5399, 38, 6, 1, '2025-11-18 17:39:20', '2025-11-18 17:39:20'),
(5400, 39, 6, 1, '2025-11-18 17:39:20', '2025-11-18 17:39:20'),
(5401, 40, 6, 1, '2025-11-18 17:39:20', '2025-11-18 17:39:20'),
(5402, 47, 6, 1, '2025-11-18 17:39:20', '2025-11-18 17:39:20'),
(5403, 213, 3, 1, '2025-11-18 17:39:20', '2025-11-18 17:39:20'),
(5404, 9, 6, 1, '2025-11-23 09:39:06', '2025-11-23 09:39:06'),
(5406, 46, 5, 1, '2025-11-23 09:39:06', '2025-11-23 09:39:06'),
(5407, 68, 2, 1, '2025-11-23 09:39:06', '2025-11-23 09:39:06'),
(5408, 89, 1, 1, '2025-11-23 09:39:06', '2025-11-23 09:39:06'),
(5409, 103, 3, 1, '2025-11-23 09:39:06', '2025-11-23 09:39:06'),
(5410, 104, 2, 1, '2025-11-23 09:39:06', '2025-11-23 09:39:06'),
(5411, 105, 2, 1, '2025-11-23 09:39:06', '2025-11-23 09:39:06'),
(5412, 106, 2, 1, '2025-11-23 09:39:06', '2025-11-23 09:39:06'),
(5413, 107, 3, 1, '2025-11-23 09:39:06', '2025-11-23 09:39:06'),
(5414, 108, 3, 1, '2025-11-23 09:39:06', '2025-11-23 09:39:06'),
(5415, 109, 3, 1, '2025-11-23 09:39:06', '2025-11-23 09:39:06'),
(5416, 110, 2, 1, '2025-11-23 09:39:06', '2025-11-23 09:39:06'),
(5417, 128, 1, 1, '2025-11-23 09:39:06', '2025-11-23 09:39:06'),
(5418, 151, 1, 1, '2025-11-23 09:39:06', '2025-11-23 09:39:06'),
(5419, 152, 1, 1, '2025-11-23 09:39:06', '2025-11-23 09:39:06'),
(5420, 162, 1, 1, '2025-11-23 09:39:06', '2025-11-23 09:39:06'),
(5421, 165, 1, 1, '2025-11-23 09:39:06', '2025-11-23 09:39:06'),
(5422, 181, 1, 1, '2025-11-23 09:39:06', '2025-11-23 09:39:06'),
(5423, 188, 1, 1, '2025-11-23 09:39:06', '2025-11-23 09:39:06'),
(5424, 196, 1, 1, '2025-11-23 09:39:06', '2025-11-23 09:39:06'),
(5426, 214, 11, 1, '2025-11-23 09:39:06', '2025-11-23 09:39:06'),
(5427, 226, 2, 1, '2025-11-23 09:39:06', '2025-11-23 09:39:06'),
(5428, 135, 1, 1, '2025-11-23 09:39:13', '2025-11-23 09:39:13'),
(5429, 136, 1, 1, '2025-11-23 09:39:13', '2025-11-23 09:39:13'),
(5430, 138, 1, 1, '2025-11-23 09:39:13', '2025-11-23 09:39:13'),
(5431, 149, 1, 1, '2025-11-23 09:39:13', '2025-11-23 09:39:13'),
(5432, 153, 1, 1, '2025-11-23 09:39:13', '2025-11-23 09:39:13'),
(5433, 155, 1, 1, '2025-11-23 09:39:13', '2025-11-23 09:39:13'),
(5434, 158, 1, 1, '2025-11-23 09:39:13', '2025-11-23 09:39:13'),
(5435, 160, 1, 1, '2025-11-23 09:39:13', '2025-11-23 09:39:13'),
(5436, 169, 9, 1, '2025-11-23 09:39:13', '2025-11-23 09:39:13'),
(5437, 170, 9, 1, '2025-11-23 09:39:13', '2025-11-23 09:39:13'),
(5438, 172, 9, 1, '2025-11-23 09:39:13', '2025-11-23 09:39:13'),
(5439, 184, 1, 1, '2025-11-23 09:39:13', '2025-11-23 09:39:13'),
(5440, 185, 1, 1, '2025-11-23 09:39:13', '2025-11-23 09:39:13'),
(5441, 187, 1, 1, '2025-11-23 09:39:13', '2025-11-23 09:39:13'),
(5442, 189, 1, 1, '2025-11-23 09:39:13', '2025-11-23 09:39:13'),
(5443, 190, 1, 1, '2025-11-23 09:39:13', '2025-11-23 09:39:13'),
(5444, 194, 1, 1, '2025-11-23 09:39:13', '2025-11-23 09:39:13'),
(5445, 199, 1, 1, '2025-11-23 09:39:13', '2025-11-23 09:39:13'),
(5446, 201, 1, 1, '2025-11-23 09:39:13', '2025-11-23 09:39:13'),
(5447, 202, 1, 1, '2025-11-23 09:39:13', '2025-11-23 09:39:13'),
(5448, 203, 1, 1, '2025-11-23 09:39:13', '2025-11-23 09:39:13'),
(5449, 204, 1, 1, '2025-11-23 09:39:13', '2025-11-23 09:39:13'),
(5450, 206, 1, 1, '2025-11-23 09:39:13', '2025-11-23 09:39:13'),
(5451, 207, 1, 1, '2025-11-23 09:39:13', '2025-11-23 09:39:13'),
(5453, 209, 9, 1, '2025-11-23 09:39:13', '2025-11-23 09:39:13'),
(5454, 210, 1, 1, '2025-11-23 09:39:13', '2025-11-23 09:39:13'),
(5455, 212, 1, 1, '2025-11-23 09:39:13', '2025-11-23 09:39:13'),
(5456, 216, 1, 1, '2025-11-23 09:39:13', '2025-11-23 09:39:13'),
(5457, 217, 1, 1, '2025-11-23 09:39:13', '2025-11-23 09:39:13'),
(5458, 218, 1, 1, '2025-11-23 09:39:13', '2025-11-23 09:39:13'),
(5459, 219, 1, 1, '2025-11-23 09:39:13', '2025-11-23 09:39:13'),
(5460, 220, 1, 1, '2025-11-23 09:39:13', '2025-11-23 09:39:13'),
(5461, 221, 1, 1, '2025-11-23 09:39:13', '2025-11-23 09:39:13'),
(5463, 224, 1, 1, '2025-11-23 09:39:13', '2025-11-23 09:39:13'),
(5465, 213, 9, 1, '2025-11-22 23:00:00', '2025-11-23 10:14:40'),
(5466, 45, 9, 1, '2025-11-22 23:00:00', '2025-11-23 16:33:58'),
(5467, 225, 9, 1, '2025-11-22 23:00:00', '2025-11-24 08:15:35'),
(5468, 208, 9, 1, '2025-11-22 23:00:00', '2025-11-24 08:15:45'),
(5469, 223, 9, 1, '2025-11-22 23:00:00', '2025-11-24 08:16:01'),
(5470, 1, 6, 1, '2025-11-30 17:49:21', '2025-11-30 17:49:21'),
(5471, 2, 6, 1, '2025-11-30 17:49:21', '2025-11-30 17:49:21'),
(5472, 3, 6, 1, '2025-11-30 17:49:21', '2025-11-30 17:49:21'),
(5473, 5, 6, 1, '2025-11-30 17:49:21', '2025-11-30 17:49:21'),
(5474, 6, 6, 1, '2025-11-30 17:49:21', '2025-11-30 17:49:21'),
(5475, 7, 6, 1, '2025-11-30 17:49:21', '2025-11-30 17:49:21'),
(5476, 8, 6, 1, '2025-11-30 17:49:21', '2025-11-30 17:49:21'),
(5477, 9, 6, 1, '2025-11-30 17:49:21', '2025-11-30 17:49:21'),
(5478, 10, 6, 1, '2025-11-30 17:49:21', '2025-11-30 17:49:21'),
(5479, 11, 6, 1, '2025-11-30 17:49:21', '2025-11-30 17:49:21'),
(5480, 12, 6, 1, '2025-11-30 17:49:21', '2025-11-30 17:49:21'),
(5481, 13, 6, 1, '2025-11-30 17:49:21', '2025-11-30 17:49:21'),
(5482, 14, 6, 1, '2025-11-30 17:49:21', '2025-11-30 17:49:21'),
(5483, 15, 6, 1, '2025-11-30 17:49:21', '2025-11-30 17:49:21'),
(5484, 17, 6, 1, '2025-11-30 17:49:21', '2025-11-30 17:49:21'),
(5485, 33, 6, 1, '2025-11-30 17:49:21', '2025-11-30 17:49:21'),
(5486, 37, 6, 1, '2025-11-30 17:49:21', '2025-11-30 17:49:21'),
(5487, 38, 6, 1, '2025-11-30 17:49:21', '2025-11-30 17:49:21'),
(5488, 39, 6, 1, '2025-11-30 17:49:21', '2025-11-30 17:49:21'),
(5489, 40, 6, 1, '2025-11-30 17:49:21', '2025-11-30 17:49:21'),
(5490, 47, 6, 1, '2025-11-30 17:49:21', '2025-11-30 17:49:21'),
(5491, 68, 2, 1, '2025-11-30 17:49:21', '2025-11-30 17:49:21'),
(5492, 89, 1, 1, '2025-11-30 17:49:21', '2025-11-30 17:49:21'),
(5493, 103, 3, 1, '2025-11-30 17:49:21', '2025-11-30 17:49:21'),
(5494, 104, 2, 1, '2025-11-30 17:49:21', '2025-11-30 17:49:21'),
(5495, 105, 2, 1, '2025-11-30 17:49:21', '2025-11-30 17:49:21'),
(5496, 106, 2, 1, '2025-11-30 17:49:21', '2025-11-30 17:49:21'),
(5497, 107, 3, 1, '2025-11-30 17:49:21', '2025-11-30 17:49:21'),
(5498, 108, 3, 1, '2025-11-30 17:49:21', '2025-11-30 17:49:21'),
(5499, 109, 3, 1, '2025-11-30 17:49:21', '2025-11-30 17:49:21'),
(5500, 110, 2, 1, '2025-11-30 17:49:21', '2025-11-30 17:49:21'),
(5501, 128, 1, 1, '2025-11-30 17:49:21', '2025-11-30 17:49:21'),
(5502, 151, 1, 1, '2025-11-30 17:49:21', '2025-11-30 17:49:21'),
(5503, 152, 1, 1, '2025-11-30 17:49:21', '2025-11-30 17:49:21'),
(5504, 162, 1, 1, '2025-11-30 17:49:21', '2025-11-30 17:49:21'),
(5505, 165, 1, 1, '2025-11-30 17:49:21', '2025-11-30 17:49:21'),
(5506, 181, 1, 1, '2025-11-30 17:49:21', '2025-11-30 17:49:21'),
(5507, 188, 1, 1, '2025-11-30 17:49:21', '2025-11-30 17:49:21'),
(5508, 196, 1, 1, '2025-11-30 17:49:21', '2025-11-30 17:49:21'),
(5509, 213, 3, 1, '2025-11-30 17:49:21', '2025-11-30 17:49:21'),
(5510, 214, 11, 1, '2025-11-30 17:49:21', '2025-11-30 17:49:21'),
(5511, 226, 2, 1, '2025-11-30 17:49:21', '2025-11-30 17:49:21'),
(5512, 135, 1, 1, '2025-11-30 17:49:24', '2025-11-30 17:49:24'),
(5513, 136, 1, 1, '2025-11-30 17:49:24', '2025-11-30 17:49:24'),
(5514, 138, 1, 1, '2025-11-30 17:49:24', '2025-11-30 17:49:24'),
(5515, 149, 1, 1, '2025-11-30 17:49:24', '2025-11-30 17:49:24'),
(5516, 153, 1, 1, '2025-11-30 17:49:24', '2025-11-30 17:49:24'),
(5517, 155, 1, 1, '2025-11-30 17:49:24', '2025-11-30 17:49:24'),
(5518, 158, 1, 1, '2025-11-30 17:49:24', '2025-11-30 17:49:24'),
(5519, 160, 1, 1, '2025-11-30 17:49:24', '2025-11-30 17:49:24'),
(5520, 169, 9, 1, '2025-11-30 17:49:24', '2025-11-30 17:49:24'),
(5521, 170, 9, 1, '2025-11-30 17:49:24', '2025-11-30 17:49:24'),
(5522, 184, 1, 1, '2025-11-30 17:49:24', '2025-11-30 17:49:24'),
(5523, 185, 1, 1, '2025-11-30 17:49:24', '2025-11-30 17:49:24'),
(5524, 187, 1, 1, '2025-11-30 17:49:24', '2025-11-30 17:49:24'),
(5525, 189, 1, 1, '2025-11-30 17:49:24', '2025-11-30 17:49:24'),
(5526, 190, 1, 1, '2025-11-30 17:49:24', '2025-11-30 17:49:24'),
(5527, 194, 1, 1, '2025-11-30 17:49:24', '2025-11-30 17:49:24'),
(5528, 199, 1, 1, '2025-11-30 17:49:24', '2025-11-30 17:49:24'),
(5529, 201, 1, 1, '2025-11-30 17:49:24', '2025-11-30 17:49:24'),
(5530, 202, 1, 1, '2025-11-30 17:49:24', '2025-11-30 17:49:24'),
(5531, 203, 1, 1, '2025-11-30 17:49:24', '2025-11-30 17:49:24'),
(5532, 204, 1, 1, '2025-11-30 17:49:24', '2025-11-30 17:49:24'),
(5533, 207, 1, 1, '2025-11-30 17:49:24', '2025-11-30 17:49:24'),
(5534, 208, 1, 1, '2025-11-30 17:49:24', '2025-11-30 17:49:24'),
(5535, 209, 9, 1, '2025-11-30 17:49:24', '2025-11-30 17:49:24'),
(5536, 210, 1, 1, '2025-11-30 17:49:24', '2025-11-30 17:49:24'),
(5537, 212, 1, 1, '2025-11-30 17:49:24', '2025-11-30 17:49:24'),
(5538, 216, 1, 1, '2025-11-30 17:49:24', '2025-11-30 17:49:24'),
(5539, 217, 1, 1, '2025-11-30 17:49:24', '2025-11-30 17:49:24'),
(5540, 219, 1, 1, '2025-11-30 17:49:24', '2025-11-30 17:49:24'),
(5541, 220, 1, 1, '2025-11-30 17:49:24', '2025-11-30 17:49:24'),
(5542, 221, 1, 1, '2025-11-30 17:49:24', '2025-11-30 17:49:24'),
(5544, 224, 1, 1, '2025-11-30 17:49:24', '2025-11-30 17:49:24'),
(5545, 225, 1, 1, '2025-11-30 17:49:24', '2025-11-30 17:49:24'),
(5546, 223, 9, 1, '2025-11-29 23:00:00', '2025-12-01 08:28:36'),
(5547, 45, 5, 1, '2025-12-06 19:02:25', '2025-12-06 19:02:25'),
(5548, 46, 5, 1, '2025-12-06 19:02:25', '2025-12-06 19:02:25'),
(5549, 68, 2, 1, '2025-12-06 19:02:25', '2025-12-06 19:02:25'),
(5550, 89, 1, 1, '2025-12-06 19:02:25', '2025-12-06 19:02:25'),
(5551, 103, 3, 1, '2025-12-06 19:02:25', '2025-12-06 19:02:25'),
(5552, 104, 2, 1, '2025-12-06 19:02:25', '2025-12-06 19:02:25'),
(5553, 105, 2, 1, '2025-12-06 19:02:25', '2025-12-06 19:02:25'),
(5554, 106, 2, 1, '2025-12-06 19:02:25', '2025-12-06 19:02:25'),
(5555, 107, 3, 1, '2025-12-06 19:02:25', '2025-12-06 19:02:25'),
(5556, 108, 3, 1, '2025-12-06 19:02:25', '2025-12-06 19:02:25'),
(5557, 109, 3, 1, '2025-12-06 19:02:25', '2025-12-06 19:02:25'),
(5558, 110, 2, 1, '2025-12-06 19:02:25', '2025-12-06 19:02:25'),
(5559, 128, 1, 1, '2025-12-06 19:02:25', '2025-12-06 19:02:25'),
(5560, 151, 1, 1, '2025-12-06 19:02:25', '2025-12-06 19:02:25'),
(5561, 152, 1, 1, '2025-12-06 19:02:25', '2025-12-06 19:02:25'),
(5562, 162, 1, 1, '2025-12-06 19:02:25', '2025-12-06 19:02:25'),
(5563, 165, 1, 1, '2025-12-06 19:02:25', '2025-12-06 19:02:25'),
(5564, 181, 1, 1, '2025-12-06 19:02:25', '2025-12-06 19:02:25'),
(5565, 196, 1, 1, '2025-12-06 19:02:25', '2025-12-06 19:02:25'),
(5566, 226, 2, 1, '2025-12-06 19:02:25', '2025-12-06 19:02:25'),
(5567, 6, 6, 1, '2025-12-06 19:02:57', '2025-12-06 19:02:57'),
(5568, 8, 6, 1, '2025-12-06 19:02:57', '2025-12-06 19:02:57'),
(5569, 9, 6, 1, '2025-12-06 19:02:57', '2025-12-06 19:02:57'),
(5570, 12, 6, 1, '2025-12-06 19:02:57', '2025-12-06 19:02:57'),
(5571, 33, 6, 1, '2025-12-06 19:02:57', '2025-12-06 19:02:57'),
(5572, 135, 1, 1, '2025-12-07 15:05:54', '2025-12-07 15:05:54'),
(5573, 136, 1, 1, '2025-12-07 15:05:54', '2025-12-07 15:05:54'),
(5574, 138, 1, 1, '2025-12-07 15:05:54', '2025-12-07 15:05:54'),
(5575, 153, 1, 1, '2025-12-07 15:05:54', '2025-12-07 15:05:54'),
(5576, 155, 1, 1, '2025-12-07 15:05:54', '2025-12-07 15:05:54'),
(5577, 158, 1, 1, '2025-12-07 15:05:54', '2025-12-07 15:05:54'),
(5578, 160, 1, 1, '2025-12-07 15:05:54', '2025-12-07 15:05:54'),
(5579, 170, 9, 1, '2025-12-07 15:05:54', '2025-12-07 15:05:54'),
(5580, 184, 1, 1, '2025-12-07 15:05:54', '2025-12-07 15:05:54'),
(5581, 185, 1, 1, '2025-12-07 15:05:54', '2025-12-07 15:05:54'),
(5582, 187, 1, 1, '2025-12-07 15:05:54', '2025-12-07 15:05:54'),
(5583, 189, 1, 1, '2025-12-07 15:05:54', '2025-12-07 15:05:54'),
(5584, 190, 1, 1, '2025-12-07 15:05:54', '2025-12-07 15:05:54'),
(5585, 194, 1, 1, '2025-12-07 15:05:54', '2025-12-07 15:05:54'),
(5586, 199, 1, 1, '2025-12-07 15:05:54', '2025-12-07 15:05:54'),
(5587, 201, 1, 1, '2025-12-07 15:05:54', '2025-12-07 15:05:54'),
(5588, 202, 1, 1, '2025-12-07 15:05:54', '2025-12-07 15:05:54'),
(5589, 203, 1, 1, '2025-12-07 15:05:54', '2025-12-07 15:05:54'),
(5590, 204, 1, 1, '2025-12-07 15:05:54', '2025-12-07 15:05:54'),
(5591, 207, 1, 1, '2025-12-07 15:05:54', '2025-12-07 15:05:54'),
(5592, 208, 1, 1, '2025-12-07 15:05:54', '2025-12-07 15:05:54'),
(5593, 210, 1, 1, '2025-12-07 15:05:54', '2025-12-07 15:05:54'),
(5594, 212, 1, 1, '2025-12-07 15:05:54', '2025-12-07 15:05:54'),
(5595, 216, 1, 1, '2025-12-07 15:05:54', '2025-12-07 15:05:54'),
(5596, 219, 1, 1, '2025-12-07 15:05:54', '2025-12-07 15:05:54'),
(5597, 220, 1, 1, '2025-12-07 15:05:54', '2025-12-07 15:05:54'),
(5598, 221, 1, 1, '2025-12-07 15:05:54', '2025-12-07 15:05:54'),
(5599, 224, 1, 1, '2025-12-07 15:05:54', '2025-12-07 15:05:54'),
(5600, 225, 1, 1, '2025-12-07 15:05:54', '2025-12-07 15:05:54'),
(5601, 149, 9, 1, '2025-12-06 23:00:00', '2025-12-07 15:06:16'),
(5602, 217, 10, 1, '2025-12-06 23:00:00', '2025-12-07 15:06:29'),
(5603, 223, 9, 1, '2025-12-06 23:00:00', '2025-12-07 15:06:57'),
(5604, 214, 11, 1, '2025-12-05 23:00:00', '2025-12-08 06:29:25'),
(5605, 213, 9, 1, '2025-12-05 23:00:00', '2025-12-08 06:29:35'),
(5606, 1, 13, 1, '2025-12-13 14:14:42', '2025-12-13 14:14:42'),
(5607, 2, 6, 1, '2025-12-13 14:14:42', '2025-12-13 14:14:42'),
(5608, 3, 6, 1, '2025-12-13 14:14:42', '2025-12-13 14:14:42'),
(5609, 5, 6, 1, '2025-12-13 14:14:42', '2025-12-13 14:14:42'),
(5610, 6, 6, 1, '2025-12-13 14:14:42', '2025-12-13 14:14:42'),
(5611, 7, 13, 1, '2025-12-13 14:14:42', '2025-12-13 14:14:42'),
(5613, 9, 6, 1, '2025-12-13 14:14:42', '2025-12-13 14:14:42'),
(5614, 10, 6, 1, '2025-12-13 14:14:42', '2025-12-13 14:14:42'),
(5615, 11, 13, 1, '2025-12-13 14:14:42', '2025-12-13 14:14:42'),
(5616, 12, 6, 1, '2025-12-13 14:14:42', '2025-12-13 14:14:42'),
(5617, 13, 6, 1, '2025-12-13 14:14:42', '2025-12-13 14:14:42'),
(5618, 14, 13, 1, '2025-12-13 14:14:42', '2025-12-13 14:14:42'),
(5619, 15, 13, 1, '2025-12-13 14:14:42', '2025-12-13 14:14:42'),
(5620, 17, 6, 1, '2025-12-13 14:14:42', '2025-12-13 14:14:42'),
(5621, 33, 6, 1, '2025-12-13 14:14:42', '2025-12-13 14:14:42'),
(5622, 37, 6, 1, '2025-12-13 14:14:42', '2025-12-13 14:14:42'),
(5623, 38, 6, 1, '2025-12-13 14:14:42', '2025-12-13 14:14:42'),
(5624, 39, 6, 1, '2025-12-13 14:14:42', '2025-12-13 14:14:42'),
(5625, 40, 6, 1, '2025-12-13 14:14:42', '2025-12-13 14:14:42'),
(5626, 47, 6, 1, '2025-12-13 14:14:42', '2025-12-13 14:14:42'),
(5627, 68, 3, 1, '2025-12-13 14:14:42', '2025-12-13 14:14:42'),
(5628, 89, 2, 1, '2025-12-13 14:14:42', '2025-12-13 14:14:42'),
(5629, 104, 2, 1, '2025-12-13 14:14:42', '2025-12-13 14:14:42'),
(5630, 105, 2, 1, '2025-12-13 14:14:42', '2025-12-13 14:14:42'),
(5631, 106, 2, 1, '2025-12-13 14:14:42', '2025-12-13 14:14:42'),
(5632, 107, 3, 1, '2025-12-13 14:14:42', '2025-12-13 14:14:42'),
(5633, 108, 3, 1, '2025-12-13 14:14:42', '2025-12-13 14:14:42'),
(5634, 109, 3, 1, '2025-12-13 14:14:42', '2025-12-13 14:14:42'),
(5635, 110, 2, 1, '2025-12-13 14:14:42', '2025-12-13 14:14:42'),
(5636, 128, 1, 1, '2025-12-13 14:14:42', '2025-12-13 14:14:42'),
(5637, 151, 1, 1, '2025-12-13 14:14:42', '2025-12-13 14:14:42'),
(5638, 152, 1, 1, '2025-12-13 14:14:42', '2025-12-13 14:14:42'),
(5639, 162, 1, 1, '2025-12-13 14:14:42', '2025-12-13 14:14:42'),
(5640, 165, 1, 1, '2025-12-13 14:14:42', '2025-12-13 14:14:42'),
(5641, 181, 1, 1, '2025-12-13 14:14:42', '2025-12-13 14:14:42'),
(5642, 196, 1, 1, '2025-12-13 14:14:42', '2025-12-13 14:14:42'),
(5644, 214, 11, 1, '2025-12-13 14:14:42', '2025-12-13 14:14:42'),
(5645, 226, 2, 1, '2025-12-13 14:14:42', '2025-12-13 14:14:42'),
(5646, 213, 9, 1, '2025-12-12 23:00:00', '2025-12-13 14:14:53'),
(5647, 135, 1, 1, '2025-12-13 14:15:13', '2025-12-13 14:15:13'),
(5648, 136, 1, 1, '2025-12-13 14:15:13', '2025-12-13 14:15:13'),
(5649, 138, 1, 1, '2025-12-13 14:15:13', '2025-12-13 14:15:13'),
(5650, 149, 1, 1, '2025-12-13 14:15:13', '2025-12-13 14:15:13'),
(5651, 155, 1, 1, '2025-12-13 14:15:13', '2025-12-13 14:15:13'),
(5652, 158, 1, 1, '2025-12-13 14:15:13', '2025-12-13 14:15:13'),
(5653, 160, 1, 1, '2025-12-13 14:15:13', '2025-12-13 14:15:13'),
(5654, 170, 9, 1, '2025-12-13 14:15:13', '2025-12-13 14:15:13'),
(5655, 184, 1, 1, '2025-12-13 14:15:13', '2025-12-13 14:15:13'),
(5656, 185, 1, 1, '2025-12-13 14:15:13', '2025-12-13 14:15:13'),
(5657, 187, 1, 1, '2025-12-13 14:15:13', '2025-12-13 14:15:13'),
(5658, 189, 1, 1, '2025-12-13 14:15:13', '2025-12-13 14:15:13'),
(5659, 190, 1, 1, '2025-12-13 14:15:13', '2025-12-13 14:15:13'),
(5660, 194, 1, 1, '2025-12-13 14:15:13', '2025-12-13 14:15:13'),
(5661, 199, 1, 1, '2025-12-13 14:15:13', '2025-12-13 14:15:13'),
(5662, 201, 1, 1, '2025-12-13 14:15:13', '2025-12-13 14:15:13'),
(5663, 202, 1, 1, '2025-12-13 14:15:13', '2025-12-13 14:15:13'),
(5664, 203, 1, 1, '2025-12-13 14:15:13', '2025-12-13 14:15:13'),
(5665, 204, 1, 1, '2025-12-13 14:15:13', '2025-12-13 14:15:13'),
(5666, 207, 1, 1, '2025-12-13 14:15:13', '2025-12-13 14:15:13'),
(5667, 208, 1, 1, '2025-12-13 14:15:13', '2025-12-13 14:15:13'),
(5668, 210, 1, 1, '2025-12-13 14:15:13', '2025-12-13 14:15:13'),
(5669, 212, 1, 1, '2025-12-13 14:15:13', '2025-12-13 14:15:13'),
(5670, 216, 1, 1, '2025-12-13 14:15:13', '2025-12-13 14:15:13'),
(5671, 217, 1, 1, '2025-12-13 14:15:13', '2025-12-13 14:15:13'),
(5672, 219, 1, 1, '2025-12-13 14:15:13', '2025-12-13 14:15:13'),
(5673, 220, 1, 1, '2025-12-13 14:15:13', '2025-12-13 14:15:13'),
(5674, 221, 1, 1, '2025-12-13 14:15:13', '2025-12-13 14:15:13'),
(5675, 224, 1, 1, '2025-12-13 14:15:13', '2025-12-13 14:15:13'),
(5676, 225, 1, 1, '2025-12-13 14:15:13', '2025-12-13 14:15:13'),
(5677, 8, 9, 1, '2025-12-12 23:00:00', '2025-12-13 14:15:32'),
(5678, 45, 5, 1, '2025-12-17 18:57:04', '2025-12-17 18:57:04'),
(5679, 46, 5, 1, '2025-12-17 18:57:04', '2025-12-17 18:57:04'),
(5680, 103, 4, 1, '2025-12-17 18:57:04', '2025-12-17 18:57:04'),
(5681, 128, 1, 1, '2025-12-17 18:57:04', '2025-12-17 18:57:04'),
(5682, 151, 1, 1, '2025-12-17 18:57:04', '2025-12-17 18:57:04'),
(5683, 152, 1, 1, '2025-12-17 18:57:04', '2025-12-17 18:57:04'),
(5684, 162, 1, 1, '2025-12-17 18:57:04', '2025-12-17 18:57:04'),
(5685, 165, 1, 1, '2025-12-17 18:57:04', '2025-12-17 18:57:04'),
(5686, 181, 1, 1, '2025-12-17 18:57:04', '2025-12-17 18:57:04'),
(5687, 196, 1, 1, '2025-12-17 18:57:04', '2025-12-17 18:57:04'),
(5688, 135, 1, 1, '2025-12-17 18:59:22', '2025-12-17 18:59:22'),
(5689, 136, 1, 1, '2025-12-17 18:59:23', '2025-12-17 18:59:23'),
(5690, 138, 1, 1, '2025-12-17 18:59:23', '2025-12-17 18:59:23'),
(5691, 149, 1, 1, '2025-12-17 18:59:23', '2025-12-17 18:59:23'),
(5692, 153, 1, 1, '2025-12-17 18:59:23', '2025-12-17 18:59:23'),
(5693, 155, 1, 1, '2025-12-17 18:59:23', '2025-12-17 18:59:23'),
(5694, 158, 1, 1, '2025-12-17 18:59:23', '2025-12-17 18:59:23'),
(5695, 160, 1, 1, '2025-12-17 18:59:23', '2025-12-17 18:59:23'),
(5696, 170, 9, 1, '2025-12-17 18:59:23', '2025-12-17 18:59:23'),
(5697, 184, 1, 1, '2025-12-17 18:59:23', '2025-12-17 18:59:23'),
(5698, 185, 1, 1, '2025-12-17 18:59:23', '2025-12-17 18:59:23'),
(5699, 187, 1, 1, '2025-12-17 18:59:23', '2025-12-17 18:59:23'),
(5700, 189, 1, 1, '2025-12-17 18:59:23', '2025-12-17 18:59:23'),
(5701, 190, 1, 1, '2025-12-17 18:59:23', '2025-12-17 18:59:23'),
(5702, 194, 1, 1, '2025-12-17 18:59:23', '2025-12-17 18:59:23'),
(5703, 199, 1, 1, '2025-12-17 18:59:23', '2025-12-17 18:59:23'),
(5704, 201, 1, 1, '2025-12-17 18:59:23', '2025-12-17 18:59:23'),
(5705, 202, 1, 1, '2025-12-17 18:59:23', '2025-12-17 18:59:23'),
(5706, 203, 1, 1, '2025-12-17 18:59:23', '2025-12-17 18:59:23'),
(5707, 204, 1, 1, '2025-12-17 18:59:23', '2025-12-17 18:59:23'),
(5708, 207, 1, 1, '2025-12-17 18:59:23', '2025-12-17 18:59:23'),
(5709, 208, 9, 1, '2025-12-17 18:59:23', '2025-12-17 18:59:23'),
(5710, 210, 1, 1, '2025-12-17 18:59:23', '2025-12-17 18:59:23'),
(5711, 212, 1, 1, '2025-12-17 18:59:23', '2025-12-17 18:59:23'),
(5712, 216, 1, 1, '2025-12-17 18:59:23', '2025-12-17 18:59:23'),
(5713, 217, 1, 1, '2025-12-17 18:59:23', '2025-12-17 18:59:23'),
(5714, 219, 1, 1, '2025-12-17 18:59:23', '2025-12-17 18:59:23'),
(5715, 221, 1, 1, '2025-12-17 18:59:23', '2025-12-17 18:59:23'),
(5716, 223, 9, 1, '2025-12-17 18:59:23', '2025-12-17 18:59:23'),
(5717, 224, 1, 1, '2025-12-17 18:59:23', '2025-12-17 18:59:23'),
(5718, 225, 9, 1, '2025-12-17 18:59:23', '2025-12-17 18:59:23'),
(5719, 1, 13, 1, '2025-12-23 16:45:06', '2025-12-23 16:45:06'),
(5720, 2, 6, 1, '2025-12-23 16:45:06', '2025-12-23 16:45:06'),
(5721, 3, 6, 1, '2025-12-23 16:45:06', '2025-12-23 16:45:06'),
(5722, 5, 6, 1, '2025-12-23 16:45:06', '2025-12-23 16:45:06'),
(5723, 6, 6, 1, '2025-12-23 16:45:06', '2025-12-23 16:45:06'),
(5724, 7, 13, 1, '2025-12-23 16:45:06', '2025-12-23 16:45:06'),
(5725, 8, 6, 1, '2025-12-23 16:45:06', '2025-12-23 16:45:06'),
(5726, 9, 6, 1, '2025-12-23 16:45:06', '2025-12-23 16:45:06'),
(5727, 10, 6, 1, '2025-12-23 16:45:06', '2025-12-23 16:45:06'),
(5728, 11, 13, 1, '2025-12-23 16:45:06', '2025-12-23 16:45:06'),
(5729, 12, 6, 1, '2025-12-23 16:45:06', '2025-12-23 16:45:06'),
(5730, 13, 6, 1, '2025-12-23 16:45:06', '2025-12-23 16:45:06'),
(5731, 14, 13, 1, '2025-12-23 16:45:06', '2025-12-23 16:45:06'),
(5732, 15, 13, 1, '2025-12-23 16:45:06', '2025-12-23 16:45:06'),
(5733, 17, 6, 1, '2025-12-23 16:45:06', '2025-12-23 16:45:06'),
(5734, 33, 6, 1, '2025-12-23 16:45:06', '2025-12-23 16:45:06'),
(5735, 37, 6, 1, '2025-12-23 16:45:06', '2025-12-23 16:45:06'),
(5736, 38, 6, 1, '2025-12-23 16:45:06', '2025-12-23 16:45:06'),
(5737, 39, 6, 1, '2025-12-23 16:45:06', '2025-12-23 16:45:06'),
(5738, 40, 6, 1, '2025-12-23 16:45:06', '2025-12-23 16:45:06'),
(5739, 47, 6, 1, '2025-12-23 16:45:06', '2025-12-23 16:45:06'),
(5740, 68, 3, 1, '2025-12-23 16:45:06', '2025-12-23 16:45:06'),
(5741, 89, 2, 1, '2025-12-23 16:45:06', '2025-12-23 16:45:06'),
(5742, 104, 3, 1, '2025-12-23 16:45:06', '2025-12-23 16:45:06'),
(5743, 105, 2, 1, '2025-12-23 16:45:06', '2025-12-23 16:45:06'),
(5744, 106, 2, 1, '2025-12-23 16:45:06', '2025-12-23 16:45:06'),
(5745, 107, 4, 1, '2025-12-23 16:45:06', '2025-12-23 16:45:06'),
(5746, 108, 4, 1, '2025-12-23 16:45:06', '2025-12-23 16:45:06'),
(5747, 109, 4, 1, '2025-12-23 16:45:06', '2025-12-23 16:45:06'),
(5748, 110, 2, 1, '2025-12-23 16:45:06', '2025-12-23 16:45:06'),
(5749, 128, 2, 1, '2025-12-23 16:45:06', '2025-12-23 16:45:06'),
(5750, 151, 1, 1, '2025-12-23 16:45:06', '2025-12-23 16:45:06'),
(5751, 152, 1, 1, '2025-12-23 16:45:06', '2025-12-23 16:45:06'),
(5752, 162, 1, 1, '2025-12-23 16:45:06', '2025-12-23 16:45:06'),
(5753, 165, 1, 1, '2025-12-23 16:45:06', '2025-12-23 16:45:06'),
(5754, 181, 1, 1, '2025-12-23 16:45:06', '2025-12-23 16:45:06'),
(5755, 196, 1, 1, '2025-12-23 16:45:06', '2025-12-23 16:45:06'),
(5756, 213, 3, 1, '2025-12-23 16:45:06', '2025-12-23 16:45:06'),
(5757, 214, 11, 1, '2025-12-23 16:45:06', '2025-12-23 16:45:06'),
(5758, 226, 2, 1, '2025-12-23 16:45:06', '2025-12-23 16:45:06'),
(5759, 135, 1, 1, '2025-12-24 06:44:55', '2025-12-24 06:44:55'),
(5760, 136, 1, 1, '2025-12-24 06:44:55', '2025-12-24 06:44:55'),
(5761, 138, 1, 1, '2025-12-24 06:44:55', '2025-12-24 06:44:55'),
(5762, 149, 1, 1, '2025-12-24 06:44:55', '2025-12-24 06:44:55'),
(5763, 153, 1, 1, '2025-12-24 06:44:55', '2025-12-24 06:44:55'),
(5764, 155, 1, 1, '2025-12-24 06:44:55', '2025-12-24 06:44:55'),
(5765, 158, 1, 1, '2025-12-24 06:44:55', '2025-12-24 06:44:55'),
(5766, 160, 1, 1, '2025-12-24 06:44:55', '2025-12-24 06:44:55'),
(5767, 184, 1, 1, '2025-12-24 06:44:55', '2025-12-24 06:44:55'),
(5768, 185, 1, 1, '2025-12-24 06:44:55', '2025-12-24 06:44:55'),
(5769, 187, 1, 1, '2025-12-24 06:44:55', '2025-12-24 06:44:55'),
(5770, 189, 1, 1, '2025-12-24 06:44:55', '2025-12-24 06:44:55'),
(5771, 190, 1, 1, '2025-12-24 06:44:55', '2025-12-24 06:44:55'),
(5772, 194, 1, 1, '2025-12-24 06:44:55', '2025-12-24 06:44:55'),
(5773, 199, 1, 1, '2025-12-24 06:44:55', '2025-12-24 06:44:55'),
(5774, 201, 1, 1, '2025-12-24 06:44:55', '2025-12-24 06:44:55'),
(5775, 202, 1, 1, '2025-12-24 06:44:55', '2025-12-24 06:44:55'),
(5776, 203, 1, 1, '2025-12-24 06:44:55', '2025-12-24 06:44:55'),
(5777, 204, 1, 1, '2025-12-24 06:44:55', '2025-12-24 06:44:55'),
(5778, 207, 1, 1, '2025-12-24 06:44:55', '2025-12-24 06:44:55'),
(5779, 210, 1, 1, '2025-12-24 06:44:55', '2025-12-24 06:44:55'),
(5780, 212, 1, 1, '2025-12-24 06:44:55', '2025-12-24 06:44:55'),
(5781, 216, 1, 1, '2025-12-24 06:44:55', '2025-12-24 06:44:55'),
(5782, 219, 1, 1, '2025-12-24 06:44:55', '2025-12-24 06:44:55'),
(5783, 221, 1, 1, '2025-12-24 06:44:55', '2025-12-24 06:44:55'),
(5784, 224, 1, 1, '2025-12-24 06:44:55', '2025-12-24 06:44:55'),
(5786, 6, 6, 1, '2025-12-31 05:32:02', '2025-12-31 05:32:02'),
(5787, 8, 6, 1, '2025-12-31 05:32:02', '2025-12-31 05:32:02'),
(5788, 9, 6, 1, '2025-12-31 05:32:02', '2025-12-31 05:32:02'),
(5789, 12, 6, 1, '2025-12-31 05:32:02', '2025-12-31 05:32:02'),
(5790, 33, 6, 1, '2025-12-31 05:32:02', '2025-12-31 05:32:02'),
(5791, 45, 6, 1, '2025-12-31 05:32:02', '2025-12-31 05:32:02'),
(5792, 46, 6, 1, '2025-12-31 05:32:02', '2025-12-31 05:32:02'),
(5793, 68, 3, 1, '2025-12-31 05:32:02', '2025-12-31 05:32:02'),
(5794, 89, 2, 1, '2025-12-31 05:32:02', '2025-12-31 05:32:02'),
(5795, 103, 4, 1, '2025-12-31 05:32:02', '2025-12-31 05:32:02'),
(5796, 104, 3, 1, '2025-12-31 05:32:02', '2025-12-31 05:32:02'),
(5797, 105, 2, 1, '2025-12-31 05:32:02', '2025-12-31 05:32:02'),
(5798, 106, 2, 1, '2025-12-31 05:32:02', '2025-12-31 05:32:02'),
(5799, 110, 2, 1, '2025-12-31 05:32:02', '2025-12-31 05:32:02'),
(5800, 128, 2, 1, '2025-12-31 05:32:02', '2025-12-31 05:32:02'),
(5801, 151, 1, 1, '2025-12-31 05:32:02', '2025-12-31 05:32:02'),
(5802, 152, 1, 1, '2025-12-31 05:32:02', '2025-12-31 05:32:02'),
(5803, 162, 1, 1, '2025-12-31 05:32:02', '2025-12-31 05:32:02'),
(5804, 165, 1, 1, '2025-12-31 05:32:02', '2025-12-31 05:32:02'),
(5805, 181, 1, 1, '2025-12-31 05:32:02', '2025-12-31 05:32:02'),
(5806, 196, 1, 1, '2025-12-31 05:32:02', '2025-12-31 05:32:02'),
(5807, 213, 3, 1, '2025-12-31 05:32:02', '2025-12-31 05:32:02'),
(5808, 214, 11, 1, '2025-12-31 05:32:02', '2025-12-31 05:32:02'),
(5809, 226, 2, 1, '2025-12-31 05:32:02', '2025-12-31 05:32:02'),
(5810, 135, 1, 1, '2025-12-31 05:32:36', '2025-12-31 05:32:36'),
(5811, 136, 1, 1, '2025-12-31 05:32:36', '2025-12-31 05:32:36'),
(5812, 138, 1, 1, '2025-12-31 05:32:36', '2025-12-31 05:32:36');
INSERT INTO `animal_feedings` (`id`, `animal_id`, `feed_id`, `amount`, `created_at`, `updated_at`) VALUES
(5813, 149, 1, 1, '2025-12-31 05:32:36', '2025-12-31 05:32:36'),
(5814, 153, 1, 1, '2025-12-31 05:32:36', '2025-12-31 05:32:36'),
(5815, 155, 1, 1, '2025-12-31 05:32:36', '2025-12-31 05:32:36'),
(5816, 158, 1, 1, '2025-12-31 05:32:36', '2025-12-31 05:32:36'),
(5817, 160, 1, 1, '2025-12-31 05:32:36', '2025-12-31 05:32:36'),
(5818, 184, 1, 1, '2025-12-31 05:32:36', '2025-12-31 05:32:36'),
(5819, 185, 1, 1, '2025-12-31 05:32:36', '2025-12-31 05:32:36'),
(5820, 187, 1, 1, '2025-12-31 05:32:36', '2025-12-31 05:32:36'),
(5821, 189, 1, 1, '2025-12-31 05:32:36', '2025-12-31 05:32:36'),
(5822, 190, 1, 1, '2025-12-31 05:32:36', '2025-12-31 05:32:36'),
(5823, 194, 1, 1, '2025-12-31 05:32:36', '2025-12-31 05:32:36'),
(5825, 201, 1, 1, '2025-12-31 05:32:36', '2025-12-31 05:32:36'),
(5826, 202, 1, 1, '2025-12-31 05:32:36', '2025-12-31 05:32:36'),
(5827, 203, 1, 1, '2025-12-31 05:32:36', '2025-12-31 05:32:36'),
(5828, 204, 1, 1, '2025-12-31 05:32:36', '2025-12-31 05:32:36'),
(5829, 207, 1, 1, '2025-12-31 05:32:36', '2025-12-31 05:32:36'),
(5830, 210, 1, 1, '2025-12-31 05:32:36', '2025-12-31 05:32:36'),
(5831, 212, 1, 1, '2025-12-31 05:32:36', '2025-12-31 05:32:36'),
(5832, 216, 1, 1, '2025-12-31 05:32:36', '2025-12-31 05:32:36'),
(5833, 217, 9, 1, '2025-12-31 05:32:36', '2025-12-31 05:32:36'),
(5834, 219, 1, 1, '2025-12-31 05:32:36', '2025-12-31 05:32:36'),
(5835, 221, 1, 1, '2025-12-31 05:32:36', '2025-12-31 05:32:36'),
(5836, 224, 1, 1, '2025-12-31 05:32:36', '2025-12-31 05:32:36'),
(5837, 217, 9, 1, '2025-12-23 23:00:00', '2025-12-31 05:33:08'),
(5840, 135, 1, 1, '2026-01-06 18:10:58', '2026-01-06 18:10:58'),
(5841, 136, 1, 1, '2026-01-06 18:10:58', '2026-01-06 18:10:58'),
(5842, 138, 1, 1, '2026-01-06 18:10:58', '2026-01-06 18:10:58'),
(5843, 149, 1, 1, '2026-01-06 18:10:58', '2026-01-06 18:10:58'),
(5844, 153, 1, 1, '2026-01-06 18:10:58', '2026-01-06 18:10:58'),
(5845, 155, 1, 1, '2026-01-06 18:10:58', '2026-01-06 18:10:58'),
(5846, 158, 1, 1, '2026-01-06 18:10:58', '2026-01-06 18:10:58'),
(5847, 160, 1, 1, '2026-01-06 18:10:58', '2026-01-06 18:10:58'),
(5848, 184, 1, 1, '2026-01-06 18:10:58', '2026-01-06 18:10:58'),
(5849, 185, 1, 1, '2026-01-06 18:10:58', '2026-01-06 18:10:58'),
(5850, 187, 1, 1, '2026-01-06 18:10:58', '2026-01-06 18:10:58'),
(5851, 189, 1, 1, '2026-01-06 18:10:58', '2026-01-06 18:10:58'),
(5852, 190, 1, 1, '2026-01-06 18:10:58', '2026-01-06 18:10:58'),
(5853, 194, 1, 1, '2026-01-06 18:10:58', '2026-01-06 18:10:58'),
(5854, 199, 1, 1, '2026-01-06 18:10:58', '2026-01-06 18:10:58'),
(5855, 201, 1, 1, '2026-01-06 18:10:58', '2026-01-06 18:10:58'),
(5856, 202, 1, 1, '2026-01-06 18:10:58', '2026-01-06 18:10:58'),
(5857, 203, 1, 1, '2026-01-06 18:10:58', '2026-01-06 18:10:58'),
(5858, 204, 1, 1, '2026-01-06 18:10:58', '2026-01-06 18:10:58'),
(5859, 210, 1, 1, '2026-01-06 18:10:58', '2026-01-06 18:10:58'),
(5860, 212, 1, 1, '2026-01-06 18:10:58', '2026-01-06 18:10:58'),
(5861, 216, 1, 1, '2026-01-06 18:10:58', '2026-01-06 18:10:58'),
(5862, 219, 1, 1, '2026-01-06 18:10:58', '2026-01-06 18:10:58'),
(5863, 221, 1, 1, '2026-01-06 18:10:58', '2026-01-06 18:10:58'),
(5864, 224, 1, 1, '2026-01-06 18:10:58', '2026-01-06 18:10:58'),
(5865, 225, 1, 1, '2026-01-06 18:10:58', '2026-01-06 18:10:58'),
(5866, 1, 13, 1, '2026-01-06 18:11:38', '2026-01-06 18:11:38'),
(5867, 2, 6, 1, '2026-01-06 18:11:38', '2026-01-06 18:11:38'),
(5868, 3, 6, 1, '2026-01-06 18:11:38', '2026-01-06 18:11:38'),
(5869, 5, 6, 1, '2026-01-06 18:11:38', '2026-01-06 18:11:38'),
(5870, 7, 13, 1, '2026-01-06 18:11:38', '2026-01-06 18:11:38'),
(5871, 10, 6, 1, '2026-01-06 18:11:38', '2026-01-06 18:11:38'),
(5872, 11, 13, 1, '2026-01-06 18:11:38', '2026-01-06 18:11:38'),
(5873, 13, 6, 1, '2026-01-06 18:11:38', '2026-01-06 18:11:38'),
(5874, 14, 13, 1, '2026-01-06 18:11:38', '2026-01-06 18:11:38'),
(5875, 15, 13, 1, '2026-01-06 18:11:38', '2026-01-06 18:11:38'),
(5876, 17, 6, 1, '2026-01-06 18:11:38', '2026-01-06 18:11:38'),
(5877, 37, 6, 1, '2026-01-06 18:11:38', '2026-01-06 18:11:38'),
(5878, 38, 6, 1, '2026-01-06 18:11:38', '2026-01-06 18:11:38'),
(5879, 39, 6, 1, '2026-01-06 18:11:38', '2026-01-06 18:11:38'),
(5880, 40, 6, 1, '2026-01-06 18:11:38', '2026-01-06 18:11:38'),
(5881, 47, 6, 1, '2026-01-06 18:11:38', '2026-01-06 18:11:38'),
(5882, 68, 3, 1, '2026-01-06 18:11:38', '2026-01-06 18:11:38'),
(5883, 89, 2, 1, '2026-01-06 18:11:38', '2026-01-06 18:11:38'),
(5884, 104, 3, 1, '2026-01-06 18:11:38', '2026-01-06 18:11:38'),
(5885, 106, 2, 1, '2026-01-06 18:11:38', '2026-01-06 18:11:38'),
(5886, 107, 4, 1, '2026-01-06 18:11:38', '2026-01-06 18:11:38'),
(5887, 108, 4, 1, '2026-01-06 18:11:38', '2026-01-06 18:11:38'),
(5888, 109, 4, 1, '2026-01-06 18:11:38', '2026-01-06 18:11:38'),
(5889, 110, 2, 1, '2026-01-06 18:11:38', '2026-01-06 18:11:38'),
(5890, 128, 2, 1, '2026-01-06 18:11:38', '2026-01-06 18:11:38'),
(5891, 151, 1, 1, '2026-01-06 18:11:38', '2026-01-06 18:11:38'),
(5892, 152, 1, 1, '2026-01-06 18:11:38', '2026-01-06 18:11:38'),
(5893, 162, 1, 1, '2026-01-06 18:11:38', '2026-01-06 18:11:38'),
(5894, 165, 1, 1, '2026-01-06 18:11:38', '2026-01-06 18:11:38'),
(5895, 181, 1, 1, '2026-01-06 18:11:38', '2026-01-06 18:11:38'),
(5896, 196, 1, 1, '2026-01-06 18:11:38', '2026-01-06 18:11:38'),
(5897, 214, 11, 1, '2026-01-06 18:11:38', '2026-01-06 18:11:38'),
(5898, 226, 2, 1, '2026-01-06 18:11:38', '2026-01-06 18:11:38'),
(5899, 227, 12, 1, '2026-01-06 18:11:38', '2026-01-06 18:11:38'),
(5900, 228, 12, 1, '2026-01-06 18:11:38', '2026-01-06 18:11:38'),
(5901, 6, 6, 1, '2026-01-06 18:12:10', '2026-01-06 18:12:10'),
(5902, 8, 6, 1, '2026-01-06 18:12:10', '2026-01-06 18:12:10'),
(5903, 9, 6, 1, '2026-01-06 18:12:10', '2026-01-06 18:12:10'),
(5904, 12, 6, 1, '2026-01-06 18:12:10', '2026-01-06 18:12:10'),
(5905, 33, 6, 1, '2026-01-06 18:12:10', '2026-01-06 18:12:10'),
(5907, 135, 1, 1, '2026-01-11 18:05:58', '2026-01-11 18:05:58'),
(5908, 136, 1, 1, '2026-01-11 18:05:58', '2026-01-11 18:05:58'),
(5909, 138, 1, 1, '2026-01-11 18:05:58', '2026-01-11 18:05:58'),
(5910, 149, 1, 1, '2026-01-11 18:05:58', '2026-01-11 18:05:58'),
(5911, 153, 1, 1, '2026-01-11 18:05:58', '2026-01-11 18:05:58'),
(5912, 155, 1, 1, '2026-01-11 18:05:58', '2026-01-11 18:05:58'),
(5913, 158, 1, 1, '2026-01-11 18:05:58', '2026-01-11 18:05:58'),
(5914, 160, 1, 1, '2026-01-11 18:05:58', '2026-01-11 18:05:58'),
(5915, 184, 1, 1, '2026-01-11 18:05:58', '2026-01-11 18:05:58'),
(5916, 185, 1, 1, '2026-01-11 18:05:58', '2026-01-11 18:05:58'),
(5917, 187, 1, 1, '2026-01-11 18:05:58', '2026-01-11 18:05:58'),
(5918, 189, 1, 1, '2026-01-11 18:05:58', '2026-01-11 18:05:58'),
(5919, 190, 1, 1, '2026-01-11 18:05:58', '2026-01-11 18:05:58'),
(5920, 194, 1, 1, '2026-01-11 18:05:58', '2026-01-11 18:05:58'),
(5921, 199, 1, 1, '2026-01-11 18:05:58', '2026-01-11 18:05:58'),
(5922, 201, 1, 1, '2026-01-11 18:05:58', '2026-01-11 18:05:58'),
(5923, 202, 1, 1, '2026-01-11 18:05:58', '2026-01-11 18:05:58'),
(5924, 203, 1, 1, '2026-01-11 18:05:58', '2026-01-11 18:05:58'),
(5925, 204, 1, 1, '2026-01-11 18:05:58', '2026-01-11 18:05:58'),
(5926, 210, 1, 1, '2026-01-11 18:05:58', '2026-01-11 18:05:58'),
(5927, 212, 1, 1, '2026-01-11 18:05:58', '2026-01-11 18:05:58'),
(5928, 219, 1, 1, '2026-01-11 18:05:58', '2026-01-11 18:05:58'),
(5929, 221, 1, 1, '2026-01-11 18:05:58', '2026-01-11 18:05:58'),
(5930, 224, 1, 1, '2026-01-11 18:05:58', '2026-01-11 18:05:58'),
(5931, 45, 6, 1, '2026-01-11 18:06:31', '2026-01-11 18:06:31'),
(5932, 46, 6, 1, '2026-01-11 18:06:31', '2026-01-11 18:06:31'),
(5933, 68, 3, 1, '2026-01-11 18:06:31', '2026-01-11 18:06:31'),
(5934, 89, 2, 1, '2026-01-11 18:06:31', '2026-01-11 18:06:31'),
(5935, 103, 4, 1, '2026-01-11 18:06:31', '2026-01-11 18:06:31'),
(5936, 104, 3, 1, '2026-01-11 18:06:31', '2026-01-11 18:06:31'),
(5937, 105, 2, 1, '2026-01-11 18:06:31', '2026-01-11 18:06:31'),
(5938, 106, 2, 1, '2026-01-11 18:06:31', '2026-01-11 18:06:31'),
(5939, 110, 2, 1, '2026-01-11 18:06:31', '2026-01-11 18:06:31'),
(5940, 128, 2, 1, '2026-01-11 18:06:31', '2026-01-11 18:06:31'),
(5941, 151, 1, 1, '2026-01-11 18:06:31', '2026-01-11 18:06:31'),
(5942, 152, 1, 1, '2026-01-11 18:06:31', '2026-01-11 18:06:31'),
(5943, 162, 1, 1, '2026-01-11 18:06:31', '2026-01-11 18:06:31'),
(5944, 165, 1, 1, '2026-01-11 18:06:31', '2026-01-11 18:06:31'),
(5945, 181, 1, 1, '2026-01-11 18:06:31', '2026-01-11 18:06:31'),
(5946, 196, 1, 1, '2026-01-11 18:06:31', '2026-01-11 18:06:31'),
(5947, 213, 3, 1, '2026-01-11 18:06:31', '2026-01-11 18:06:31'),
(5948, 214, 11, 1, '2026-01-11 18:06:31', '2026-01-11 18:06:31'),
(5949, 226, 2, 1, '2026-01-11 18:06:31', '2026-01-11 18:06:31'),
(5950, 229, 10, 1, '2026-01-11 18:06:44', '2026-01-11 18:06:44'),
(5951, 230, 10, 1, '2026-01-11 18:06:44', '2026-01-11 18:06:44'),
(5952, 225, 1, 1, '2026-01-10 23:00:00', '2026-01-11 18:53:09'),
(6035, 135, 1, 1, '2026-01-18 05:36:01', '2026-01-18 05:36:01'),
(6036, 136, 1, 1, '2026-01-18 05:36:01', '2026-01-18 05:36:01'),
(6037, 138, 1, 1, '2026-01-18 05:36:01', '2026-01-18 05:36:01'),
(6038, 149, 1, 1, '2026-01-18 05:36:01', '2026-01-18 05:36:01'),
(6039, 153, 1, 1, '2026-01-18 05:36:01', '2026-01-18 05:36:01'),
(6040, 155, 1, 1, '2026-01-18 05:36:01', '2026-01-18 05:36:01'),
(6041, 158, 1, 1, '2026-01-18 05:36:01', '2026-01-18 05:36:01'),
(6042, 160, 1, 1, '2026-01-18 05:36:01', '2026-01-18 05:36:01'),
(6043, 184, 1, 1, '2026-01-18 05:36:01', '2026-01-18 05:36:01'),
(6044, 185, 1, 1, '2026-01-18 05:36:01', '2026-01-18 05:36:01'),
(6045, 187, 1, 1, '2026-01-18 05:36:01', '2026-01-18 05:36:01'),
(6046, 189, 1, 1, '2026-01-18 05:36:01', '2026-01-18 05:36:01'),
(6047, 190, 1, 1, '2026-01-18 05:36:01', '2026-01-18 05:36:01'),
(6048, 194, 1, 1, '2026-01-18 05:36:01', '2026-01-18 05:36:01'),
(6049, 199, 1, 1, '2026-01-18 05:36:01', '2026-01-18 05:36:01'),
(6050, 201, 1, 1, '2026-01-18 05:36:01', '2026-01-18 05:36:01'),
(6051, 202, 1, 1, '2026-01-18 05:36:01', '2026-01-18 05:36:01'),
(6052, 203, 1, 1, '2026-01-18 05:36:01', '2026-01-18 05:36:01'),
(6053, 204, 1, 1, '2026-01-18 05:36:01', '2026-01-18 05:36:01'),
(6054, 210, 1, 1, '2026-01-18 05:36:01', '2026-01-18 05:36:01'),
(6055, 212, 1, 1, '2026-01-18 05:36:01', '2026-01-18 05:36:01'),
(6056, 217, 9, 1, '2026-01-18 05:36:01', '2026-01-18 05:36:01'),
(6057, 219, 1, 1, '2026-01-18 05:36:01', '2026-01-18 05:36:01'),
(6058, 221, 1, 1, '2026-01-18 05:36:01', '2026-01-18 05:36:01'),
(6059, 223, 9, 1, '2026-01-18 05:36:01', '2026-01-18 05:36:01'),
(6060, 224, 1, 1, '2026-01-18 05:36:01', '2026-01-18 05:36:01'),
(6061, 225, 1, 1, '2026-01-18 05:36:01', '2026-01-18 05:36:01'),
(6062, 1, 13, 1, '2026-01-18 05:39:09', '2026-01-18 05:39:09'),
(6063, 2, 6, 1, '2026-01-18 05:39:09', '2026-01-18 05:39:09'),
(6064, 3, 6, 1, '2026-01-18 05:39:09', '2026-01-18 05:39:09'),
(6065, 5, 6, 1, '2026-01-18 05:39:09', '2026-01-18 05:39:09'),
(6066, 6, 6, 1, '2026-01-18 05:39:09', '2026-01-18 05:39:09'),
(6067, 7, 13, 1, '2026-01-18 05:39:09', '2026-01-18 05:39:09'),
(6068, 8, 6, 1, '2026-01-18 05:39:09', '2026-01-18 05:39:09'),
(6069, 9, 6, 1, '2026-01-18 05:39:09', '2026-01-18 05:39:09'),
(6070, 10, 6, 1, '2026-01-18 05:39:09', '2026-01-18 05:39:09'),
(6071, 11, 13, 1, '2026-01-18 05:39:09', '2026-01-18 05:39:09'),
(6072, 12, 6, 1, '2026-01-18 05:39:09', '2026-01-18 05:39:09'),
(6073, 13, 6, 1, '2026-01-18 05:39:09', '2026-01-18 05:39:09'),
(6074, 14, 13, 1, '2026-01-18 05:39:09', '2026-01-18 05:39:09'),
(6075, 15, 13, 1, '2026-01-18 05:39:09', '2026-01-18 05:39:09'),
(6076, 17, 6, 1, '2026-01-18 05:39:09', '2026-01-18 05:39:09'),
(6077, 33, 6, 1, '2026-01-18 05:39:09', '2026-01-18 05:39:09'),
(6078, 37, 6, 1, '2026-01-18 05:39:09', '2026-01-18 05:39:09'),
(6079, 38, 6, 1, '2026-01-18 05:39:09', '2026-01-18 05:39:09'),
(6080, 39, 6, 1, '2026-01-18 05:39:09', '2026-01-18 05:39:09'),
(6081, 40, 6, 1, '2026-01-18 05:39:09', '2026-01-18 05:39:09'),
(6082, 47, 6, 1, '2026-01-18 05:39:09', '2026-01-18 05:39:09'),
(6083, 68, 3, 1, '2026-01-18 05:39:09', '2026-01-18 05:39:09'),
(6084, 89, 2, 1, '2026-01-18 05:39:09', '2026-01-18 05:39:09'),
(6085, 104, 3, 1, '2026-01-18 05:39:09', '2026-01-18 05:39:09'),
(6086, 105, 2, 1, '2026-01-18 05:39:09', '2026-01-18 05:39:09'),
(6087, 106, 2, 1, '2026-01-18 05:39:09', '2026-01-18 05:39:09'),
(6088, 107, 4, 1, '2026-01-18 05:39:09', '2026-01-18 05:39:09'),
(6089, 108, 4, 1, '2026-01-18 05:39:09', '2026-01-18 05:39:09'),
(6090, 109, 4, 1, '2026-01-18 05:39:09', '2026-01-18 05:39:09'),
(6091, 110, 2, 1, '2026-01-18 05:39:09', '2026-01-18 05:39:09'),
(6092, 128, 2, 1, '2026-01-18 05:39:09', '2026-01-18 05:39:09'),
(6093, 151, 1, 1, '2026-01-18 05:39:09', '2026-01-18 05:39:09'),
(6094, 152, 1, 1, '2026-01-18 05:39:09', '2026-01-18 05:39:09'),
(6095, 162, 1, 1, '2026-01-18 05:39:09', '2026-01-18 05:39:09'),
(6096, 165, 1, 1, '2026-01-18 05:39:09', '2026-01-18 05:39:09'),
(6097, 181, 1, 1, '2026-01-18 05:39:09', '2026-01-18 05:39:09'),
(6098, 196, 1, 1, '2026-01-18 05:39:09', '2026-01-18 05:39:09'),
(6099, 213, 3, 1, '2026-01-18 05:39:09', '2026-01-18 05:39:09'),
(6100, 214, 11, 1, '2026-01-18 05:39:09', '2026-01-18 05:39:09'),
(6101, 226, 2, 1, '2026-01-18 05:39:09', '2026-01-18 05:39:09'),
(6102, 230, 11, 1, '2026-01-18 05:39:09', '2026-01-18 05:39:09'),
(6103, 229, 10, 1, '2026-01-17 23:00:00', '2026-01-18 08:31:29'),
(6104, 6, 6, 1, '2026-01-25 05:45:01', '2026-01-25 05:45:01'),
(6105, 8, 6, 1, '2026-01-25 05:45:01', '2026-01-25 05:45:01'),
(6106, 9, 6, 1, '2026-01-25 05:45:01', '2026-01-25 05:45:01'),
(6107, 45, 9, 1, '2026-01-25 05:45:01', '2026-01-25 05:45:01'),
(6108, 46, 6, 1, '2026-01-25 05:45:01', '2026-01-25 05:45:01'),
(6109, 68, 3, 1, '2026-01-25 05:45:01', '2026-01-25 05:45:01'),
(6110, 89, 2, 1, '2026-01-25 05:45:01', '2026-01-25 05:45:01'),
(6111, 103, 4, 1, '2026-01-25 05:45:01', '2026-01-25 05:45:01'),
(6112, 104, 3, 1, '2026-01-25 05:45:01', '2026-01-25 05:45:01'),
(6113, 105, 2, 1, '2026-01-25 05:45:01', '2026-01-25 05:45:01'),
(6114, 106, 2, 1, '2026-01-25 05:45:01', '2026-01-25 05:45:01'),
(6115, 110, 2, 1, '2026-01-25 05:45:01', '2026-01-25 05:45:01'),
(6116, 128, 2, 1, '2026-01-25 05:45:01', '2026-01-25 05:45:01'),
(6117, 151, 1, 1, '2026-01-25 05:45:01', '2026-01-25 05:45:01'),
(6118, 152, 1, 1, '2026-01-25 05:45:01', '2026-01-25 05:45:01'),
(6119, 162, 1, 1, '2026-01-25 05:45:01', '2026-01-25 05:45:01'),
(6120, 165, 1, 1, '2026-01-25 05:45:01', '2026-01-25 05:45:01'),
(6121, 181, 1, 1, '2026-01-25 05:45:01', '2026-01-25 05:45:01'),
(6122, 196, 1, 1, '2026-01-25 05:45:01', '2026-01-25 05:45:01'),
(6123, 213, 11, 1, '2026-01-25 05:45:01', '2026-01-25 05:45:01'),
(6124, 214, 11, 1, '2026-01-25 05:45:01', '2026-01-25 05:45:01'),
(6125, 226, 2, 1, '2026-01-25 05:45:01', '2026-01-25 05:45:01'),
(6126, 230, 11, 1, '2026-01-25 05:45:01', '2026-01-25 05:45:01'),
(6127, 229, 9, 1, '2026-01-24 23:00:00', '2026-01-25 05:45:16'),
(6128, 135, 1, 1, '2026-01-25 05:45:47', '2026-01-25 05:45:47'),
(6129, 136, 1, 1, '2026-01-25 05:45:47', '2026-01-25 05:45:47'),
(6130, 138, 1, 1, '2026-01-25 05:45:47', '2026-01-25 05:45:47'),
(6131, 149, 1, 1, '2026-01-25 05:45:47', '2026-01-25 05:45:47'),
(6132, 153, 1, 1, '2026-01-25 05:45:47', '2026-01-25 05:45:47'),
(6133, 155, 1, 1, '2026-01-25 05:45:47', '2026-01-25 05:45:47'),
(6134, 158, 1, 1, '2026-01-25 05:45:47', '2026-01-25 05:45:47'),
(6135, 160, 1, 1, '2026-01-25 05:45:47', '2026-01-25 05:45:47'),
(6136, 184, 1, 1, '2026-01-25 05:45:47', '2026-01-25 05:45:47'),
(6137, 185, 1, 1, '2026-01-25 05:45:47', '2026-01-25 05:45:47'),
(6138, 187, 1, 1, '2026-01-25 05:45:47', '2026-01-25 05:45:47'),
(6139, 189, 1, 1, '2026-01-25 05:45:47', '2026-01-25 05:45:47'),
(6140, 190, 1, 1, '2026-01-25 05:45:47', '2026-01-25 05:45:47'),
(6141, 194, 1, 1, '2026-01-25 05:45:47', '2026-01-25 05:45:47'),
(6142, 199, 1, 1, '2026-01-25 05:45:47', '2026-01-25 05:45:47'),
(6143, 201, 1, 1, '2026-01-25 05:45:47', '2026-01-25 05:45:47'),
(6144, 202, 1, 1, '2026-01-25 05:45:47', '2026-01-25 05:45:47'),
(6145, 203, 1, 1, '2026-01-25 05:45:47', '2026-01-25 05:45:47'),
(6146, 204, 1, 1, '2026-01-25 05:45:47', '2026-01-25 05:45:47'),
(6147, 210, 1, 1, '2026-01-25 05:45:47', '2026-01-25 05:45:47'),
(6148, 212, 1, 1, '2026-01-25 05:45:47', '2026-01-25 05:45:47'),
(6149, 217, 9, 1, '2026-01-25 05:45:47', '2026-01-25 05:45:47'),
(6150, 219, 1, 1, '2026-01-25 05:45:47', '2026-01-25 05:45:47'),
(6151, 221, 1, 1, '2026-01-25 05:45:47', '2026-01-25 05:45:47'),
(6152, 223, 9, 1, '2026-01-25 05:45:47', '2026-01-25 05:45:47'),
(6153, 224, 1, 1, '2026-01-25 05:45:47', '2026-01-25 05:45:47'),
(6154, 225, 1, 1, '2026-01-25 05:45:47', '2026-01-25 05:45:47'),
(6155, 1, 13, 1, '2026-01-29 18:01:23', '2026-01-29 18:01:23'),
(6156, 2, 6, 1, '2026-01-29 18:01:23', '2026-01-29 18:01:23'),
(6157, 3, 6, 1, '2026-01-29 18:01:23', '2026-01-29 18:01:23'),
(6158, 5, 6, 1, '2026-01-29 18:01:23', '2026-01-29 18:01:23'),
(6159, 7, 13, 1, '2026-01-29 18:01:23', '2026-01-29 18:01:23'),
(6160, 10, 13, 1, '2026-01-29 18:01:23', '2026-01-29 18:01:23'),
(6161, 11, 13, 1, '2026-01-29 18:01:23', '2026-01-29 18:01:23'),
(6162, 12, 13, 1, '2026-01-29 18:01:23', '2026-01-29 18:01:23'),
(6163, 13, 6, 1, '2026-01-29 18:01:23', '2026-01-29 18:01:23'),
(6164, 14, 13, 1, '2026-01-29 18:01:23', '2026-01-29 18:01:23'),
(6165, 15, 13, 1, '2026-01-29 18:01:23', '2026-01-29 18:01:23'),
(6166, 17, 6, 1, '2026-01-29 18:01:23', '2026-01-29 18:01:23'),
(6167, 33, 13, 1, '2026-01-29 18:01:23', '2026-01-29 18:01:23'),
(6168, 37, 6, 1, '2026-01-29 18:01:23', '2026-01-29 18:01:23'),
(6169, 38, 13, 1, '2026-01-29 18:01:23', '2026-01-29 18:01:23'),
(6170, 39, 13, 1, '2026-01-29 18:01:23', '2026-01-29 18:01:23'),
(6171, 40, 13, 1, '2026-01-29 18:01:23', '2026-01-29 18:01:23'),
(6172, 47, 6, 1, '2026-01-29 18:01:23', '2026-01-29 18:01:23'),
(6173, 107, 4, 1, '2026-01-29 18:01:23', '2026-01-29 18:01:23'),
(6174, 108, 4, 1, '2026-01-29 18:01:23', '2026-01-29 18:01:23'),
(6175, 109, 4, 1, '2026-01-29 18:01:23', '2026-01-29 18:01:23'),
(6176, 213, 3, 1, '2026-01-29 18:01:23', '2026-01-29 18:01:23'),
(6177, 214, 11, 1, '2026-01-29 18:01:23', '2026-01-29 18:01:23'),
(6178, 226, 2, 1, '2026-01-29 18:01:23', '2026-01-29 18:01:23'),
(6179, 229, 3, 1, '2026-01-29 18:01:23', '2026-01-29 18:01:23'),
(6180, 230, 11, 1, '2026-01-29 18:01:23', '2026-01-29 18:01:23'),
(6181, 151, 1, 1, '2026-01-29 18:02:08', '2026-01-29 18:02:08'),
(6182, 152, 1, 1, '2026-01-29 18:02:08', '2026-01-29 18:02:08'),
(6183, 162, 1, 1, '2026-01-29 18:02:08', '2026-01-29 18:02:08'),
(6184, 165, 1, 1, '2026-01-29 18:02:08', '2026-01-29 18:02:08'),
(6185, 181, 1, 1, '2026-01-29 18:02:08', '2026-01-29 18:02:08'),
(6186, 196, 1, 1, '2026-01-29 18:02:08', '2026-01-29 18:02:08'),
(6187, 135, 1, 1, '2026-01-29 18:02:34', '2026-01-29 18:02:34'),
(6188, 136, 1, 1, '2026-01-29 18:02:34', '2026-01-29 18:02:34'),
(6189, 138, 1, 1, '2026-01-29 18:02:34', '2026-01-29 18:02:34'),
(6190, 149, 1, 1, '2026-01-29 18:02:34', '2026-01-29 18:02:34'),
(6191, 153, 1, 1, '2026-01-29 18:02:34', '2026-01-29 18:02:34'),
(6192, 155, 1, 1, '2026-01-29 18:02:34', '2026-01-29 18:02:34'),
(6193, 158, 1, 1, '2026-01-29 18:02:34', '2026-01-29 18:02:34'),
(6194, 160, 1, 1, '2026-01-29 18:02:34', '2026-01-29 18:02:34'),
(6195, 184, 1, 1, '2026-01-29 18:02:34', '2026-01-29 18:02:34'),
(6196, 185, 1, 1, '2026-01-29 18:02:34', '2026-01-29 18:02:34'),
(6197, 187, 1, 1, '2026-01-29 18:02:34', '2026-01-29 18:02:34'),
(6198, 189, 1, 1, '2026-01-29 18:02:34', '2026-01-29 18:02:34'),
(6199, 190, 1, 1, '2026-01-29 18:02:34', '2026-01-29 18:02:34'),
(6200, 194, 1, 1, '2026-01-29 18:02:34', '2026-01-29 18:02:34'),
(6201, 199, 1, 1, '2026-01-29 18:02:34', '2026-01-29 18:02:34'),
(6202, 201, 1, 1, '2026-01-29 18:02:34', '2026-01-29 18:02:34'),
(6203, 202, 1, 1, '2026-01-29 18:02:34', '2026-01-29 18:02:34'),
(6204, 203, 1, 1, '2026-01-29 18:02:34', '2026-01-29 18:02:34'),
(6205, 204, 1, 1, '2026-01-29 18:02:34', '2026-01-29 18:02:34'),
(6206, 210, 1, 1, '2026-01-29 18:02:34', '2026-01-29 18:02:34'),
(6207, 212, 1, 1, '2026-01-29 18:02:34', '2026-01-29 18:02:34'),
(6208, 217, 9, 1, '2026-01-29 18:02:34', '2026-01-29 18:02:34'),
(6209, 219, 1, 1, '2026-01-29 18:02:34', '2026-01-29 18:02:34'),
(6210, 221, 1, 1, '2026-01-29 18:02:34', '2026-01-29 18:02:34'),
(6211, 223, 9, 1, '2026-01-29 18:02:34', '2026-01-29 18:02:34'),
(6212, 224, 1, 1, '2026-01-29 18:02:34', '2026-01-29 18:02:34'),
(6213, 225, 1, 1, '2026-01-29 18:02:34', '2026-01-29 18:02:34');

-- --------------------------------------------------------

--
-- Struktura tabeli dla tabeli `animal_genotype`
--

CREATE TABLE IF NOT EXISTS `animal_genotype` (
  `id` bigint UNSIGNED NOT NULL AUTO_INCREMENT,
  `genotype_id` bigint UNSIGNED NOT NULL,
  `animal_id` bigint UNSIGNED NOT NULL,
  `type` varchar(255) COLLATE utf8mb4_unicode_ci NOT NULL COMMENT 'v-homozygota, h-heterozygota, p-poshet',
  `created_at` timestamp NULL DEFAULT NULL,
  `updated_at` timestamp NULL DEFAULT NULL,
  PRIMARY KEY (`id`),
  KEY `animal_genotype_genotype_id_foreign` (`genotype_id`),
  KEY `animal_genotype_animal_id_foreign` (`animal_id`)
) ENGINE=InnoDB AUTO_INCREMENT=549 DEFAULT CHARSET=utf8mb4 COLLATE=utf8mb4_unicode_ci;

--
-- RELACJE DLA TABELI `animal_genotype`:
--   `animal_id`
--       `animals` -> `id`
--   `genotype_id`
--       `animal_genotype_category` -> `id`
--

--
-- Dumping data for table `animal_genotype`
--

INSERT INTO `animal_genotype` (`id`, `genotype_id`, `animal_id`, `type`, `created_at`, `updated_at`) VALUES
(2, 11, 1, 'h', '2023-11-04 16:10:37', '2023-11-04 16:10:37'),
(5, 9, 1, 'h', '2023-11-04 16:10:37', '2023-11-04 16:10:37'),
(6, 2, 1, 'h', '2023-11-04 16:10:37', '2023-11-04 16:10:37'),
(7, 5, 1, 'v', '2023-11-04 16:10:37', '2023-11-04 16:10:37'),
(8, 5, 2, 'v', '2023-11-04 16:10:37', '2023-11-04 16:10:37'),
(10, 16, 2, 'h', '2023-11-04 16:10:37', '2023-11-04 16:10:37'),
(11, 15, 2, 'p', '2023-11-04 16:10:37', '2023-11-04 16:10:37'),
(12, 5, 3, 'v', '2023-11-04 16:10:37', '2023-11-04 16:10:37'),
(13, 10, 3, 'h', '2023-11-04 16:10:37', '2023-11-04 16:10:37'),
(14, 3, 3, 'h', '2023-11-04 16:10:37', '2023-11-04 16:10:37'),
(15, 11, 3, 'h', '2023-11-04 16:10:37', '2023-11-04 16:10:37'),
(16, 12, 3, 'h', '2023-11-04 16:10:37', '2023-11-04 16:10:37'),
(17, 14, 3, 'p', '2023-11-04 16:10:37', '2023-11-04 16:10:37'),
(18, 8, 4, 'v', '2023-11-04 16:10:37', '2023-11-04 16:10:37'),
(19, 12, 4, 'h', '2023-11-04 16:10:37', '2023-11-04 16:10:37'),
(20, 13, 4, 'h', '2023-11-04 16:10:37', '2023-11-04 16:10:37'),
(21, 3, 4, 'p', '2023-11-04 16:10:37', '2023-11-04 16:10:37'),
(22, 11, 4, 'v', '2023-11-04 16:10:37', '2023-11-04 16:10:37'),
(23, 2, 4, 'h', '2023-11-04 16:10:37', '2023-11-04 16:10:37'),
(24, 9, 4, 'h', '2023-11-04 16:10:37', '2023-11-04 16:10:37'),
(25, 14, 4, 'h', '2023-11-04 16:10:37', '2023-11-04 16:10:37'),
(26, 3, 5, 'v', '2023-11-04 16:10:37', '2023-11-04 16:10:37'),
(27, 4, 5, 'v', '2023-11-04 16:10:37', '2023-11-04 16:10:37'),
(28, 2, 5, 'h', '2023-11-04 16:10:37', '2023-11-04 16:10:37'),
(29, 4, 6, 'v', '2023-11-04 16:10:37', '2023-11-04 16:10:37'),
(30, 7, 6, 'v', '2023-11-04 16:10:37', '2023-11-04 16:10:37'),
(31, 2, 6, 'p', '2023-11-04 16:10:37', '2023-11-04 16:10:37'),
(32, 11, 6, 'p', '2023-11-04 16:10:37', '2023-11-04 16:10:37'),
(33, 17, 7, 'v', '2023-11-04 16:10:37', '2023-11-04 16:10:37'),
(34, 14, 7, 'v', '2023-11-04 16:10:37', '2023-11-04 16:10:37'),
(35, 3, 7, 'v', '2023-11-04 16:10:37', '2023-11-04 16:10:37'),
(36, 18, 7, 'v', '2023-11-04 16:10:37', '2023-11-04 16:10:37'),
(38, 7, 7, 'p', '2023-11-04 16:10:37', '2023-11-04 16:10:37'),
(39, 19, 8, 'v', '2023-11-04 16:10:37', '2023-11-04 16:10:37'),
(40, 2, 8, 'h', '2023-11-04 16:10:37', '2023-11-04 16:10:37'),
(41, 2, 9, 'v', '2023-11-04 16:10:37', '2023-11-04 16:10:37'),
(42, 3, 9, 'v', '2023-11-04 16:10:37', '2023-11-04 16:10:37'),
(43, 17, 9, 'v', '2023-11-04 16:10:37', '2023-11-04 16:10:37'),
(44, 3, 10, 'h', '2023-11-04 16:10:37', '2023-11-04 16:10:37'),
(47, 14, 10, 'h', '2023-11-04 16:10:37', '2023-11-04 16:10:37'),
(48, 2, 11, 'v', '2023-11-04 16:10:37', '2023-11-04 16:10:37'),
(49, 3, 11, 'h', '2023-11-04 16:10:37', '2023-11-04 16:10:37'),
(51, 14, 11, 'h', '2023-11-04 16:10:37', '2023-11-04 16:10:37'),
(53, 14, 12, 'h', '2023-11-04 16:10:37', '2023-11-04 16:10:37'),
(54, 18, 12, 'p', '2023-11-04 16:10:37', '2023-11-04 16:10:37'),
(55, 3, 12, 'p', '2023-11-04 16:10:37', '2023-11-04 16:10:37'),
(56, 2, 12, 'v', '2023-11-04 16:10:37', '2023-11-04 16:10:37'),
(57, 17, 12, 'v', '2023-11-04 16:10:37', '2023-11-04 16:10:37'),
(58, 2, 13, 'v', '2023-11-04 16:10:37', '2023-11-04 16:10:37'),
(60, 3, 14, 'v', '2023-11-04 16:10:37', '2023-11-04 16:10:37'),
(61, 18, 14, 'v', '2023-11-04 16:10:37', '2023-11-04 16:10:37'),
(62, 17, 14, 'v', '2023-11-04 16:10:37', '2023-11-04 16:10:37'),
(63, 22, 14, 'v', '2023-11-04 16:10:37', '2023-11-04 16:10:37'),
(64, 2, 14, 'h', '2023-11-04 16:10:37', '2023-11-04 16:10:37'),
(65, 14, 14, 'h', '2023-11-04 16:10:37', '2023-11-04 16:10:37'),
(66, 7, 14, 'p', '2023-11-04 16:10:37', '2023-11-04 16:10:37'),
(67, 2, 15, 'v', '2023-11-04 16:10:37', '2023-11-04 16:10:37'),
(68, 11, 15, 'v', '2023-11-04 16:10:37', '2023-11-04 16:10:37'),
(70, 35, 15, 'p', '2023-11-04 16:10:37', '2023-11-04 16:10:37'),
(71, 14, 16, 'p', '2023-11-04 16:10:37', '2023-11-04 16:10:37'),
(72, 5, 16, 'p', '2023-11-04 16:10:37', '2023-11-04 16:10:37'),
(73, 2, 16, 'v', '2023-11-04 16:10:37', '2023-11-04 16:10:37'),
(74, 3, 16, 'v', '2023-11-04 16:10:37', '2023-11-04 16:10:37'),
(75, 22, 16, 'v', '2023-11-04 16:10:37', '2023-11-04 16:10:37'),
(77, 11, 17, 'v', '2023-11-04 16:10:37', '2023-11-04 16:10:37'),
(80, 2, 17, 'h', '2023-11-04 16:10:37', '2023-11-04 16:10:37'),
(81, 14, 17, 'h', '2023-11-04 16:10:37', '2023-11-04 16:10:37'),
(82, 23, 17, 'h', '2023-11-04 16:10:37', '2023-11-04 16:10:37'),
(83, 2, 18, 'h', '2023-11-04 16:10:37', '2023-11-04 16:10:37'),
(84, 3, 18, 'v', '2023-11-04 16:10:37', '2023-11-04 16:10:37'),
(85, 2, 19, 'h', '2023-11-04 16:10:37', '2023-11-04 16:10:37'),
(86, 3, 19, 'p', '2023-11-04 16:10:37', '2023-11-04 16:10:37'),
(87, 3, 20, 'v', '2023-11-04 16:10:37', '2023-11-04 16:10:37'),
(88, 2, 20, 'h', '2023-11-04 16:10:37', '2023-11-04 16:10:37'),
(89, 2, 21, 'h', '2023-11-04 16:10:37', '2023-11-04 16:10:37'),
(90, 3, 21, 'p', '2023-11-04 16:10:37', '2023-11-04 16:10:37'),
(91, 2, 22, 'h', '2023-11-04 16:10:37', '2023-11-04 16:10:37'),
(92, 3, 22, 'p', '2023-11-04 16:10:37', '2023-11-04 16:10:37'),
(93, 2, 23, 'h', '2023-11-04 16:10:37', '2023-11-04 16:10:37'),
(94, 3, 23, 'p', '2023-11-04 16:10:37', '2023-11-04 16:10:37'),
(95, 14, 23, 'p', '2023-11-04 16:10:37', '2023-11-04 16:10:37'),
(96, 2, 24, 'h', '2023-11-04 16:10:37', '2023-11-04 16:10:37'),
(97, 3, 24, 'p', '2023-11-04 16:10:37', '2023-11-04 16:10:37'),
(98, 2, 25, 'h', '2023-11-04 16:10:37', '2023-11-04 16:10:37'),
(99, 3, 25, 'p', '2023-11-04 16:10:37', '2023-11-04 16:10:37'),
(100, 14, 25, 'p', '2023-11-04 16:10:37', '2023-11-04 16:10:37'),
(101, 2, 26, 'h', '2023-11-04 16:10:37', '2023-11-04 16:10:37'),
(102, 3, 26, 'p', '2023-11-04 16:10:37', '2023-11-04 16:10:37'),
(103, 14, 26, 'p', '2023-11-04 16:10:37', '2023-11-04 16:10:37'),
(104, 2, 27, 'h', '2023-11-04 16:10:37', '2023-11-04 16:10:37'),
(105, 3, 27, 'p', '2023-11-04 16:10:37', '2023-11-04 16:10:37'),
(106, 2, 28, 'h', '2023-11-04 16:10:37', '2023-11-04 16:10:37'),
(107, 3, 28, 'p', '2023-11-04 16:10:37', '2023-11-04 16:10:37'),
(108, 2, 29, 'h', '2023-11-04 16:10:37', '2023-11-04 16:10:37'),
(109, 3, 29, 'p', '2023-11-04 16:10:37', '2023-11-04 16:10:37'),
(110, 2, 30, 'h', '2023-11-04 16:10:37', '2023-11-04 16:10:37'),
(111, 3, 30, 'p', '2023-11-04 16:10:37', '2023-11-04 16:10:37'),
(112, 2, 31, 'h', '2023-11-04 16:10:37', '2023-11-04 16:10:37'),
(113, 3, 31, 'p', '2023-11-04 16:10:37', '2023-11-04 16:10:37'),
(114, 14, 31, 'p', '2023-11-04 16:10:37', '2023-11-04 16:10:37'),
(115, 3, 32, 'v', '2023-11-04 16:10:37', '2023-11-04 16:10:37'),
(116, 2, 32, 'h', '2023-11-04 16:10:37', '2023-11-04 16:10:37'),
(117, 14, 32, 'p', '2023-11-04 16:10:37', '2023-11-04 16:10:37'),
(118, 5, 32, 'p', '2023-11-04 16:10:37', '2023-11-04 16:10:37'),
(119, 3, 33, 'v', '2023-11-04 16:10:37', '2023-11-04 16:10:37'),
(120, 2, 33, 'h', '2023-11-04 16:10:37', '2023-11-04 16:10:37'),
(121, 14, 33, 'p', '2023-11-04 16:10:37', '2023-11-04 16:10:37'),
(122, 5, 33, 'p', '2023-11-04 16:10:37', '2023-11-04 16:10:37'),
(123, 2, 34, 'h', '2023-11-04 16:10:38', '2023-11-04 16:10:38'),
(124, 3, 34, 'p', '2023-11-04 16:10:38', '2023-11-04 16:10:38'),
(125, 14, 34, 'p', '2023-11-04 16:10:38', '2023-11-04 16:10:38'),
(126, 2, 35, 'h', '2023-11-04 16:10:38', '2023-11-04 16:10:38'),
(127, 3, 35, 'p', '2023-11-04 16:10:38', '2023-11-04 16:10:38'),
(128, 14, 35, 'p', '2023-11-04 16:10:38', '2023-11-04 16:10:38'),
(129, 3, 36, 'v', '2023-11-04 16:10:38', '2023-11-04 16:10:38'),
(130, 14, 36, 'v', '2023-11-04 16:10:38', '2023-11-04 16:10:38'),
(131, 2, 36, 'h', '2023-11-04 16:10:38', '2023-11-04 16:10:38'),
(132, 5, 36, 'v', '2023-11-04 16:10:38', '2023-11-04 16:10:38'),
(133, 16, 37, 'v', '2023-11-04 16:10:38', '2023-11-04 16:10:38'),
(134, 13, 37, 'v', '2023-11-04 16:10:38', '2023-11-04 16:10:38'),
(135, 2, 37, 'p', '2023-11-04 16:10:38', '2023-11-04 16:10:38'),
(136, 15, 37, 'p', '2023-11-04 16:10:38', '2023-11-04 16:10:38'),
(137, 16, 38, 'v', '2023-11-04 16:10:38', '2023-11-04 16:10:38'),
(138, 13, 38, 'v', '2023-11-04 16:10:38', '2023-11-04 16:10:38'),
(139, 2, 38, 'p', '2023-11-04 16:10:38', '2023-11-04 16:10:38'),
(140, 15, 38, 'p', '2023-11-04 16:10:38', '2023-11-04 16:10:38'),
(141, 3, 39, 'v', '2023-11-04 16:10:38', '2023-11-04 16:10:38'),
(142, 4, 39, 'v', '2023-11-04 16:10:38', '2023-11-04 16:10:38'),
(143, 2, 39, 'p', '2023-11-04 16:10:38', '2023-11-04 16:10:38'),
(144, 35, 40, 'v', '2023-11-04 16:10:38', '2023-11-04 16:10:38'),
(145, 13, 40, 'v', '2023-11-04 16:10:38', '2023-11-04 16:10:38'),
(146, 3, 40, 'h', '2023-11-04 16:10:38', '2023-11-04 16:10:38'),
(147, 5, 40, 'h', '2023-11-04 16:10:38', '2023-11-04 16:10:38'),
(149, 2, 40, 'p', '2023-11-04 16:10:38', '2023-11-04 16:10:38'),
(150, 11, 41, 'v', '2023-11-04 16:10:38', '2023-11-04 16:10:38'),
(151, 13, 41, 'v', '2023-11-04 16:10:38', '2023-11-04 16:10:38'),
(152, 5, 41, 'v', '2023-11-04 16:10:38', '2023-11-04 16:10:38'),
(153, 3, 41, 'h', '2023-11-04 16:10:38', '2023-11-04 16:10:38'),
(154, 35, 41, 'h', '2023-11-04 16:10:38', '2023-11-04 16:10:38'),
(155, 2, 41, 'p', '2023-11-04 16:10:38', '2023-11-04 16:10:38'),
(156, 2, 42, 'v', '2023-11-04 16:10:38', '2023-11-04 16:10:38'),
(157, 18, 42, 'v', '2023-11-04 16:10:38', '2023-11-04 16:10:38'),
(158, 2, 43, 'v', '2023-11-04 16:10:38', '2023-11-04 16:10:38'),
(159, 7, 43, 'v', '2023-11-04 16:10:38', '2023-11-04 16:10:38'),
(160, 3, 43, 'h', '2023-11-04 16:10:38', '2023-11-04 16:10:38'),
(161, 11, 43, 'h', '2023-11-04 16:10:38', '2023-11-04 16:10:38'),
(162, 19, 44, 'v', '2023-11-04 16:10:38', '2023-11-04 16:10:38'),
(163, 2, 44, 'h', '2023-11-04 16:10:38', '2023-11-04 16:10:38'),
(164, 2, 45, 'v', '2023-11-04 16:10:38', '2023-11-04 16:10:38'),
(165, 11, 45, 'v', '2023-11-04 16:10:38', '2023-11-04 16:10:38'),
(166, 23, 45, 'p', '2023-11-04 16:10:38', '2023-11-04 16:10:38'),
(168, 3, 46, 'h', '2023-11-04 16:10:38', '2023-11-04 16:10:38'),
(169, 13, 46, 'h', '2023-11-04 16:10:38', '2023-11-04 16:10:38'),
(170, 7, 47, 'v', '2023-11-04 16:10:38', '2023-11-04 16:10:38'),
(171, 2, 47, 'h', '2023-11-04 16:10:38', '2023-11-04 16:10:38'),
(172, 9, 47, 'h', '2023-11-04 16:10:38', '2023-11-04 16:10:38'),
(174, 11, 47, 'h', '2023-11-04 16:10:38', '2023-11-04 16:10:38'),
(175, 2, 46, 'p', '2024-02-03 15:27:00', '2024-02-03 15:27:00'),
(176, 3, 1, 'v', '2024-02-25 18:28:31', '2024-02-25 18:28:31'),
(180, 36, 16, 'h', '2024-02-28 17:57:49', '2024-02-28 17:57:49'),
(181, 5, 15, 'v', '2024-02-29 04:51:29', '2024-02-29 04:51:29'),
(182, 17, 3, 'h', '2024-04-19 03:36:54', '2024-04-19 03:36:54'),
(184, 14, 1, 'p', '2024-05-27 03:56:29', '2024-05-27 03:56:29'),
(186, 11, 11, 'h', '2024-06-17 05:45:51', '2024-06-17 05:45:51'),
(187, 3, 15, 'h', '2024-06-17 05:46:00', '2024-06-17 05:46:00'),
(188, 2, 48, 'v', '2024-06-18 04:29:46', '2024-06-18 04:29:46'),
(189, 11, 48, 'h', '2024-06-18 04:29:52', '2024-06-18 04:29:52'),
(190, 5, 48, 'h', '2024-06-18 04:29:57', '2024-06-18 04:29:57'),
(191, 3, 48, 'p', '2024-06-18 04:30:09', '2024-06-18 04:30:09'),
(192, 2, 49, 'v', '2024-06-18 04:30:29', '2024-06-18 04:30:29'),
(193, 11, 49, 'h', '2024-06-18 04:30:36', '2024-06-18 04:30:36'),
(194, 5, 49, 'h', '2024-06-18 04:30:41', '2024-06-18 04:30:41'),
(195, 3, 49, 'p', '2024-06-18 04:30:46', '2024-06-18 04:30:46'),
(196, 2, 50, 'v', '2024-06-18 04:30:55', '2024-06-18 04:30:55'),
(197, 11, 50, 'h', '2024-06-18 04:30:58', '2024-06-18 04:30:58'),
(198, 5, 50, 'h', '2024-06-18 04:31:02', '2024-06-18 04:31:02'),
(199, 3, 50, 'p', '2024-06-18 04:31:08', '2024-06-18 04:31:08'),
(200, 2, 51, 'v', '2024-06-18 04:31:18', '2024-06-18 04:31:18'),
(201, 11, 51, 'h', '2024-06-18 04:31:22', '2024-06-18 04:31:22'),
(202, 5, 51, 'h', '2024-06-18 04:31:27', '2024-06-18 04:31:27'),
(203, 3, 51, 'p', '2024-06-18 04:31:32', '2024-06-18 04:31:32'),
(204, 2, 52, 'v', '2024-06-18 04:31:53', '2024-06-18 04:31:53'),
(205, 11, 52, 'h', '2024-06-18 04:31:56', '2024-06-18 04:31:56'),
(206, 5, 52, 'h', '2024-06-18 04:32:01', '2024-06-18 04:32:01'),
(207, 3, 52, 'p', '2024-06-18 04:32:05', '2024-06-18 04:32:05'),
(208, 2, 53, 'v', '2024-06-18 04:32:13', '2024-06-18 04:32:13'),
(209, 11, 53, 'h', '2024-06-18 04:32:17', '2024-06-18 04:32:17'),
(210, 5, 53, 'h', '2024-06-18 04:32:21', '2024-06-18 04:32:21'),
(211, 3, 53, 'p', '2024-06-18 04:32:26', '2024-06-18 04:32:26'),
(212, 2, 54, 'v', '2024-06-18 04:32:47', '2024-06-18 04:32:47'),
(213, 11, 54, 'h', '2024-06-18 04:32:50', '2024-06-18 04:32:50'),
(214, 5, 54, 'h', '2024-06-18 04:32:53', '2024-06-18 04:32:53'),
(215, 3, 54, 'p', '2024-06-18 04:32:58', '2024-06-18 04:32:58'),
(216, 11, 55, 'v', '2024-06-18 04:33:06', '2024-06-18 04:33:06'),
(217, 2, 55, 'v', '2024-06-18 04:33:10', '2024-06-18 04:33:10'),
(218, 5, 55, 'h', '2024-06-18 04:33:15', '2024-06-18 04:33:15'),
(219, 3, 55, 'p', '2024-06-18 04:33:19', '2024-06-18 04:33:19'),
(220, 11, 56, 'v', '2024-06-18 04:33:27', '2024-06-18 04:33:27'),
(221, 2, 56, 'v', '2024-06-18 04:33:31', '2024-06-18 04:33:31'),
(222, 5, 56, 'h', '2024-06-18 04:33:36', '2024-06-18 04:33:36'),
(223, 3, 56, 'p', '2024-06-18 04:33:40', '2024-06-18 04:33:40'),
(224, 11, 57, 'v', '2024-06-18 04:33:48', '2024-06-18 04:33:48'),
(225, 2, 57, 'v', '2024-06-18 04:33:52', '2024-06-18 04:33:52'),
(227, 3, 57, 'p', '2024-06-18 04:33:59', '2024-06-18 04:33:59'),
(228, 5, 57, 'h', '2024-06-18 04:34:05', '2024-06-18 04:34:05'),
(229, 11, 58, 'v', '2024-06-18 04:34:12', '2024-06-18 04:34:12'),
(230, 2, 58, 'v', '2024-06-18 04:34:17', '2024-06-18 04:34:17'),
(231, 5, 58, 'h', '2024-06-18 04:34:20', '2024-06-18 04:34:20'),
(232, 3, 58, 'p', '2024-06-18 04:34:24', '2024-06-18 04:34:24'),
(233, 11, 59, 'v', '2024-06-18 04:34:31', '2024-06-18 04:34:31'),
(234, 2, 59, 'v', '2024-06-18 04:34:35', '2024-06-18 04:34:35'),
(235, 5, 59, 'h', '2024-06-18 04:34:38', '2024-06-18 04:34:38'),
(236, 3, 59, 'p', '2024-06-18 04:34:44', '2024-06-18 04:34:44'),
(237, 2, 60, 'v', '2024-06-18 04:34:52', '2024-06-18 04:34:52'),
(238, 3, 60, 'v', '2024-06-18 04:34:57', '2024-06-18 04:34:57'),
(240, 5, 60, 'h', '2024-06-18 04:35:05', '2024-06-18 04:35:05'),
(241, 2, 61, 'v', '2024-06-18 04:35:15', '2024-06-18 04:35:15'),
(242, 3, 61, 'v', '2024-06-18 04:35:21', '2024-06-18 04:35:21'),
(243, 11, 61, 'h', '2024-06-18 04:35:24', '2024-06-18 04:35:24'),
(244, 5, 61, 'h', '2024-06-18 04:35:27', '2024-06-18 04:35:27'),
(245, 2, 62, 'v', '2024-06-18 04:35:34', '2024-06-18 04:35:34'),
(246, 3, 62, 'v', '2024-06-18 04:35:38', '2024-06-18 04:35:38'),
(247, 11, 62, 'h', '2024-06-18 04:35:42', '2024-06-18 04:35:42'),
(248, 5, 62, 'h', '2024-06-18 04:35:47', '2024-06-18 04:35:47'),
(250, 16, 63, 'h', '2024-06-21 09:22:06', '2024-06-21 09:22:06'),
(251, 13, 63, 'h', '2024-06-21 09:22:10', '2024-06-21 09:22:10'),
(252, 3, 63, 'p', '2024-06-21 09:22:18', '2024-06-21 09:22:18'),
(253, 14, 63, 'p', '2024-06-21 09:22:55', '2024-06-21 09:22:55'),
(256, 16, 64, 'h', '2024-06-23 05:01:40', '2024-06-23 05:01:40'),
(257, 13, 64, 'h', '2024-06-23 05:01:44', '2024-06-23 05:01:44'),
(258, 3, 64, 'p', '2024-06-23 05:01:52', '2024-06-23 05:01:52'),
(260, 16, 65, 'h', '2024-06-23 05:02:04', '2024-06-23 05:02:04'),
(261, 13, 65, 'h', '2024-06-23 05:02:08', '2024-06-23 05:02:08'),
(262, 3, 65, 'p', '2024-06-23 05:02:11', '2024-06-23 05:02:11'),
(264, 16, 66, 'h', '2024-06-23 05:02:23', '2024-06-23 05:02:23'),
(265, 13, 66, 'h', '2024-06-23 05:02:27', '2024-06-23 05:02:27'),
(266, 3, 66, 'p', '2024-06-23 05:02:30', '2024-06-23 05:02:30'),
(268, 16, 67, 'h', '2024-06-23 05:02:44', '2024-06-23 05:02:44'),
(269, 13, 67, 'h', '2024-06-23 05:02:49', '2024-06-23 05:02:49'),
(271, 3, 67, 'p', '2024-06-23 05:03:00', '2024-06-23 05:03:00'),
(273, 16, 68, 'h', '2024-06-23 05:03:21', '2024-06-23 05:03:21'),
(274, 13, 68, 'h', '2024-06-23 05:03:25', '2024-06-23 05:03:25'),
(275, 3, 68, 'p', '2024-06-23 05:03:29', '2024-06-23 05:03:29'),
(277, 16, 69, 'h', '2024-06-23 05:03:40', '2024-06-23 05:03:40'),
(278, 13, 69, 'h', '2024-06-23 05:03:44', '2024-06-23 05:03:44'),
(279, 3, 69, 'p', '2024-06-23 05:03:51', '2024-06-23 05:03:51'),
(281, 16, 70, 'h', '2024-06-23 05:04:08', '2024-06-23 05:04:08'),
(282, 13, 70, 'h', '2024-06-23 05:04:13', '2024-06-23 05:04:13'),
(283, 3, 70, 'p', '2024-06-23 05:04:16', '2024-06-23 05:04:16'),
(285, 16, 71, 'h', '2024-06-23 05:04:27', '2024-06-23 05:04:27'),
(286, 13, 71, 'h', '2024-06-23 05:04:34', '2024-06-23 05:04:34'),
(287, 3, 71, 'p', '2024-06-23 05:04:38', '2024-06-23 05:04:38'),
(289, 16, 72, 'h', '2024-06-23 05:04:48', '2024-06-23 05:04:48'),
(290, 13, 72, 'h', '2024-06-23 05:04:51', '2024-06-23 05:04:51'),
(291, 3, 72, 'p', '2024-06-23 05:04:54', '2024-06-23 05:04:54'),
(293, 16, 73, 'h', '2024-06-23 05:05:04', '2024-06-23 05:05:04'),
(294, 13, 73, 'h', '2024-06-23 05:05:08', '2024-06-23 05:05:08'),
(295, 3, 73, 'p', '2024-06-23 05:05:12', '2024-06-23 05:05:12'),
(296, 2, 79, 'v', '2024-07-17 07:22:54', '2024-07-17 07:22:54'),
(297, 7, 79, 'h', '2024-07-17 07:23:00', '2024-07-17 07:23:00'),
(298, 3, 79, 'p', '2024-07-17 07:23:06', '2024-07-17 07:23:06'),
(299, 11, 79, 'p', '2024-07-17 07:23:09', '2024-07-17 07:23:09'),
(300, 2, 80, 'v', '2024-07-17 07:23:24', '2024-07-17 07:23:24'),
(301, 7, 80, 'h', '2024-07-17 07:23:29', '2024-07-17 07:23:29'),
(302, 3, 80, 'p', '2024-07-17 07:23:34', '2024-07-17 07:23:34'),
(303, 11, 80, 'p', '2024-07-17 07:23:37', '2024-07-17 07:23:37'),
(304, 2, 81, 'v', '2024-07-17 07:23:50', '2024-07-17 07:23:50'),
(305, 7, 81, 'h', '2024-07-17 07:23:55', '2024-07-17 07:23:55'),
(306, 3, 81, 'p', '2024-07-17 07:23:59', '2024-07-17 07:23:59'),
(307, 11, 81, 'p', '2024-07-17 07:24:03', '2024-07-17 07:24:03'),
(308, 2, 82, 'v', '2024-07-17 07:24:16', '2024-07-17 07:24:16'),
(309, 7, 82, 'h', '2024-07-17 07:24:19', '2024-07-17 07:24:19'),
(310, 3, 82, 'p', '2024-07-17 07:24:23', '2024-07-17 07:24:23'),
(311, 11, 82, 'p', '2024-07-17 07:24:27', '2024-07-17 07:24:27'),
(312, 2, 83, 'v', '2024-07-17 07:24:39', '2024-07-17 07:24:39'),
(313, 7, 83, 'h', '2024-07-17 07:24:43', '2024-07-17 07:24:43'),
(314, 3, 83, 'p', '2024-07-17 07:24:46', '2024-07-17 07:24:46'),
(315, 11, 83, 'p', '2024-07-17 07:24:50', '2024-07-17 07:24:50'),
(316, 2, 84, 'v', '2024-07-17 07:24:59', '2024-07-17 07:24:59'),
(317, 7, 84, 'h', '2024-07-17 07:25:04', '2024-07-17 07:25:04'),
(318, 3, 84, 'p', '2024-07-17 07:25:09', '2024-07-17 07:25:09'),
(319, 11, 84, 'p', '2024-07-17 07:25:13', '2024-07-17 07:25:13'),
(320, 2, 85, 'v', '2024-07-17 07:25:25', '2024-07-17 07:25:25'),
(321, 7, 85, 'h', '2024-07-17 07:25:28', '2024-07-17 07:25:28'),
(322, 3, 85, 'p', '2024-07-17 07:25:38', '2024-07-17 07:25:38'),
(323, 11, 85, 'p', '2024-07-17 07:25:41', '2024-07-17 07:25:41'),
(324, 2, 86, 'v', '2024-07-17 07:25:52', '2024-07-17 07:25:52'),
(325, 7, 86, 'h', '2024-07-17 07:25:56', '2024-07-17 07:25:56'),
(326, 3, 86, 'p', '2024-07-17 07:25:59', '2024-07-17 07:25:59'),
(327, 11, 86, 'p', '2024-07-17 07:26:02', '2024-07-17 07:26:02'),
(328, 2, 87, 'v', '2024-07-17 07:26:14', '2024-07-17 07:26:14'),
(329, 7, 87, 'h', '2024-07-17 07:26:17', '2024-07-17 07:26:17'),
(330, 3, 87, 'p', '2024-07-17 07:26:21', '2024-07-17 07:26:21'),
(331, 11, 87, 'p', '2024-07-17 07:26:24', '2024-07-17 07:26:24'),
(332, 2, 88, 'v', '2024-07-17 07:26:43', '2024-07-17 07:26:43'),
(333, 3, 88, 'v', '2024-07-17 07:26:47', '2024-07-17 07:26:47'),
(334, 7, 88, 'h', '2024-07-17 07:26:50', '2024-07-17 07:26:50'),
(335, 11, 88, 'p', '2024-07-17 07:26:53', '2024-07-17 07:26:53'),
(336, 23, 103, 'v', '2024-11-17 13:29:38', '2024-11-17 13:29:38'),
(337, 11, 103, 'h', '2024-11-17 13:29:43', '2024-11-17 13:29:43'),
(338, 18, 103, 'p', '2024-11-17 13:29:48', '2024-11-17 13:29:48'),
(339, 2, 103, 'p', '2024-11-17 13:29:51', '2024-11-17 13:29:51'),
(341, 16, 89, 'v', '2024-11-24 09:12:45', '2024-11-24 09:12:45'),
(342, 13, 89, 'v', '2024-11-24 09:12:48', '2024-11-24 09:12:48'),
(343, 16, 99, 'v', '2024-11-24 09:13:49', '2024-11-24 09:13:49'),
(344, 13, 99, 'v', '2024-11-24 09:13:52', '2024-11-24 09:13:52'),
(345, 16, 97, 'v', '2024-11-24 09:13:59', '2024-11-24 09:13:59'),
(346, 13, 97, 'v', '2024-11-24 09:14:02', '2024-11-24 09:14:02'),
(347, 16, 95, 'v', '2024-11-24 09:14:10', '2024-11-24 09:14:10'),
(348, 13, 95, 'v', '2024-11-24 09:14:13', '2024-11-24 09:14:13'),
(349, 16, 94, 'v', '2024-11-24 09:14:20', '2024-11-24 09:14:20'),
(350, 16, 92, 'v', '2024-11-24 09:14:29', '2024-11-24 09:14:29'),
(351, 13, 92, 'v', '2024-11-24 09:14:43', '2024-11-24 09:14:43'),
(352, 39, 104, 'v', '2024-11-24 12:21:38', '2024-11-24 12:21:38'),
(353, 5, 104, 'v', '2024-11-24 12:21:44', '2024-11-24 12:21:44'),
(354, 2, 104, 'h', '2024-11-24 12:21:48', '2024-11-24 12:21:48'),
(355, 9, 104, 'h', '2024-11-24 12:21:52', '2024-11-24 12:21:52'),
(356, 3, 104, 'h', '2024-11-24 12:21:59', '2024-11-24 12:21:59'),
(357, 35, 104, 'h', '2024-11-24 12:22:03', '2024-11-24 12:22:03'),
(359, 5, 105, 'v', '2024-11-24 12:23:31', '2024-11-24 12:23:31'),
(360, 3, 105, 'h', '2024-11-24 12:23:36', '2024-11-24 12:23:36'),
(361, 39, 105, 'h', '2024-11-24 12:23:41', '2024-11-24 12:23:41'),
(362, 35, 105, 'h', '2024-11-24 12:23:44', '2024-11-24 12:23:44'),
(363, 10, 105, 'p', '2024-11-24 12:23:53', '2024-11-24 12:23:53'),
(364, 11, 105, 'p', '2024-11-24 12:23:58', '2024-11-24 12:23:58'),
(365, 11, 106, 'v', '2024-11-24 12:24:59', '2024-11-24 12:24:59'),
(366, 14, 106, 'v', '2024-11-24 12:25:03', '2024-11-24 12:25:03'),
(367, 22, 106, 'v', '2024-11-24 12:25:08', '2024-11-24 12:25:08'),
(368, 4, 106, 'h', '2024-11-24 12:25:14', '2024-11-24 12:25:14'),
(369, 2, 106, 'h', '2024-11-24 12:25:18', '2024-11-24 12:25:18'),
(371, 3, 106, 'p', '2024-11-24 12:25:38', '2024-11-24 12:25:38'),
(372, 12, 106, 'p', '2024-11-24 12:25:42', '2024-11-24 12:25:42'),
(373, 35, 106, 'p', '2024-11-24 12:25:45', '2024-11-24 12:25:45'),
(374, 22, 107, 'v', '2024-11-24 12:27:13', '2024-11-24 12:27:13'),
(375, 16, 107, 'h', '2024-11-24 12:27:18', '2024-11-24 12:27:18'),
(376, 13, 107, 'h', '2024-11-24 12:27:21', '2024-11-24 12:27:21'),
(377, 2, 107, 'p', '2024-11-24 12:27:28', '2024-11-24 12:27:28'),
(378, 14, 107, 'p', '2024-11-24 12:27:34', '2024-11-24 12:27:34'),
(379, 7, 107, 'p', '2024-11-24 12:27:37', '2024-11-24 12:27:37'),
(380, 13, 108, 'v', '2024-11-24 12:28:31', '2024-11-24 12:28:31'),
(381, 3, 108, 'v', '2024-11-24 12:28:34', '2024-11-24 12:28:34'),
(382, 2, 108, 'h', '2024-11-24 12:28:41', '2024-11-24 12:28:41'),
(383, 5, 108, 'h', '2024-11-24 12:28:44', '2024-11-24 12:28:44'),
(384, 40, 108, 'p', '2024-11-24 12:29:08', '2024-11-24 12:29:08'),
(385, 13, 109, 'v', '2024-11-24 12:29:44', '2024-11-24 12:29:44'),
(386, 3, 109, 'v', '2024-11-24 12:29:47', '2024-11-24 12:29:47'),
(387, 2, 109, 'h', '2024-11-24 12:29:52', '2024-11-24 12:29:52'),
(388, 5, 109, 'h', '2024-11-24 12:29:56', '2024-11-24 12:29:56'),
(389, 40, 109, 'p', '2024-11-24 12:30:03', '2024-11-24 12:30:03'),
(390, 35, 110, 'v', '2024-11-24 12:30:39', '2024-11-24 12:30:39'),
(391, 5, 110, 'v', '2024-11-24 12:30:43', '2024-11-24 12:30:43'),
(392, 13, 110, 'h', '2024-11-24 12:30:53', '2024-11-24 12:30:53'),
(394, 3, 110, 'h', '2024-11-24 12:30:59', '2024-11-24 12:30:59'),
(395, 11, 110, 'h', '2024-11-24 12:31:09', '2024-11-24 12:31:09'),
(396, 14, 110, 'p', '2024-11-24 12:31:14', '2024-11-24 12:31:14'),
(397, 39, 110, 'p', '2024-11-24 12:31:18', '2024-11-24 12:31:18'),
(399, 17, 1, 'h', '2024-12-01 12:53:46', '2024-12-01 12:53:46'),
(400, 5, 46, 'h', '2024-12-01 14:38:43', '2024-12-01 14:38:43'),
(402, 7, 46, 'h', '2024-12-01 14:38:57', '2024-12-01 14:38:57'),
(404, 7, 106, 'h', '2024-12-01 14:43:33', '2024-12-01 14:43:33'),
(405, 5, 106, 'h', '2024-12-01 14:43:37', '2024-12-01 14:43:37'),
(406, 2, 110, 'h', '2024-12-15 19:09:37', '2024-12-15 19:09:37'),
(407, 9, 110, 'h', '2024-12-15 19:09:44', '2024-12-15 19:09:44'),
(408, 11, 104, 'p', '2024-12-15 19:13:27', '2024-12-15 19:13:27'),
(409, 15, 110, 'p', '2024-12-15 19:15:21', '2024-12-15 19:15:21'),
(410, 2, 2, 'h', '2024-12-16 08:55:57', '2024-12-16 08:55:57'),
(413, 7, 17, 'h', '2024-12-16 09:07:22', '2024-12-16 09:07:22'),
(414, 5, 17, 'h', '2024-12-16 09:07:30', '2024-12-16 09:07:30'),
(415, 19, 13, 'v', '2024-12-16 09:09:42', '2024-12-16 09:09:42'),
(417, 2, 7, 'h', '2024-12-16 18:01:08', '2024-12-16 18:01:08'),
(421, 23, 45, 'h', '2025-02-15 18:38:16', '2025-02-15 18:38:16'),
(426, 9, 2, 'h', '2025-02-22 19:20:03', '2025-02-22 19:20:03'),
(427, 16, 91, 'v', '2025-02-23 06:10:03', '2025-02-23 06:10:03'),
(428, 13, 91, 'v', '2025-02-23 06:10:07', '2025-02-23 06:10:07'),
(445, 13, 94, 'v', '2025-04-06 16:13:19', '2025-04-06 16:13:19'),
(448, 3, 47, 'h', '2025-04-08 06:09:23', '2025-04-08 06:09:23'),
(449, 11, 33, 'p', '2025-04-20 18:57:42', '2025-04-20 18:57:42'),
(450, 11, 40, 'h', '2025-05-09 05:13:12', '2025-05-09 05:13:12'),
(456, 3, 13, 'h', '2025-07-03 03:28:15', '2025-07-03 03:28:15'),
(461, 14, 13, 'h', '2025-07-09 17:06:03', '2025-07-09 17:06:03'),
(469, 14, 15, 'p', '2025-07-12 14:49:38', '2025-07-12 14:49:38'),
(477, 2, 131, 'v', '2025-07-21 12:18:12', '2025-07-21 12:18:12'),
(478, 11, 131, 'v', '2025-07-21 12:18:15', '2025-07-21 12:18:15'),
(480, 3, 131, 'p', '2025-07-21 12:18:39', '2025-07-21 12:18:39'),
(481, 23, 131, 'p', '2025-07-21 12:18:42', '2025-07-21 12:18:42'),
(482, 11, 132, 'v', '2025-07-21 12:19:06', '2025-07-21 12:19:06'),
(483, 5, 132, 'v', '2025-07-21 12:19:09', '2025-07-21 12:19:09'),
(484, 2, 132, 'h', '2025-07-21 12:19:14', '2025-07-21 12:19:14'),
(485, 23, 132, 'p', '2025-07-21 12:19:26', '2025-07-21 12:19:26'),
(486, 3, 132, 'p', '2025-07-21 12:19:30', '2025-07-21 12:19:30'),
(487, 11, 133, 'v', '2025-07-21 12:19:39', '2025-07-21 12:19:39'),
(488, 8, 133, 'v', '2025-07-21 12:19:43', '2025-07-21 12:19:43'),
(489, 2, 133, 'h', '2025-07-21 12:19:51', '2025-07-21 12:19:51'),
(490, 23, 133, 'p', '2025-07-21 12:19:56', '2025-07-21 12:19:56'),
(491, 3, 133, 'p', '2025-07-21 12:19:59', '2025-07-21 12:19:59'),
(492, 8, 131, 'v', '2025-07-21 12:20:11', '2025-07-21 12:20:11'),
(493, 3, 12, 'h', '2025-07-27 09:08:05', '2025-07-27 09:08:05'),
(496, 11, 60, 'h', '2025-07-27 16:13:28', '2025-07-27 16:13:28'),
(501, 5, 33, 'h', '2025-08-22 03:39:59', '2025-08-22 03:39:59'),
(502, 5, 10, 'h', '2025-08-22 03:40:22', '2025-08-22 03:40:22'),
(503, 5, 71, 'p', '2025-08-22 03:49:21', '2025-08-22 03:49:21'),
(504, 5, 68, 'p', '2025-08-22 03:49:29', '2025-08-22 03:49:29'),
(505, 4, 188, 'v', '2025-09-08 12:32:39', '2025-09-08 12:32:39'),
(506, 7, 188, 'h', '2025-09-08 12:32:45', '2025-09-08 12:32:45'),
(507, 3, 188, 'h', '2025-09-08 12:32:51', '2025-09-08 12:32:51'),
(508, 2, 188, 'p', '2025-09-08 12:32:56', '2025-09-08 12:32:56'),
(509, 4, 181, 'v', '2025-09-08 12:33:07', '2025-09-08 12:33:07'),
(510, 7, 181, 'h', '2025-09-08 12:33:13', '2025-09-08 12:33:13'),
(511, 3, 181, 'h', '2025-09-08 12:33:17', '2025-09-08 12:33:17'),
(512, 2, 181, 'p', '2025-09-08 12:33:23', '2025-09-08 12:33:23'),
(513, 2, 165, 'v', '2025-09-08 12:33:35', '2025-09-08 12:33:35'),
(514, 22, 165, 'v', '2025-09-08 12:33:39', '2025-09-08 12:33:39'),
(515, 3, 165, 'h', '2025-09-08 12:33:44', '2025-09-08 12:33:44'),
(516, 19, 165, 'h', '2025-09-08 12:33:52', '2025-09-08 12:33:52'),
(517, 14, 165, 'p', '2025-09-08 12:34:12', '2025-09-08 12:34:12'),
(518, 2, 152, 'v', '2025-09-08 12:34:23', '2025-09-08 12:34:23'),
(519, 3, 152, 'v', '2025-09-08 12:34:27', '2025-09-08 12:34:27'),
(520, 4, 152, 'h', '2025-09-08 12:34:33', '2025-09-08 12:34:33'),
(521, 17, 152, 'h', '2025-09-08 12:34:38', '2025-09-08 12:34:38'),
(522, 18, 152, 'h', '2025-09-08 12:34:42', '2025-09-08 12:34:42'),
(524, 14, 152, 'p', '2025-09-08 12:34:52', '2025-09-08 12:34:52'),
(525, 2, 151, 'v', '2025-09-08 12:35:26', '2025-09-08 12:35:26'),
(526, 3, 151, 'v', '2025-09-08 12:35:29', '2025-09-08 12:35:29'),
(527, 4, 151, 'h', '2025-09-08 12:35:44', '2025-09-08 12:35:44'),
(528, 17, 151, 'h', '2025-09-08 12:35:48', '2025-09-08 12:35:48'),
(529, 18, 151, 'h', '2025-09-08 12:35:53', '2025-09-08 12:35:53'),
(530, 14, 151, 'p', '2025-09-08 12:36:07', '2025-09-08 12:36:07'),
(531, 3, 128, 'v', '2025-09-08 12:36:22', '2025-09-08 12:36:22'),
(532, 2, 128, 'h', '2025-09-08 12:36:27', '2025-09-08 12:36:27'),
(533, 19, 128, 'h', '2025-09-08 12:36:40', '2025-09-08 12:36:40'),
(534, 14, 128, 'p', '2025-09-08 12:36:47', '2025-09-08 12:36:47'),
(538, 3, 196, 'v', '2025-09-20 09:19:46', '2025-09-20 09:19:46'),
(539, 5, 196, 'v', '2025-09-20 09:19:50', '2025-09-20 09:19:50'),
(540, 2, 196, 'h', '2025-09-20 09:19:54', '2025-09-20 09:19:54'),
(541, 9, 196, 'h', '2025-09-20 09:19:58', '2025-09-20 09:19:58'),
(542, 11, 196, 'p', '2025-09-20 09:20:04', '2025-09-20 09:20:04'),
(543, 17, 196, 'p', '2025-09-20 09:20:07', '2025-09-20 09:20:07'),
(544, 2, 162, 'v', '2025-09-20 09:56:57', '2025-09-20 09:56:57'),
(545, 17, 162, 'v', '2025-09-20 09:57:01', '2025-09-20 09:57:01'),
(546, 14, 162, 'h', '2025-09-20 09:57:06', '2025-09-20 09:57:06'),
(547, 18, 162, 'h', '2025-09-20 09:57:10', '2025-09-20 09:57:10'),
(548, 3, 162, 'h', '2025-09-20 09:57:14', '2025-09-20 09:57:14');

-- --------------------------------------------------------

--
-- Struktura tabeli dla tabeli `animal_genotype_category`
--

CREATE TABLE IF NOT EXISTS `animal_genotype_category` (
  `id` bigint UNSIGNED NOT NULL AUTO_INCREMENT,
  `name` varchar(255) COLLATE utf8mb4_unicode_ci NOT NULL,
  `gene_code` varchar(10) COLLATE utf8mb4_unicode_ci NOT NULL,
  `gene_type` varchar(2) COLLATE utf8mb4_unicode_ci NOT NULL,
  `created_at` timestamp NULL DEFAULT NULL,
  `updated_at` timestamp NULL DEFAULT NULL,
  PRIMARY KEY (`id`)
) ENGINE=InnoDB AUTO_INCREMENT=44 DEFAULT CHARSET=utf8mb4 COLLATE=utf8mb4_unicode_ci;

--
-- RELACJE DLA TABELI `animal_genotype_category`:
--

--
-- Dumping data for table `animal_genotype_category`
--

INSERT INTO `animal_genotype_category` (`id`, `name`, `gene_code`, `gene_type`, `created_at`, `updated_at`) VALUES
(2, 'Amel', 'am', 'r', NULL, NULL),
(3, 'Anery', 'an', 'r', NULL, NULL),
(4, 'Scaleless', 'sc', 'r', NULL, NULL),
(5, 'Stripe', 'st', 'r', NULL, NULL),
(7, 'Motley', 'mo', 'r', NULL, NULL),
(8, 'Motley/Stripe', 'ms', 'r', NULL, NULL),
(9, 'Ultra', 'ui', 'r', NULL, NULL),
(10, 'Amel/Ultra', 'au', 'r', NULL, NULL),
(11, 'Caramel', 'ca', 'r', NULL, NULL),
(12, 'Bloodred', 'bl', 'r', NULL, NULL),
(13, 'Sunkissed', 'su', 'r', NULL, NULL),
(14, 'Hypo', 'hy', 'r', NULL, NULL),
(15, 'Lava', 'lv', 'r', NULL, NULL),
(16, 'Cinder', 'ci', 'r', NULL, NULL),
(17, 'Diffused', 'di', 'r', NULL, NULL),
(18, 'Charcoal', 'ch', 'r', NULL, NULL),
(19, 'Okeetee', 'OK', 'd', NULL, NULL),
(21, 'Extreme Okeetee', 'eo', 'r', NULL, NULL),
(22, 'Tessera', 'TT', 'd', NULL, NULL),
(23, 'Palmetto', 'pa', 'r', NULL, NULL),
(35, 'Lavender', 'la', 'r', NULL, NULL),
(36, 'Redfactor', 're', 'r', NULL, NULL),
(37, 'Masque', 'ma', 'r', NULL, NULL),
(39, 'Dilute', 'dl', 'r', '2024-11-24 12:21:31', '2024-11-24 12:21:31'),
(40, 'Kastanie', 'ks', 'r', '2024-11-24 12:29:00', '2024-11-24 12:29:00');

-- --------------------------------------------------------

--
-- Struktura tabeli dla tabeli `animal_genotype_traits`
--

CREATE TABLE IF NOT EXISTS `animal_genotype_traits` (
  `id` bigint UNSIGNED NOT NULL AUTO_INCREMENT,
  `name` text COLLATE utf8mb4_unicode_ci NOT NULL,
  `number_of_traits` int NOT NULL,
  `created_at` timestamp NULL DEFAULT NULL,
  `updated_at` timestamp NULL DEFAULT NULL,
  PRIMARY KEY (`id`)
) ENGINE=InnoDB AUTO_INCREMENT=24 DEFAULT CHARSET=utf8mb4 COLLATE=utf8mb4_unicode_ci;

--
-- RELACJE DLA TABELI `animal_genotype_traits`:
--

--
-- Dumping data for table `animal_genotype_traits`
--

INSERT INTO `animal_genotype_traits` (`id`, `name`, `number_of_traits`, `created_at`, `updated_at`) VALUES
(1, 'Avalanche', 3, NULL, '2025-04-08 05:38:23'),
(2, 'Snow', 2, NULL, NULL),
(3, 'Butter', 2, NULL, NULL),
(4, 'Peppermint', 2, NULL, NULL),
(5, 'Blizzard', 2, NULL, NULL),
(6, 'Fire', 2, NULL, NULL),
(7, 'Ghost', 2, NULL, NULL),
(8, 'Granite', 2, NULL, NULL),
(9, 'Honey', 2, NULL, NULL),
(10, 'Orchid', 2, NULL, NULL),
(11, 'Shatter', 2, NULL, '2025-04-08 05:37:40'),
(12, 'Quartz', 4, NULL, NULL),
(14, 'Xanthic Snow', 3, '2025-04-08 06:03:13', '2025-04-08 06:03:22'),
(17, 'Blue', 2, '2025-04-08 06:44:19', '2025-04-08 06:44:28'),
(18, 'Eclipse', 3, '2025-04-08 07:07:46', '2025-04-08 07:07:58'),
(19, 'Moonstone', 2, '2025-04-08 15:27:14', '2025-04-08 15:27:20'),
(20, 'Whiteout', 3, '2025-07-03 03:33:26', '2025-07-03 03:33:37'),
(21, 'Pewter', 2, '2025-07-03 03:34:53', '2025-07-03 03:35:02'),
(22, 'Amber', 2, '2025-07-03 09:56:00', '2025-07-03 09:56:09'),
(23, 'Platinum', 3, '2025-07-27 15:21:57', '2025-07-27 15:22:13');

-- --------------------------------------------------------

--
-- Struktura tabeli dla tabeli `animal_genotype_traits_dictionary`
--

CREATE TABLE IF NOT EXISTS `animal_genotype_traits_dictionary` (
  `id` bigint UNSIGNED NOT NULL AUTO_INCREMENT,
  `trait_id` bigint UNSIGNED NOT NULL,
  `category_id` bigint UNSIGNED NOT NULL,
  `created_at` timestamp NULL DEFAULT NULL,
  `updated_at` timestamp NULL DEFAULT NULL,
  PRIMARY KEY (`id`),
  KEY `animal_genotype_traits_dictionary_trait_id_foreign` (`trait_id`),
  KEY `animal_genotype_traits_dictionary_category_id_foreign` (`category_id`)
) ENGINE=InnoDB AUTO_INCREMENT=57 DEFAULT CHARSET=utf8mb4 COLLATE=utf8mb4_unicode_ci;

--
-- RELACJE DLA TABELI `animal_genotype_traits_dictionary`:
--   `category_id`
--       `animal_genotype_category` -> `id`
--   `trait_id`
--       `animal_genotype_traits` -> `id`
--

--
-- Dumping data for table `animal_genotype_traits_dictionary`
--

INSERT INTO `animal_genotype_traits_dictionary` (`id`, `trait_id`, `category_id`, `created_at`, `updated_at`) VALUES
(1, 1, 2, NULL, NULL),
(2, 1, 3, NULL, NULL),
(3, 1, 17, NULL, NULL),
(4, 2, 2, NULL, NULL),
(5, 2, 3, NULL, NULL),
(6, 3, 2, NULL, NULL),
(7, 3, 11, NULL, NULL),
(8, 4, 2, NULL, NULL),
(9, 4, 16, NULL, NULL),
(10, 5, 2, NULL, NULL),
(11, 5, 18, NULL, NULL),
(12, 6, 2, NULL, NULL),
(13, 6, 17, NULL, NULL),
(14, 7, 3, NULL, NULL),
(15, 7, 14, NULL, NULL),
(16, 8, 3, NULL, NULL),
(17, 8, 17, NULL, NULL),
(18, 9, 11, NULL, NULL),
(19, 9, 13, NULL, NULL),
(20, 10, 35, NULL, NULL),
(21, 10, 13, NULL, NULL),
(22, 11, 16, NULL, NULL),
(23, 11, 13, NULL, NULL),
(24, 12, 2, NULL, NULL),
(25, 12, 3, NULL, NULL),
(26, 12, 18, NULL, NULL),
(27, 12, 17, NULL, NULL),
(33, 14, 2, '2025-04-08 06:03:17', '2025-04-08 06:03:17'),
(34, 14, 3, '2025-04-08 06:03:19', '2025-04-08 06:03:19'),
(35, 14, 11, '2025-04-08 06:03:22', '2025-04-08 06:03:22'),
(40, 17, 3, '2025-04-08 06:44:23', '2025-04-08 06:44:23'),
(41, 17, 39, '2025-04-08 06:44:28', '2025-04-08 06:44:28'),
(42, 18, 3, '2025-04-08 07:07:51', '2025-04-08 07:07:51'),
(43, 18, 35, '2025-04-08 07:07:54', '2025-04-08 07:07:54'),
(44, 18, 13, '2025-04-08 07:07:58', '2025-04-08 07:07:58'),
(45, 19, 3, '2025-04-08 15:27:17', '2025-04-08 15:27:17'),
(46, 19, 35, '2025-04-08 15:27:20', '2025-04-08 15:27:20'),
(47, 20, 2, '2025-07-03 03:33:30', '2025-07-03 03:33:30'),
(48, 20, 18, '2025-07-03 03:33:34', '2025-07-03 03:33:34'),
(49, 20, 17, '2025-07-03 03:33:37', '2025-07-03 03:33:37'),
(50, 21, 18, '2025-07-03 03:34:59', '2025-07-03 03:34:59'),
(51, 21, 17, '2025-07-03 03:35:02', '2025-07-03 03:35:02'),
(52, 22, 11, '2025-07-03 09:56:04', '2025-07-03 09:56:04'),
(53, 22, 14, '2025-07-03 09:56:09', '2025-07-03 09:56:09'),
(54, 23, 3, '2025-07-27 15:22:01', '2025-07-27 15:22:01'),
(55, 23, 18, '2025-07-27 15:22:06', '2025-07-27 15:22:06'),
(56, 23, 14, '2025-07-27 15:22:13', '2025-07-27 15:22:13');

-- --------------------------------------------------------

--
-- Struktura tabeli dla tabeli `animal_molts`
--

CREATE TABLE IF NOT EXISTS `animal_molts` (
  `id` bigint UNSIGNED NOT NULL AUTO_INCREMENT,
  `animal_id` bigint UNSIGNED NOT NULL,
  `created_at` timestamp NULL DEFAULT NULL,
  `updated_at` timestamp NULL DEFAULT NULL,
  PRIMARY KEY (`id`),
  KEY `animal_molts_animal_id_foreign` (`animal_id`)
) ENGINE=InnoDB AUTO_INCREMENT=646 DEFAULT CHARSET=utf8mb4 COLLATE=utf8mb4_unicode_ci;

--
-- RELACJE DLA TABELI `animal_molts`:
--   `animal_id`
--       `animals` -> `id`
--

--
-- Dumping data for table `animal_molts`
--

INSERT INTO `animal_molts` (`id`, `animal_id`, `created_at`, `updated_at`) VALUES
(1, 1, '2023-03-08 21:00:00', '2023-11-04 16:10:36'),
(2, 1, '2023-04-14 18:00:00', '2023-11-04 16:10:36'),
(3, 1, '2023-05-29 18:00:00', '2023-11-04 16:10:36'),
(4, 1, '2023-07-17 18:00:00', '2023-11-04 16:10:36'),
(5, 1, '2023-09-02 18:00:00', '2023-11-04 16:10:36'),
(6, 1, '2023-10-26 18:00:00', '2023-11-04 16:10:36'),
(7, 2, '2023-04-18 18:00:00', '2023-11-04 16:10:37'),
(8, 2, '2023-05-26 18:00:00', '2023-11-04 16:10:37'),
(9, 2, '2023-07-08 18:00:00', '2023-11-04 16:10:37'),
(10, 2, '2023-08-12 18:00:00', '2023-11-04 16:10:37'),
(11, 3, '2023-04-04 18:00:00', '2023-11-04 16:10:37'),
(12, 3, '2023-07-18 18:00:00', '2023-11-04 16:10:37'),
(13, 3, '2023-09-25 18:00:00', '2023-11-04 16:10:37'),
(14, 4, '2023-03-13 21:00:00', '2023-11-04 16:10:37'),
(15, 4, '2023-04-18 18:00:00', '2023-11-04 16:10:37'),
(16, 4, '2023-05-30 18:00:00', '2023-11-04 16:10:37'),
(17, 4, '2023-07-14 18:00:00', '2023-11-04 16:10:37'),
(18, 4, '2023-08-27 18:00:00', '2023-11-04 16:10:37'),
(19, 4, '2023-10-16 18:00:00', '2023-11-04 16:10:37'),
(20, 5, '2023-04-08 18:00:00', '2023-11-04 16:10:37'),
(21, 5, '2023-05-18 18:00:00', '2023-11-04 16:10:37'),
(22, 5, '2023-08-27 18:00:00', '2023-11-04 16:10:37'),
(23, 5, '2023-10-11 18:00:00', '2023-11-04 16:10:37'),
(24, 6, '2023-03-08 21:00:00', '2023-11-04 16:10:37'),
(25, 6, '2023-04-23 18:00:00', '2023-11-04 16:10:37'),
(26, 6, '2023-07-02 18:00:00', '2023-11-04 16:10:37'),
(27, 6, '2023-08-11 18:00:00', '2023-11-04 16:10:37'),
(28, 6, '2023-09-23 18:00:00', '2023-11-04 16:10:37'),
(29, 6, '2023-10-28 18:00:00', '2023-11-04 16:10:37'),
(30, 7, '2023-04-01 18:00:00', '2023-11-04 16:10:37'),
(31, 7, '2023-05-13 18:00:00', '2023-11-04 16:10:37'),
(32, 7, '2023-07-08 18:00:00', '2023-11-04 16:10:37'),
(33, 7, '2023-08-18 18:00:00', '2023-11-04 16:10:37'),
(34, 7, '2023-09-30 18:00:00', '2023-11-04 16:10:37'),
(35, 8, '2023-03-24 21:00:00', '2023-11-04 16:10:37'),
(36, 8, '2023-05-11 18:00:00', '2023-11-04 16:10:37'),
(37, 8, '2023-06-24 18:00:00', '2023-11-04 16:10:37'),
(38, 8, '2023-08-31 18:00:00', '2023-11-04 16:10:37'),
(39, 8, '2023-10-20 18:00:00', '2023-11-04 16:10:37'),
(40, 9, '2023-03-27 18:00:00', '2023-11-04 16:10:37'),
(41, 9, '2023-05-02 18:00:00', '2023-11-04 16:10:37'),
(42, 9, '2023-07-21 18:00:00', '2023-11-04 16:10:37'),
(43, 9, '2023-08-31 18:00:00', '2023-11-04 16:10:37'),
(44, 9, '2023-09-19 18:00:00', '2023-11-04 16:10:37'),
(45, 10, '2023-03-18 21:00:00', '2023-11-04 16:10:37'),
(46, 10, '2023-04-04 18:00:00', '2023-11-04 16:10:37'),
(47, 10, '2023-05-03 18:00:00', '2023-11-04 16:10:37'),
(48, 10, '2023-05-22 18:00:00', '2023-11-04 16:10:37'),
(49, 10, '2023-07-22 18:00:00', '2023-11-04 16:10:37'),
(50, 10, '2023-08-30 18:00:00', '2023-11-04 16:10:37'),
(51, 10, '2023-10-22 18:00:00', '2023-11-04 16:10:37'),
(52, 11, '2023-04-06 18:00:00', '2023-11-04 16:10:37'),
(53, 11, '2023-05-16 18:00:00', '2023-11-04 16:10:37'),
(54, 11, '2023-08-03 18:00:00', '2023-11-04 16:10:37'),
(55, 11, '2023-09-19 18:00:00', '2023-11-04 16:10:37'),
(56, 12, '2023-04-04 18:00:00', '2023-11-04 16:10:37'),
(57, 12, '2023-05-22 18:00:00', '2023-11-04 16:10:37'),
(58, 12, '2023-07-02 18:00:00', '2023-11-04 16:10:37'),
(59, 12, '2023-08-10 18:00:00', '2023-11-04 16:10:37'),
(60, 12, '2023-09-11 18:00:00', '2023-11-04 16:10:37'),
(61, 12, '2023-10-26 18:00:00', '2023-11-04 16:10:37'),
(62, 13, '2023-03-12 21:00:00', '2023-11-04 16:10:37'),
(63, 13, '2023-04-19 18:00:00', '2023-11-04 16:10:37'),
(64, 13, '2023-05-29 18:00:00', '2023-11-04 16:10:37'),
(65, 13, '2023-07-20 18:00:00', '2023-11-04 16:10:37'),
(66, 13, '2023-09-01 18:00:00', '2023-11-04 16:10:37'),
(67, 14, '2023-04-01 18:00:00', '2023-11-04 16:10:37'),
(68, 14, '2023-05-19 18:00:00', '2023-11-04 16:10:37'),
(69, 14, '2023-07-09 18:00:00', '2023-11-04 16:10:37'),
(70, 14, '2023-08-29 18:00:00', '2023-11-04 16:10:37'),
(71, 14, '2023-10-03 18:00:00', '2023-11-04 16:10:37'),
(72, 15, '2023-04-07 18:00:00', '2023-11-04 16:10:37'),
(73, 15, '2023-07-17 18:00:00', '2023-11-04 16:10:37'),
(74, 15, '2023-09-08 18:00:00', '2023-11-04 16:10:37'),
(75, 16, '2023-04-30 18:00:00', '2023-11-04 16:10:37'),
(76, 16, '2023-05-30 18:00:00', '2023-11-04 16:10:37'),
(77, 16, '2023-09-06 18:00:00', '2023-11-04 16:10:37'),
(78, 17, '2023-03-05 21:00:00', '2023-11-04 16:10:37'),
(79, 17, '2023-04-13 18:00:00', '2023-11-04 16:10:37'),
(80, 17, '2023-07-01 18:00:00', '2023-11-04 16:10:37'),
(81, 17, '2023-08-11 18:00:00', '2023-11-04 16:10:37'),
(82, 17, '2023-09-11 18:00:00', '2023-11-04 16:10:37'),
(83, 17, '2023-10-20 18:00:00', '2023-11-04 16:10:37'),
(84, 18, '2023-06-10 18:00:00', '2023-11-04 16:10:37'),
(85, 18, '2023-07-28 18:00:00', '2023-11-04 16:10:37'),
(86, 19, '2023-06-08 18:00:00', '2023-11-04 16:10:37'),
(87, 20, '2023-06-15 18:00:00', '2023-11-04 16:10:37'),
(88, 21, '2023-06-08 18:00:00', '2023-11-04 16:10:37'),
(89, 22, '2023-06-08 18:00:00', '2023-11-04 16:10:37'),
(90, 23, '2023-06-10 18:00:00', '2023-11-04 16:10:37'),
(91, 23, '2023-07-14 18:00:00', '2023-11-04 16:10:37'),
(92, 24, '2023-06-10 18:00:00', '2023-11-04 16:10:37'),
(93, 24, '2023-07-16 18:00:00', '2023-11-04 16:10:37'),
(94, 25, '2023-06-15 18:00:00', '2023-11-04 16:10:37'),
(95, 25, '2023-07-22 18:00:00', '2023-11-04 16:10:37'),
(96, 26, '2023-06-15 18:00:00', '2023-11-04 16:10:37'),
(97, 26, '2023-07-18 18:00:00', '2023-11-04 16:10:37'),
(98, 27, '2023-06-10 18:00:00', '2023-11-04 16:10:37'),
(99, 27, '2023-07-22 18:00:00', '2023-11-04 16:10:37'),
(100, 28, '2023-06-08 18:00:00', '2023-11-04 16:10:37'),
(101, 28, '2023-07-23 18:00:00', '2023-11-04 16:10:37'),
(102, 29, '2023-06-08 18:00:00', '2023-11-04 16:10:37'),
(103, 29, '2023-07-21 18:00:00', '2023-11-04 16:10:37'),
(104, 30, '2023-06-10 18:00:00', '2023-11-04 16:10:37'),
(105, 30, '2023-07-24 18:00:00', '2023-11-04 16:10:37'),
(106, 31, '2023-07-25 18:00:00', '2023-11-04 16:10:37'),
(107, 32, '2023-07-23 18:00:00', '2023-11-04 16:10:37'),
(108, 32, '2023-09-02 18:00:00', '2023-11-04 16:10:37'),
(109, 33, '2023-07-23 18:00:00', '2023-11-04 16:10:37'),
(110, 33, '2023-08-27 18:00:00', '2023-11-04 16:10:37'),
(111, 33, '2023-10-22 18:00:00', '2023-11-04 16:10:37'),
(112, 34, '2023-07-23 18:00:00', '2023-11-04 16:10:37'),
(113, 35, '2023-07-26 18:00:00', '2023-11-04 16:10:38'),
(114, 36, '2023-07-26 18:00:00', '2023-11-04 16:10:38'),
(115, 36, '2023-08-22 18:00:00', '2023-11-04 16:10:38'),
(116, 37, '2023-08-29 18:00:00', '2023-11-04 16:10:38'),
(117, 37, '2023-10-16 18:00:00', '2023-11-04 16:10:38'),
(118, 38, '2023-10-28 18:00:00', '2023-11-04 16:10:38'),
(119, 39, '2023-09-01 18:00:00', '2023-11-04 16:10:38'),
(120, 39, '2023-10-11 18:00:00', '2023-11-04 16:10:38'),
(121, 40, '2023-08-10 18:00:00', '2023-11-04 16:10:38'),
(122, 40, '2023-10-11 18:00:00', '2023-11-04 16:10:38'),
(123, 41, '2023-08-15 18:00:00', '2023-11-04 16:10:38'),
(124, 42, '2023-09-27 18:00:00', '2023-11-04 16:10:38'),
(125, 43, '2023-09-30 18:00:00', '2023-11-04 16:10:38'),
(126, 44, '2023-09-23 18:00:00', '2023-11-04 16:10:38'),
(127, 44, '2023-10-29 21:00:00', '2023-11-04 16:10:38'),
(128, 46, '2023-10-11 18:00:00', '2023-11-04 16:10:38'),
(129, 47, '2023-10-16 18:00:00', '2023-11-04 16:10:38'),
(130, 2, '2023-11-04 21:00:00', '2023-11-05 16:21:02'),
(131, 3, '2023-11-04 21:00:00', '2023-11-05 16:21:10'),
(132, 15, '2023-11-04 21:00:00', '2023-11-05 16:21:17'),
(133, 11, '2023-11-09 21:00:00', '2023-11-10 05:31:10'),
(134, 5, '2023-11-13 21:00:00', '2023-11-14 16:39:17'),
(135, 40, '2023-11-13 21:00:00', '2023-11-14 16:39:42'),
(136, 4, '2023-11-19 21:00:00', '2023-11-20 05:13:52'),
(137, 13, '2023-11-19 21:00:00', '2023-11-20 05:14:44'),
(138, 47, '2023-11-24 21:00:00', '2023-11-25 16:07:56'),
(139, 46, '2023-11-24 21:00:00', '2023-11-25 16:07:58'),
(140, 8, '2023-11-26 21:00:00', '2023-11-27 16:09:25'),
(141, 45, '2023-12-05 21:00:00', '2023-12-06 03:51:51'),
(142, 44, '2023-12-05 21:00:00', '2023-12-06 03:51:54'),
(143, 45, '2023-11-03 21:00:00', '2023-12-06 03:52:04'),
(144, 1, '2023-12-14 21:00:00', '2023-12-15 15:35:02'),
(145, 4, '2023-12-14 21:00:00', '2023-12-15 15:35:36'),
(146, 7, '2023-12-14 21:00:00', '2023-12-15 15:35:50'),
(147, 12, '2023-12-14 21:00:00', '2023-12-15 15:36:49'),
(148, 38, '2023-12-14 21:00:00', '2023-12-15 15:37:41'),
(149, 17, '2023-12-14 21:00:00', '2023-12-15 15:37:57'),
(150, 39, '2023-12-14 21:00:00', '2023-12-15 15:38:24'),
(151, 3, '2023-12-20 21:00:00', '2023-12-21 16:52:29'),
(152, 40, '2023-12-20 21:00:00', '2023-12-21 16:52:31'),
(153, 46, '2023-12-26 21:00:00', '2023-12-27 17:32:15'),
(154, 37, '2023-12-28 21:00:00', '2023-12-29 15:57:19'),
(156, 16, '2023-12-28 21:00:00', '2023-12-29 15:57:43'),
(157, 47, '2023-12-31 21:00:00', '2024-01-01 16:14:51'),
(158, 14, '2023-12-31 21:00:00', '2024-01-01 16:25:47'),
(159, 37, '2023-12-31 21:00:00', '2024-01-01 16:27:21'),
(160, 15, '2023-12-31 21:00:00', '2024-01-01 16:27:35'),
(161, 4, '2024-01-11 21:00:00', '2024-01-12 04:07:12'),
(163, 33, '2024-01-12 17:33:05', '2024-01-12 17:33:05'),
(164, 45, '2024-01-18 04:49:34', '2024-01-18 04:49:34'),
(165, 2, '2024-01-21 13:54:12', '2024-01-21 13:54:12'),
(166, 40, '2024-01-26 21:00:00', '2024-01-27 06:07:52'),
(167, 5, '2024-01-29 16:00:27', '2024-01-29 16:00:27'),
(168, 1, '2024-02-07 08:58:23', '2024-02-07 08:58:23'),
(169, 6, '2024-02-07 09:01:45', '2024-02-07 09:01:45'),
(170, 17, '2024-02-07 09:04:19', '2024-02-07 09:04:19'),
(171, 33, '2024-02-07 22:00:00', '2024-02-08 17:10:14'),
(172, 12, '2024-02-18 15:48:31', '2024-02-18 15:48:31'),
(173, 39, '2024-02-21 22:00:00', '2024-02-22 14:09:58'),
(174, 47, '2024-02-24 16:52:55', '2024-02-24 16:52:55'),
(175, 38, '2024-02-29 22:00:00', '2024-03-01 08:26:02'),
(176, 14, '2024-02-29 22:00:00', '2024-03-01 08:26:08'),
(177, 45, '2024-03-01 16:00:02', '2024-03-01 16:00:02'),
(178, 7, '2024-03-03 22:00:00', '2024-03-04 05:27:20'),
(179, 43, '2024-03-10 23:00:00', '2024-03-11 19:36:00'),
(180, 33, '2024-03-15 23:00:00', '2024-03-16 09:26:58'),
(181, 4, '2024-03-15 23:00:00', '2024-03-16 09:28:41'),
(182, 40, '2024-03-16 18:36:04', '2024-03-16 18:36:04'),
(183, 9, '2024-03-19 23:00:00', '2024-03-20 09:28:19'),
(184, 16, '2024-03-19 23:00:00', '2024-03-20 09:28:22'),
(185, 8, '2024-03-23 18:14:19', '2024-03-23 18:14:19'),
(186, 2, '2024-03-26 17:13:22', '2024-03-26 17:13:22'),
(187, 46, '2024-03-26 17:17:50', '2024-03-26 17:17:50'),
(188, 3, '2024-04-02 15:28:40', '2024-04-02 15:28:40'),
(189, 5, '2024-04-02 15:29:06', '2024-04-02 15:29:06'),
(190, 6, '2024-04-02 15:30:00', '2024-04-02 15:30:00'),
(191, 15, '2024-04-02 22:00:00', '2024-04-05 03:13:01'),
(192, 1, '2024-04-05 16:11:38', '2024-04-05 16:11:38'),
(193, 17, '2024-04-05 16:15:37', '2024-04-05 16:15:37'),
(194, 38, '2024-04-07 22:00:00', '2024-04-08 02:56:24'),
(195, 10, '2024-04-07 22:00:00', '2024-04-08 02:56:27'),
(196, 47, '2024-04-15 22:00:00', '2024-04-16 15:48:15'),
(197, 12, '2024-04-15 22:00:00', '2024-04-16 15:48:18'),
(198, 10, '2024-04-24 22:00:00', '2024-04-25 16:09:28'),
(199, 15, '2024-04-24 22:00:00', '2024-04-25 16:09:30'),
(200, 33, '2024-04-24 22:00:00', '2024-04-25 16:09:33'),
(201, 40, '2024-04-30 22:00:00', '2024-05-01 13:13:40'),
(202, 13, '2024-04-30 22:00:00', '2024-05-01 13:13:42'),
(203, 43, '2024-05-01 22:00:00', '2024-05-02 03:32:21'),
(204, 9, '2024-05-07 22:00:00', '2024-05-08 04:32:49'),
(205, 39, '2024-05-08 22:00:00', '2024-05-09 14:16:34'),
(206, 16, '2024-05-09 22:00:00', '2024-05-10 09:50:05'),
(209, 4, '2024-05-18 22:00:00', '2024-05-19 11:12:23'),
(210, 6, '2024-05-18 22:00:00', '2024-05-19 11:12:51'),
(211, 43, '2024-05-18 22:00:00', '2024-05-19 11:13:27'),
(212, 2, '2024-05-18 22:00:00', '2024-05-19 11:14:23'),
(213, 7, '2024-05-18 22:00:00', '2024-05-19 11:15:40'),
(214, 38, '2024-05-18 22:00:00', '2024-05-23 09:48:29'),
(215, 4, '2024-05-23 22:00:00', '2024-05-24 13:42:52'),
(216, 8, '2024-05-28 22:00:00', '2024-05-29 16:09:36'),
(217, 9, '2024-05-28 22:00:00', '2024-05-29 16:09:45'),
(218, 12, '2024-05-28 22:00:00', '2024-05-29 16:09:55'),
(219, 10, '2024-05-31 22:00:00', '2024-06-03 16:36:40'),
(220, 12, '2024-05-31 22:00:00', '2024-06-03 16:36:45'),
(221, 47, '2024-06-08 22:00:00', '2024-06-09 13:55:44'),
(222, 46, '2024-06-08 22:00:00', '2024-06-09 13:55:47'),
(223, 45, '2024-06-08 22:00:00', '2024-06-09 13:55:50'),
(224, 38, '2024-06-13 22:00:00', '2024-06-14 15:54:32'),
(225, 37, '2024-06-13 22:00:00', '2024-06-14 15:54:35'),
(226, 14, '2024-06-13 22:00:00', '2024-06-14 15:54:38'),
(227, 13, '2024-06-18 22:00:00', '2024-06-19 14:30:21'),
(228, 54, '2024-06-22 22:00:00', '2024-06-23 15:23:43'),
(229, 51, '2024-06-22 22:00:00', '2024-06-23 15:27:22'),
(230, 48, '2024-06-24 22:00:00', '2024-06-25 07:19:58'),
(231, 49, '2024-06-24 22:00:00', '2024-06-25 07:20:05'),
(232, 50, '2024-06-24 22:00:00', '2024-06-25 07:20:11'),
(233, 52, '2024-06-24 22:00:00', '2024-06-25 07:20:22'),
(234, 53, '2024-06-24 22:00:00', '2024-06-25 07:20:27'),
(235, 55, '2024-06-24 22:00:00', '2024-06-25 07:20:38'),
(236, 56, '2024-06-24 22:00:00', '2024-06-25 07:20:44'),
(237, 57, '2024-06-24 22:00:00', '2024-06-25 07:20:55'),
(238, 58, '2024-06-24 22:00:00', '2024-06-25 07:21:03'),
(239, 59, '2024-06-24 22:00:00', '2024-06-25 07:21:09'),
(240, 60, '2024-06-24 22:00:00', '2024-06-25 07:21:17'),
(241, 61, '2024-06-24 22:00:00', '2024-06-25 07:21:22'),
(242, 62, '2024-06-24 22:00:00', '2024-06-25 07:21:26'),
(243, 63, '2024-06-29 22:00:00', '2024-06-30 17:17:27'),
(244, 64, '2024-06-29 22:00:00', '2024-06-30 17:17:31'),
(245, 65, '2024-06-29 22:00:00', '2024-06-30 17:17:33'),
(246, 66, '2024-06-29 22:00:00', '2024-06-30 17:17:34'),
(247, 67, '2024-06-29 22:00:00', '2024-06-30 17:17:36'),
(248, 68, '2024-06-29 22:00:00', '2024-06-30 17:17:38'),
(249, 69, '2024-06-29 22:00:00', '2024-06-30 17:17:40'),
(250, 70, '2024-06-29 22:00:00', '2024-06-30 17:17:41'),
(252, 71, '2024-06-29 22:00:00', '2024-06-30 17:17:48'),
(253, 72, '2024-06-29 22:00:00', '2024-06-30 17:17:49'),
(254, 73, '2024-06-29 22:00:00', '2024-06-30 17:17:51'),
(255, 74, '2024-06-29 22:00:00', '2024-06-30 17:17:53'),
(256, 75, '2024-06-29 22:00:00', '2024-06-30 17:17:54'),
(257, 76, '2024-06-29 22:00:00', '2024-06-30 17:17:56'),
(258, 77, '2024-06-29 22:00:00', '2024-06-30 17:17:58'),
(259, 7, '2024-06-29 22:00:00', '2024-06-30 17:19:03'),
(260, 15, '2024-06-29 22:00:00', '2024-06-30 17:19:06'),
(261, 16, '2024-06-29 22:00:00', '2024-06-30 17:19:08'),
(262, 12, '2024-07-09 22:00:00', '2024-07-10 15:04:13'),
(263, 2, '2024-07-14 22:00:00', '2024-07-15 16:38:08'),
(264, 4, '2024-07-14 22:00:00', '2024-07-15 16:38:11'),
(265, 6, '2024-07-14 22:00:00', '2024-07-15 16:38:14'),
(266, 33, '2024-07-19 22:00:00', '2024-07-20 09:42:30'),
(267, 5, '2024-07-19 22:00:00', '2024-07-20 09:42:34'),
(268, 7, '2024-07-21 22:00:00', '2024-07-22 15:42:21'),
(269, 16, '2024-07-21 22:00:00', '2024-07-22 15:42:24'),
(270, 43, '2024-07-21 22:00:00', '2024-07-22 15:42:27'),
(271, 47, '2024-07-21 22:00:00', '2024-07-22 15:48:30'),
(272, 45, '2024-07-21 22:00:00', '2024-07-22 15:48:40'),
(273, 79, '2024-07-25 17:57:21', '2024-07-25 17:57:21'),
(274, 80, '2024-07-25 17:57:23', '2024-07-25 17:57:23'),
(275, 81, '2024-07-25 17:57:25', '2024-07-25 17:57:25'),
(276, 82, '2024-07-25 17:57:27', '2024-07-25 17:57:27'),
(277, 83, '2024-07-25 17:57:29', '2024-07-25 17:57:29'),
(278, 84, '2024-07-25 17:57:31', '2024-07-25 17:57:31'),
(279, 85, '2024-07-25 17:57:32', '2024-07-25 17:57:32'),
(280, 86, '2024-07-25 17:57:34', '2024-07-25 17:57:34'),
(281, 87, '2024-07-25 17:57:36', '2024-07-25 17:57:36'),
(282, 88, '2024-07-25 17:57:39', '2024-07-25 17:57:39'),
(283, 52, '2024-07-25 22:00:00', '2024-07-26 16:01:24'),
(284, 54, '2024-07-25 22:00:00', '2024-07-26 16:01:28'),
(285, 57, '2024-07-25 22:00:00', '2024-07-26 16:01:31'),
(286, 51, '2024-08-03 22:00:00', '2024-08-04 11:25:10'),
(287, 50, '2024-08-03 22:00:00', '2024-08-04 14:50:34'),
(288, 65, '2024-08-03 22:00:00', '2024-08-04 14:50:39'),
(289, 66, '2024-08-03 22:00:00', '2024-08-04 14:50:43'),
(290, 68, '2024-08-03 22:00:00', '2024-08-04 14:50:48'),
(291, 71, '2024-08-03 22:00:00', '2024-08-04 14:50:52'),
(292, 73, '2024-08-03 22:00:00', '2024-08-04 14:50:57'),
(293, 3, '2024-08-05 22:00:00', '2024-08-06 16:06:50'),
(294, 6, '2024-08-05 22:00:00', '2024-08-06 16:07:11'),
(295, 13, '2024-08-05 22:00:00', '2024-08-06 16:07:22'),
(296, 14, '2024-08-05 22:00:00', '2024-08-06 16:07:30'),
(297, 38, '2024-08-05 22:00:00', '2024-08-06 16:07:47'),
(298, 46, '2024-08-05 22:00:00', '2024-08-06 16:07:52'),
(299, 69, '2024-08-07 22:00:00', '2024-08-08 14:58:08'),
(300, 76, '2024-08-10 22:00:00', '2024-08-11 09:09:01'),
(301, 70, '2024-08-10 22:00:00', '2024-08-11 13:21:07'),
(302, 60, '2024-08-10 22:00:00', '2024-08-11 13:34:07'),
(303, 15, '2024-08-10 22:00:00', '2024-08-11 15:08:17'),
(304, 1, '2024-08-10 22:00:00', '2024-08-11 15:08:31'),
(305, 90, '2024-08-10 22:00:00', '2024-08-11 15:28:49'),
(306, 64, '2024-08-14 22:00:00', '2024-08-15 05:10:33'),
(307, 2, '2024-08-15 22:00:00', '2024-08-16 16:25:34'),
(308, 89, '2024-08-17 04:39:32', '2024-08-17 04:39:32'),
(309, 91, '2024-08-17 04:39:35', '2024-08-17 04:39:35'),
(310, 92, '2024-08-17 04:39:36', '2024-08-17 04:39:36'),
(311, 93, '2024-08-17 04:39:38', '2024-08-17 04:39:38'),
(312, 94, '2024-08-17 04:39:39', '2024-08-17 04:39:39'),
(313, 95, '2024-08-17 04:39:40', '2024-08-17 04:39:40'),
(314, 96, '2024-08-17 04:39:42', '2024-08-17 04:39:42'),
(315, 97, '2024-08-17 04:39:43', '2024-08-17 04:39:43'),
(316, 98, '2024-08-17 04:39:44', '2024-08-17 04:39:44'),
(317, 99, '2024-08-17 04:39:45', '2024-08-17 04:39:45'),
(318, 100, '2024-08-17 04:39:48', '2024-08-17 04:39:48'),
(319, 101, '2024-08-17 04:39:50', '2024-08-17 04:39:50'),
(320, 102, '2024-08-17 04:39:52', '2024-08-17 04:39:52'),
(321, 12, '2024-08-25 22:00:00', '2024-08-26 16:08:23'),
(322, 39, '2024-08-25 22:00:00', '2024-08-26 16:08:27'),
(323, 45, '2024-08-27 22:00:00', '2024-08-28 15:57:22'),
(325, 77, '2024-08-29 22:00:00', '2024-08-31 15:17:45'),
(326, 50, '2024-09-06 22:00:00', '2024-09-07 15:02:51'),
(327, 52, '2024-09-06 22:00:00', '2024-09-07 15:06:01'),
(328, 53, '2024-09-06 22:00:00', '2024-09-07 15:08:23'),
(329, 54, '2024-09-06 22:00:00', '2024-09-07 15:09:47'),
(330, 56, '2024-09-06 22:00:00', '2024-09-07 15:14:34'),
(331, 65, '2024-09-06 22:00:00', '2024-09-07 15:15:51'),
(332, 70, '2024-09-06 22:00:00', '2024-09-07 15:17:53'),
(333, 79, '2024-09-06 22:00:00', '2024-09-07 15:19:41'),
(334, 80, '2024-09-06 22:00:00', '2024-09-07 15:22:34'),
(335, 82, '2024-09-06 22:00:00', '2024-09-07 15:26:16'),
(336, 83, '2024-09-06 22:00:00', '2024-09-07 15:28:49'),
(337, 86, '2024-09-06 22:00:00', '2024-09-07 15:34:23'),
(338, 87, '2024-09-06 22:00:00', '2024-09-07 15:36:39'),
(339, 88, '2024-09-06 22:00:00', '2024-09-07 15:38:46'),
(340, 13, '2024-09-11 22:00:00', '2024-09-12 17:17:31'),
(341, 3, '2024-09-11 22:00:00', '2024-09-12 17:17:47'),
(342, 7, '2024-09-11 22:00:00', '2024-09-12 17:17:56'),
(343, 33, '2024-09-11 22:00:00', '2024-09-12 17:18:06'),
(344, 15, '2024-09-25 22:00:00', '2024-09-26 07:33:00'),
(345, 1, '2024-09-25 22:00:00', '2024-09-26 07:33:04'),
(346, 40, '2024-09-25 22:00:00', '2024-09-26 07:33:07'),
(347, 12, '2024-09-25 22:00:00', '2024-09-26 07:33:11'),
(348, 14, '2024-09-25 22:00:00', '2024-09-26 07:33:15'),
(349, 43, '2024-09-25 22:00:00', '2024-09-26 07:33:17'),
(350, 9, '2024-09-25 22:00:00', '2024-09-26 07:33:20'),
(351, 91, '2024-09-28 22:00:00', '2024-09-29 14:04:42'),
(352, 69, '2024-09-28 22:00:00', '2024-09-29 14:05:00'),
(353, 60, '2024-09-28 22:00:00', '2024-09-29 14:05:12'),
(354, 57, '2024-09-28 22:00:00', '2024-09-29 14:05:18'),
(355, 89, '2024-09-28 22:00:00', '2024-09-29 14:05:23'),
(356, 95, '2024-09-28 22:00:00', '2024-09-29 14:05:27'),
(357, 97, '2024-09-28 22:00:00', '2024-09-29 14:05:34'),
(358, 98, '2024-09-28 22:00:00', '2024-09-29 14:05:38'),
(359, 92, '2024-09-28 22:00:00', '2024-09-29 14:05:44'),
(360, 81, '2024-09-28 22:00:00', '2024-09-29 14:06:09'),
(361, 86, '2024-09-28 22:00:00', '2024-09-29 14:06:19'),
(362, 45, '2024-10-01 22:00:00', '2024-10-02 16:15:42'),
(363, 57, '2024-11-18 23:00:00', '2024-11-19 17:22:38'),
(364, 1, '2025-02-28 23:00:00', '2025-04-07 04:34:44'),
(365, 11, '2025-02-25 23:00:00', '2025-04-07 04:35:06'),
(366, 10, '2025-04-13 22:00:00', '2025-04-14 15:51:03'),
(367, 39, '2025-04-14 22:00:00', '2025-04-15 16:37:48'),
(368, 15, '2025-04-15 22:00:00', '2025-04-16 16:28:22'),
(369, 12, '2025-04-20 22:00:00', '2025-04-21 07:38:04'),
(370, 14, '2025-04-25 22:00:00', '2025-04-26 19:23:35'),
(371, 16, '2025-05-05 22:00:00', '2025-05-06 02:39:36'),
(372, 9, '2025-05-06 22:00:00', '2025-05-07 12:50:07'),
(373, 6, '2025-05-10 22:00:00', '2025-05-11 04:33:23'),
(375, 43, '2025-05-21 22:00:00', '2025-05-22 15:11:04'),
(376, 39, '2025-05-18 22:00:00', '2025-05-22 15:12:24'),
(377, 11, '2025-06-01 22:00:00', '2025-06-02 02:43:16'),
(380, 33, '2025-06-01 22:00:00', '2025-06-02 14:52:23'),
(381, 38, '2025-06-10 22:00:00', '2025-06-11 02:46:47'),
(382, 39, '2025-06-25 22:00:00', '2025-06-26 13:24:22'),
(383, 114, '2025-07-07 22:00:00', '2025-07-08 17:16:36'),
(384, 111, '2025-07-09 22:00:00', '2025-07-10 14:35:10'),
(385, 112, '2025-07-09 22:00:00', '2025-07-10 14:37:58'),
(386, 113, '2025-07-09 22:00:00', '2025-07-10 14:39:56'),
(387, 115, '2025-07-09 22:00:00', '2025-07-10 14:44:14'),
(388, 116, '2025-07-09 22:00:00', '2025-07-10 14:46:14'),
(389, 117, '2025-07-09 22:00:00', '2025-07-10 14:48:32'),
(392, 120, '2025-07-09 22:00:00', '2025-07-10 14:52:55'),
(393, 119, '2025-07-09 22:00:00', '2025-07-10 14:53:16'),
(394, 121, '2025-07-09 22:00:00', '2025-07-10 14:54:43'),
(395, 122, '2025-07-09 22:00:00', '2025-07-10 14:55:58'),
(396, 123, '2025-07-09 22:00:00', '2025-07-10 14:57:29'),
(397, 128, '2025-07-09 22:00:00', '2025-07-10 14:59:52'),
(398, 118, '2025-07-11 22:00:00', '2025-07-12 13:36:12'),
(399, 124, '2025-07-11 22:00:00', '2025-07-12 13:38:26'),
(400, 125, '2025-07-11 22:00:00', '2025-07-12 13:39:56'),
(401, 126, '2025-07-11 22:00:00', '2025-07-12 13:42:12'),
(402, 127, '2025-07-11 22:00:00', '2025-07-12 13:43:17'),
(403, 129, '2025-07-11 22:00:00', '2025-07-12 13:44:52'),
(404, 130, '2025-07-11 22:00:00', '2025-07-12 13:45:56'),
(405, 131, '2025-07-11 22:00:00', '2025-07-12 13:47:12'),
(406, 132, '2025-07-11 22:00:00', '2025-07-12 13:49:04'),
(407, 133, '2025-07-11 22:00:00', '2025-07-12 13:50:20'),
(408, 134, '2025-07-11 22:00:00', '2025-07-12 13:51:42'),
(409, 135, '2025-07-11 22:00:00', '2025-07-12 13:52:53'),
(410, 136, '2025-07-11 22:00:00', '2025-07-12 13:54:01'),
(411, 137, '2025-07-11 22:00:00', '2025-07-12 13:55:56'),
(412, 138, '2025-07-11 22:00:00', '2025-07-12 13:57:06'),
(413, 139, '2025-07-11 22:00:00', '2025-07-12 13:58:20'),
(414, 140, '2025-07-11 22:00:00', '2025-07-12 14:00:22'),
(415, 141, '2025-07-11 22:00:00', '2025-07-12 14:01:54'),
(416, 142, '2025-07-11 22:00:00', '2025-07-12 14:05:16'),
(417, 143, '2025-07-11 22:00:00', '2025-07-12 14:06:30'),
(418, 144, '2025-07-11 22:00:00', '2025-07-12 14:08:11'),
(419, 145, '2025-07-11 22:00:00', '2025-07-12 14:09:40'),
(420, 146, '2025-07-11 22:00:00', '2025-07-12 14:11:43'),
(421, 147, '2025-07-11 22:00:00', '2025-07-12 14:12:52'),
(422, 8, '2025-07-14 22:00:00', '2025-07-19 21:20:59'),
(423, 132, '2025-08-09 22:00:00', '2025-08-10 07:03:56'),
(424, 111, '2025-08-09 22:00:00', '2025-08-10 07:12:32'),
(425, 163, '2025-08-05 22:00:00', '2025-08-10 07:22:36'),
(426, 164, '2025-08-05 22:00:00', '2025-08-10 07:24:11'),
(427, 165, '2025-08-05 22:00:00', '2025-08-10 07:26:38'),
(430, 166, '2025-08-05 22:00:00', '2025-08-10 07:32:27'),
(431, 167, '2025-08-09 22:00:00', '2025-08-10 07:34:45'),
(432, 168, '2025-08-09 22:00:00', '2025-08-10 07:36:27'),
(433, 169, '2025-08-09 22:00:00', '2025-08-10 07:38:03'),
(434, 170, '2025-08-09 22:00:00', '2025-08-10 07:39:03'),
(435, 171, '2025-08-09 22:00:00', '2025-08-10 07:40:01'),
(436, 172, '2025-08-09 22:00:00', '2025-08-10 07:41:06'),
(437, 174, '2025-08-09 22:00:00', '2025-08-10 07:42:22'),
(438, 175, '2025-08-09 22:00:00', '2025-08-10 07:43:24'),
(439, 177, '2025-08-09 22:00:00', '2025-08-10 07:45:00'),
(440, 180, '2025-08-09 22:00:00', '2025-08-10 07:47:21'),
(441, 181, '2025-08-12 22:00:00', '2025-08-13 15:23:43'),
(442, 190, '2025-08-12 22:00:00', '2025-08-13 15:24:04'),
(443, 187, '2025-08-12 22:00:00', '2025-08-13 15:24:28'),
(444, 185, '2025-08-12 22:00:00', '2025-08-13 15:24:50'),
(445, 2, '2025-08-23 22:00:00', '2025-08-24 07:14:23'),
(446, 162, '2025-08-23 22:00:00', '2025-08-24 14:05:16'),
(447, 130, '2025-08-23 22:00:00', '2025-08-24 14:06:18'),
(448, 129, '2025-08-23 22:00:00', '2025-08-24 14:07:19'),
(449, 128, '2025-08-23 22:00:00', '2025-08-24 14:08:17'),
(450, 125, '2025-08-23 22:00:00', '2025-08-24 14:09:31'),
(451, 123, '2025-08-23 22:00:00', '2025-08-24 14:10:15'),
(452, 121, '2025-08-23 22:00:00', '2025-08-24 14:11:23'),
(453, 120, '2025-08-23 22:00:00', '2025-08-24 14:12:06'),
(454, 114, '2025-08-23 22:00:00', '2025-08-24 14:17:15'),
(455, 112, '2025-08-23 22:00:00', '2025-08-24 14:18:58'),
(456, 147, '2025-08-23 22:00:00', '2025-08-24 14:20:24'),
(457, 144, '2025-08-23 22:00:00', '2025-08-24 14:21:40'),
(458, 141, '2025-08-23 22:00:00', '2025-08-24 14:22:52'),
(459, 138, '2025-08-23 22:00:00', '2025-08-24 14:24:32'),
(460, 137, '2025-08-23 22:00:00', '2025-08-24 14:25:41'),
(461, 134, '2025-08-23 22:00:00', '2025-08-24 14:26:17'),
(462, 133, '2025-08-23 22:00:00', '2025-08-24 14:26:25'),
(463, 131, '2025-08-23 22:00:00', '2025-08-24 14:28:14'),
(464, 186, '2025-08-23 22:00:00', '2025-08-24 14:37:51'),
(465, 150, '2025-07-29 22:00:00', '2025-08-25 14:50:35'),
(466, 192, '2025-08-12 22:00:00', '2025-08-28 06:30:59'),
(467, 191, '2025-08-12 22:00:00', '2025-08-28 06:31:05'),
(468, 189, '2025-08-12 22:00:00', '2025-08-28 06:31:10'),
(469, 188, '2025-08-12 22:00:00', '2025-08-28 06:31:15'),
(470, 184, '2025-08-12 22:00:00', '2025-08-28 06:31:53'),
(471, 183, '2025-08-12 22:00:00', '2025-08-28 06:32:04'),
(472, 182, '2025-08-12 22:00:00', '2025-08-28 06:32:09'),
(473, 118, '2025-08-29 22:00:00', '2025-08-30 12:55:43'),
(474, 57, '2025-08-28 22:00:00', '2025-09-06 15:17:38'),
(475, 60, '2025-08-05 22:00:00', '2025-09-06 15:17:54'),
(476, 68, '2025-08-31 22:00:00', '2025-09-06 15:18:06'),
(477, 94, '2025-07-05 22:00:00', '2025-09-06 15:18:14'),
(478, 94, '2025-08-31 22:00:00', '2025-09-06 15:18:19'),
(479, 136, '2025-09-03 22:00:00', '2025-09-06 15:20:14'),
(480, 146, '2025-09-04 22:00:00', '2025-09-06 15:20:47'),
(481, 150, '2025-09-05 22:00:00', '2025-09-06 15:21:05'),
(482, 153, '2025-07-24 22:00:00', '2025-09-06 15:21:19'),
(483, 153, '2025-09-01 22:00:00', '2025-09-06 15:21:22'),
(484, 154, '2025-07-25 22:00:00', '2025-09-06 15:21:40'),
(485, 154, '2025-08-31 22:00:00', '2025-09-06 15:21:42'),
(486, 155, '2025-07-24 22:00:00', '2025-09-06 15:21:55'),
(487, 155, '2025-09-03 22:00:00', '2025-09-06 15:21:57'),
(488, 158, '2025-07-23 22:00:00', '2025-09-06 15:22:16'),
(489, 158, '2025-09-04 22:00:00', '2025-09-06 15:22:18'),
(490, 159, '2025-07-24 22:00:00', '2025-09-06 15:22:30'),
(491, 159, '2025-09-03 22:00:00', '2025-09-06 15:22:32'),
(492, 160, '2025-07-25 22:00:00', '2025-09-06 15:22:40'),
(493, 160, '2025-09-05 22:00:00', '2025-09-06 15:22:42'),
(494, 171, '2025-09-05 22:00:00', '2025-09-06 15:23:49'),
(495, 173, '2025-08-10 22:00:00', '2025-09-06 15:24:11'),
(496, 178, '2025-08-10 22:00:00', '2025-09-06 15:24:37'),
(497, 183, '2025-09-05 22:00:00', '2025-09-06 15:25:01'),
(498, 185, '2025-09-05 22:00:00', '2025-09-06 15:25:18'),
(499, 187, '2025-09-05 22:00:00', '2025-09-06 15:25:30'),
(500, 189, '2025-09-05 22:00:00', '2025-09-06 15:25:42'),
(501, 190, '2025-09-05 22:00:00', '2025-09-06 15:25:52'),
(502, 191, '2025-09-06 22:00:00', '2025-09-07 02:49:32'),
(503, 116, '2025-09-06 22:00:00', '2025-09-07 03:42:59'),
(504, 132, '2025-09-12 22:00:00', '2025-09-13 03:33:52'),
(505, 154, '2025-09-12 22:00:00', '2025-09-13 03:39:37'),
(506, 158, '2025-09-12 22:00:00', '2025-09-13 03:40:45'),
(507, 166, '2025-09-12 22:00:00', '2025-09-13 03:42:51'),
(508, 183, '2025-09-12 22:00:00', '2025-09-13 03:54:01'),
(509, 186, '2025-09-12 22:00:00', '2025-09-13 03:54:25'),
(510, 184, '2025-09-12 22:00:00', '2025-09-13 03:56:09'),
(511, 130, '2025-09-13 22:00:00', '2025-09-14 01:11:25'),
(512, 174, '2025-09-13 22:00:00', '2025-09-14 01:29:06'),
(513, 206, '2025-09-17 22:00:00', '2025-09-18 14:35:44'),
(514, 208, '2025-09-17 22:00:00', '2025-09-18 14:36:22'),
(515, 209, '2025-09-17 22:00:00', '2025-09-18 14:36:49'),
(516, 210, '2025-09-17 22:00:00', '2025-09-18 14:37:04'),
(517, 211, '2025-09-17 22:00:00', '2025-09-18 14:37:26'),
(518, 212, '2025-09-17 22:00:00', '2025-09-18 14:37:38'),
(519, 134, '2025-09-20 22:00:00', '2025-09-21 00:39:23'),
(520, 138, '2025-09-20 22:00:00', '2025-09-21 00:41:38'),
(521, 114, '2025-09-20 22:00:00', '2025-09-21 00:42:52'),
(522, 206, '2025-09-26 22:00:00', '2025-09-27 13:27:14'),
(523, 207, '2025-09-26 22:00:00', '2025-09-27 13:27:26'),
(524, 208, '2025-09-26 22:00:00', '2025-09-27 13:27:38'),
(525, 209, '2025-09-26 22:00:00', '2025-09-27 13:27:45'),
(526, 210, '2025-09-26 22:00:00', '2025-09-27 13:27:51'),
(527, 211, '2025-09-26 22:00:00', '2025-09-27 13:27:56'),
(528, 212, '2025-09-26 22:00:00', '2025-09-27 13:28:01'),
(529, 114, '2025-09-26 22:00:00', '2025-09-27 13:28:07'),
(530, 133, '2025-09-26 22:00:00', '2025-09-27 13:28:17'),
(531, 135, '2025-09-26 22:00:00', '2025-09-27 13:28:25'),
(532, 138, '2025-09-26 22:00:00', '2025-09-27 13:28:33'),
(533, 155, '2025-09-26 22:00:00', '2025-09-27 13:28:41'),
(534, 178, '2025-09-26 22:00:00', '2025-09-27 13:28:47'),
(535, 198, '2025-09-26 22:00:00', '2025-09-27 13:28:54'),
(536, 217, '2025-09-26 22:00:00', '2025-09-27 13:29:01'),
(537, 215, '2025-09-26 22:00:00', '2025-09-27 13:29:11'),
(538, 216, '2025-09-26 22:00:00', '2025-09-27 13:29:29'),
(539, 218, '2025-10-12 22:00:00', '2025-10-14 16:11:01'),
(540, 219, '2025-10-12 22:00:00', '2025-10-14 16:11:42'),
(541, 220, '2025-10-12 22:00:00', '2025-10-14 16:12:46'),
(542, 221, '2025-10-12 22:00:00', '2025-10-14 16:13:12'),
(543, 222, '2025-10-12 22:00:00', '2025-10-14 16:13:32'),
(544, 223, '2025-10-12 22:00:00', '2025-10-14 16:14:19'),
(545, 224, '2025-10-12 22:00:00', '2025-10-14 16:14:36'),
(546, 225, '2025-10-12 22:00:00', '2025-10-14 16:14:54'),
(547, 197, '2025-10-14 22:00:00', '2025-10-15 16:05:24'),
(548, 197, '2025-08-31 22:00:00', '2025-10-15 16:05:31'),
(549, 199, '2025-09-01 22:00:00', '2025-10-15 16:05:58'),
(550, 200, '2025-08-31 22:00:00', '2025-10-15 16:06:17'),
(551, 200, '2025-10-14 22:00:00', '2025-10-15 16:06:19'),
(553, 201, '2025-08-31 22:00:00', '2025-10-15 16:06:45'),
(554, 201, '2025-10-14 22:00:00', '2025-10-15 16:06:46'),
(555, 202, '2025-08-31 22:00:00', '2025-10-15 16:06:58'),
(556, 202, '2025-10-14 22:00:00', '2025-10-15 16:06:58'),
(557, 190, '2025-10-14 22:00:00', '2025-10-15 16:07:08'),
(558, 187, '2025-10-14 22:00:00', '2025-10-15 16:07:24'),
(559, 186, '2025-10-14 22:00:00', '2025-10-15 16:07:31'),
(560, 185, '2025-10-14 22:00:00', '2025-10-15 16:07:42'),
(561, 166, '2025-10-14 22:00:00', '2025-10-15 16:08:33'),
(562, 149, '2025-10-14 22:00:00', '2025-10-15 16:09:09'),
(563, 149, '2025-07-26 22:00:00', '2025-10-15 16:09:17'),
(564, 136, '2025-10-14 22:00:00', '2025-10-15 16:09:49'),
(565, 203, '2025-08-31 22:00:00', '2025-10-15 16:11:13'),
(566, 204, '2025-08-31 22:00:00', '2025-10-15 16:11:20'),
(567, 166, '2025-10-17 22:00:00', '2025-10-18 16:08:52'),
(568, 198, '2025-10-31 23:00:00', '2025-11-01 06:04:16'),
(569, 138, '2025-10-31 23:00:00', '2025-11-01 07:42:04'),
(570, 184, '2025-10-31 23:00:00', '2025-11-01 07:42:50'),
(571, 211, '2025-10-31 23:00:00', '2025-11-01 07:45:30'),
(572, 194, '2025-10-31 23:00:00', '2025-11-01 07:48:42'),
(573, 189, '2025-10-31 23:00:00', '2025-11-01 07:49:06'),
(574, 200, '2025-11-01 23:00:00', '2025-11-02 06:32:02'),
(575, 207, '2025-11-16 23:00:00', '2025-11-17 17:33:23'),
(576, 225, '2025-11-16 23:00:00', '2025-11-17 17:34:27'),
(577, 221, '2025-11-16 23:00:00', '2025-11-17 17:35:17'),
(578, 216, '2025-11-16 23:00:00', '2025-11-17 17:36:36'),
(579, 208, '2025-11-16 23:00:00', '2025-11-17 17:37:10'),
(580, 201, '2025-11-16 23:00:00', '2025-11-17 17:39:35'),
(581, 203, '2025-11-16 23:00:00', '2025-11-17 17:40:29'),
(582, 187, '2025-11-16 23:00:00', '2025-11-17 17:41:43'),
(583, 160, '2025-11-16 23:00:00', '2025-11-17 17:43:04'),
(584, 220, '2025-11-20 23:00:00', '2025-11-21 17:40:28'),
(585, 190, '2025-11-20 23:00:00', '2025-11-21 17:42:18'),
(586, 156, '2025-11-20 23:00:00', '2025-11-21 17:42:53'),
(587, 136, '2025-11-20 23:00:00', '2025-11-21 17:43:39'),
(588, 218, '2025-11-20 23:00:00', '2025-11-21 17:44:28'),
(589, 216, '2025-12-18 23:00:00', '2025-12-19 16:58:18'),
(590, 223, '2025-12-18 23:00:00', '2025-12-19 16:58:43'),
(591, 221, '2025-12-18 23:00:00', '2025-12-19 16:59:20'),
(592, 212, '2025-12-18 23:00:00', '2025-12-19 16:59:41'),
(593, 210, '2025-12-18 23:00:00', '2025-12-19 16:59:54'),
(594, 204, '2025-12-18 23:00:00', '2025-12-19 17:00:24'),
(595, 202, '2025-12-18 23:00:00', '2025-12-19 17:01:07'),
(596, 199, '2025-12-18 23:00:00', '2025-12-19 17:01:32'),
(597, 185, '2025-12-18 23:00:00', '2025-12-19 17:02:09'),
(598, 184, '2025-12-18 23:00:00', '2025-12-19 17:02:23'),
(599, 128, '2025-12-18 23:00:00', '2025-12-19 17:16:26'),
(600, 226, '2025-12-18 23:00:00', '2025-12-19 17:29:32'),
(601, 105, '2025-12-18 23:00:00', '2025-12-19 17:31:15'),
(602, 207, '2025-12-26 23:00:00', '2025-12-27 11:25:37'),
(603, 151, '2025-12-31 23:00:00', '2026-01-01 18:21:56'),
(604, 110, '2025-12-31 23:00:00', '2026-01-01 18:22:03'),
(605, 89, '2025-12-31 23:00:00', '2026-01-01 18:22:15'),
(606, 105, '2025-12-31 23:00:00', '2026-01-01 18:22:23'),
(607, 152, '2025-12-31 23:00:00', '2026-01-01 18:22:36'),
(608, 165, '2025-12-31 23:00:00', '2026-01-01 18:22:42'),
(609, 104, '2025-12-31 23:00:00', '2026-01-01 18:22:48'),
(610, 106, '2025-12-31 23:00:00', '2026-01-01 18:22:55'),
(611, 1, '2025-12-31 23:00:00', '2026-01-01 18:23:02'),
(612, 37, '2025-12-31 23:00:00', '2026-01-01 18:23:11'),
(613, 13, '2025-12-31 23:00:00', '2026-01-01 18:23:21'),
(614, 46, '2025-12-31 23:00:00', '2026-01-01 18:23:28'),
(615, 2, '2025-12-31 23:00:00', '2026-01-01 18:23:35'),
(616, 8, '2025-12-31 23:00:00', '2026-01-01 18:23:42'),
(617, 40, '2025-12-31 23:00:00', '2026-01-01 18:23:49'),
(618, 6, '2025-12-31 23:00:00', '2026-01-01 18:23:53'),
(619, 14, '2025-12-31 23:00:00', '2026-01-01 18:23:59'),
(620, 16, '2025-12-31 23:00:00', '2026-01-01 18:24:04'),
(621, 15, '2025-12-31 23:00:00', '2026-01-01 18:24:10'),
(622, 33, '2025-12-31 23:00:00', '2026-01-01 18:24:19'),
(623, 47, '2025-12-31 23:00:00', '2026-01-01 18:24:24'),
(624, 162, '2025-12-31 23:00:00', '2026-01-01 18:24:30'),
(625, 196, '2025-12-31 23:00:00', '2026-01-01 18:24:36'),
(626, 109, '2025-12-31 23:00:00', '2026-01-01 18:24:46'),
(627, 108, '2025-12-31 23:00:00', '2026-01-01 18:24:52'),
(628, 68, '2025-12-31 23:00:00', '2026-01-01 18:24:57'),
(629, 201, '2025-12-31 23:00:00', '2026-01-01 18:26:00'),
(630, 224, '2025-12-31 23:00:00', '2026-01-01 18:26:06'),
(631, 194, '2025-12-31 23:00:00', '2026-01-01 18:26:14'),
(632, 187, '2025-12-31 23:00:00', '2026-01-01 18:26:21'),
(633, 185, '2025-12-31 23:00:00', '2026-01-01 18:26:27'),
(634, 184, '2025-12-31 23:00:00', '2026-01-01 18:26:33'),
(635, 190, '2025-12-31 23:00:00', '2026-01-01 18:26:43'),
(636, 135, '2025-12-31 23:00:00', '2026-01-01 18:26:50'),
(637, 225, '2025-12-31 23:00:00', '2026-01-01 18:27:02'),
(638, 9, '2025-12-31 23:00:00', '2026-01-01 18:27:29'),
(639, 11, '2025-12-31 23:00:00', '2026-01-01 18:27:46'),
(640, 221, '2026-01-23 23:00:00', '2026-01-24 14:50:57'),
(641, 212, '2026-01-23 23:00:00', '2026-01-24 14:51:24'),
(642, 202, '2026-01-23 23:00:00', '2026-01-24 14:52:13'),
(643, 199, '2026-01-23 23:00:00', '2026-01-24 14:53:04'),
(644, 194, '2026-01-23 23:00:00', '2026-01-24 14:53:22'),
(645, 189, '2026-01-23 23:00:00', '2026-01-24 14:53:40');

-- --------------------------------------------------------

--
-- Struktura tabeli dla tabeli `animal_offers`
--

CREATE TABLE IF NOT EXISTS `animal_offers` (
  `id` bigint UNSIGNED NOT NULL AUTO_INCREMENT,
  `animal_id` bigint UNSIGNED NOT NULL,
  `price` double(8,2) NOT NULL,
  `sold_date` date DEFAULT NULL,
  `created_at` timestamp NULL DEFAULT NULL,
  `updated_at` timestamp NULL DEFAULT NULL,
  PRIMARY KEY (`id`),
  KEY `animal_offers_animal_id_foreign` (`animal_id`)
) ENGINE=InnoDB AUTO_INCREMENT=184 DEFAULT CHARSET=utf8mb4 COLLATE=utf8mb4_unicode_ci;

--
-- RELACJE DLA TABELI `animal_offers`:
--   `animal_id`
--       `animals` -> `id`
--

--
-- Dumping data for table `animal_offers`
--

INSERT INTO `animal_offers` (`id`, `animal_id`, `price`, `sold_date`, `created_at`, `updated_at`) VALUES
(5, 48, 200.00, '2024-07-13', '2024-06-18 05:23:58', '2024-07-13 10:26:29'),
(6, 49, 200.00, '2024-07-09', '2024-06-18 05:24:11', '2024-07-09 09:56:52'),
(7, 50, 200.00, '2024-09-08', '2024-06-18 05:24:15', '2024-09-08 09:36:11'),
(8, 51, 200.00, '2024-08-04', '2024-06-18 05:24:19', '2024-08-04 14:28:32'),
(9, 52, 200.00, '2024-09-15', '2024-06-18 05:24:23', '2024-09-15 14:34:05'),
(10, 53, 200.00, '2024-11-17', '2024-06-18 05:24:27', '2024-11-17 11:58:22'),
(11, 54, 200.00, '2024-09-08', '2024-06-18 05:24:31', '2024-09-08 09:36:38'),
(12, 55, 350.00, '2024-07-09', '2024-06-18 05:24:35', '2024-07-09 09:56:55'),
(13, 56, 300.00, '2024-10-06', '2024-06-18 05:24:39', '2024-10-06 09:07:42'),
(15, 58, 350.00, '2024-07-09', '2024-06-18 05:24:50', '2024-07-09 15:05:17'),
(16, 59, 350.00, '2024-08-10', '2024-06-18 05:24:55', '2024-08-10 09:11:14'),
(18, 61, 350.00, '2024-07-29', '2024-06-18 05:25:02', '2024-07-29 13:03:43'),
(19, 62, 350.00, '2024-07-09', '2024-06-18 05:25:07', '2024-07-09 15:05:27'),
(21, 64, 200.00, '2024-08-15', '2024-06-21 12:26:40', '2024-08-15 08:00:57'),
(24, 66, 200.00, '2024-08-21', '2024-06-22 13:57:00', '2024-08-21 13:09:01'),
(25, 65, 200.00, '2024-09-08', '2024-06-22 13:57:05', '2024-09-08 09:56:51'),
(27, 70, 200.00, '2024-09-08', '2024-06-23 04:56:19', '2024-09-08 09:37:00'),
(28, 72, 200.00, '2024-07-15', '2024-06-23 04:56:24', '2024-07-15 14:35:08'),
(29, 73, 200.00, '2024-08-24', '2024-06-23 04:56:27', '2024-08-24 10:37:35'),
(31, 74, 200.00, '2024-08-09', '2024-06-23 15:44:27', '2024-08-09 10:48:53'),
(32, 75, 200.00, '2024-08-05', '2024-06-24 06:07:46', '2024-08-05 14:33:01'),
(33, 76, 200.00, '2024-08-11', '2024-06-24 06:07:50', '2024-08-11 10:17:02'),
(34, 77, 200.00, '2024-08-31', '2024-06-24 06:07:54', '2024-08-31 16:01:05'),
(36, 87, 300.00, '2024-12-19', '2024-07-17 07:27:20', '2024-12-19 19:17:31'),
(37, 86, 250.00, '2024-11-19', '2024-07-17 07:27:26', '2024-11-19 17:56:21'),
(38, 85, 200.00, '2024-09-08', '2024-07-17 07:27:33', '2024-09-08 09:38:30'),
(39, 84, 300.00, '2024-12-21', '2024-07-17 07:27:39', '2024-12-21 14:56:34'),
(40, 83, 200.00, '2024-10-14', '2024-07-17 07:27:44', '2024-10-14 13:19:40'),
(41, 82, 300.00, '2024-12-14', '2024-07-17 07:27:49', '2024-12-14 14:52:10'),
(42, 81, 200.00, '2024-10-20', '2024-07-17 07:27:54', '2024-10-20 06:48:07'),
(43, 80, 200.00, '2024-11-09', '2024-07-17 07:27:59', '2024-11-09 16:00:39'),
(44, 79, 200.00, '2024-10-20', '2024-07-17 07:28:03', '2024-10-20 16:17:44'),
(46, 90, 800.00, '2024-09-08', '2024-08-06 16:14:03', '2024-09-08 07:16:08'),
(49, 93, 400.00, '2024-11-17', '2024-08-06 16:14:17', '2024-11-17 08:29:05'),
(51, 95, 400.00, '2025-02-10', '2024-08-06 16:14:24', '2025-02-10 16:08:08'),
(53, 97, 400.00, '2025-02-16', '2024-08-06 16:14:31', '2025-02-16 11:00:52'),
(54, 98, 400.00, '2024-11-01', '2024-08-06 16:14:34', '2024-11-01 10:09:50'),
(55, 99, 300.00, '2025-02-16', '2024-08-07 04:49:02', '2025-02-16 11:00:44'),
(57, 101, 500.00, '2024-09-15', '2024-08-07 04:49:16', '2024-09-15 12:53:14'),
(59, 88, 400.00, '2024-09-14', '2024-08-16 17:33:15', '2024-09-14 16:04:56'),
(60, 69, 250.00, '2025-03-23', '2025-02-02 14:11:30', '2025-03-23 17:46:06'),
(63, 113, 400.00, '2025-07-28', '2025-07-10 15:46:33', '2025-07-28 14:17:15'),
(64, 131, 350.00, '2025-08-26', '2025-07-21 12:04:19', '2025-08-26 12:40:14'),
(65, 132, 400.00, '2025-10-12', '2025-07-21 12:04:30', '2025-10-12 13:52:02'),
(66, 133, 350.00, '2025-10-19', '2025-07-21 12:04:40', '2025-10-19 18:01:29'),
(67, 134, 300.00, '2025-09-21', '2025-07-21 12:04:46', '2025-09-21 11:36:52'),
(68, 136, 450.00, NULL, '2025-07-21 12:05:01', '2025-07-21 12:12:36'),
(69, 137, 300.00, '2025-09-14', '2025-07-21 12:05:07', '2025-09-14 07:34:45'),
(70, 138, 400.00, NULL, '2025-07-21 12:05:17', '2025-07-21 12:05:17'),
(72, 141, 400.00, '2025-09-14', '2025-07-21 12:05:43', '2025-09-14 09:08:24'),
(73, 142, 400.00, '2025-08-03', '2025-07-21 12:05:50', '2025-08-03 08:56:41'),
(74, 144, 450.00, '2025-08-26', '2025-07-21 12:06:00', '2025-08-26 14:19:39'),
(75, 146, 450.00, '2025-09-14', '2025-07-21 12:06:10', '2025-09-14 09:23:32'),
(76, 147, 450.00, '2025-10-16', '2025-07-21 12:06:16', '2025-10-16 15:00:20'),
(77, 111, 250.00, '2025-10-19', '2025-07-21 12:06:37', '2025-10-19 18:02:23'),
(78, 112, 400.00, '2025-08-26', '2025-07-21 12:06:43', '2025-08-26 18:09:22'),
(79, 114, 300.00, '2025-10-19', '2025-07-21 12:07:13', '2025-10-19 18:01:34'),
(81, 116, 250.00, '2025-10-25', '2025-07-21 12:07:24', '2025-10-25 10:23:52'),
(82, 117, 400.00, '2025-09-21', '2025-07-21 12:07:30', '2025-09-21 06:36:31'),
(84, 119, 300.00, '2025-09-14', '2025-07-21 12:07:45', '2025-09-14 07:35:11'),
(85, 120, 220.00, '2025-09-07', '2025-07-21 12:07:50', '2025-09-07 18:13:46'),
(88, 123, 300.00, '2025-09-14', '2025-07-21 12:08:06', '2025-09-14 09:24:19'),
(89, 124, 300.00, '2025-08-03', '2025-07-21 12:08:11', '2025-08-03 12:58:26'),
(90, 125, 250.00, '2025-09-07', '2025-07-21 12:08:22', '2025-09-07 18:13:36'),
(91, 126, 300.00, '2025-08-03', '2025-07-21 12:08:28', '2025-08-03 08:55:15'),
(92, 127, 400.00, '2025-08-31', '2025-07-21 12:08:38', '2025-08-31 13:44:10'),
(94, 129, 200.00, '2025-09-14', '2025-07-21 12:08:58', '2025-09-14 10:28:09'),
(95, 130, 250.00, '2025-09-27', '2025-07-21 12:09:04', '2025-09-27 13:49:06'),
(96, 7, 500.00, NULL, '2025-07-21 13:59:34', '2025-07-21 13:59:34'),
(97, 16, 450.00, '2025-11-02', '2025-07-21 14:02:17', '2025-11-02 10:38:08'),
(99, 150, 450.00, '2025-10-19', '2025-08-12 14:01:31', '2025-10-19 18:01:52'),
(102, 153, 500.00, NULL, '2025-08-12 14:01:47', '2025-08-12 14:01:47'),
(103, 154, 300.00, '2025-10-19', '2025-08-12 14:01:57', '2025-10-19 18:02:03'),
(104, 155, 450.00, NULL, '2025-08-12 14:02:01', '2025-08-12 14:02:01'),
(109, 160, 400.00, NULL, '2025-08-12 14:02:29', '2025-08-12 14:02:29'),
(110, 163, 400.00, '2025-09-21', '2025-08-12 14:02:41', '2025-09-21 05:54:16'),
(111, 167, 400.00, '2025-09-07', '2025-08-12 14:02:59', '2025-09-07 18:14:07'),
(113, 166, 350.00, '2025-10-19', '2025-08-12 14:03:16', '2025-10-19 18:02:10'),
(116, 171, 350.00, '2025-09-21', '2025-08-12 14:03:54', '2025-09-21 09:21:18'),
(118, 173, 350.00, '2025-09-07', '2025-08-12 14:04:01', '2025-09-07 18:13:56'),
(119, 174, 350.00, '2025-10-19', '2025-08-12 14:04:11', '2025-10-19 18:02:35'),
(123, 178, 350.00, '2025-10-12', '2025-08-12 14:04:26', '2025-10-12 13:53:30'),
(126, 183, 800.00, '2025-10-12', '2025-08-28 06:40:28', '2025-10-12 13:53:58'),
(127, 184, 650.00, NULL, '2025-08-28 06:40:36', '2025-10-28 16:01:28'),
(128, 185, 650.00, NULL, '2025-08-28 06:40:43', '2025-10-28 16:01:32'),
(129, 186, 250.00, '2025-10-19', '2025-08-28 06:40:48', '2025-10-19 18:01:24'),
(130, 187, 650.00, NULL, '2025-08-28 06:40:52', '2025-10-28 16:01:36'),
(131, 189, 650.00, NULL, '2025-08-28 06:40:57', '2025-10-28 16:01:42'),
(132, 190, 650.00, NULL, '2025-08-28 06:41:01', '2025-10-28 16:01:48'),
(133, 191, 800.00, '2025-10-12', '2025-08-28 06:41:07', '2025-10-12 13:54:30'),
(134, 192, 600.00, '2025-09-17', '2025-08-28 06:41:13', '2025-09-17 14:16:27'),
(135, 94, 450.00, '2025-09-21', '2025-08-29 05:13:57', '2025-09-21 10:43:50'),
(136, 71, 400.00, '2025-08-30', '2025-08-29 05:15:00', '2025-08-30 13:37:57'),
(137, 159, 300.00, '2025-11-02', '2025-08-29 14:33:09', '2025-11-02 10:05:49'),
(138, 164, 400.00, '2025-09-07', '2025-08-29 14:35:07', '2025-09-07 18:13:18'),
(142, 57, 400.00, '2025-09-13', '2025-09-04 03:25:53', '2025-09-13 09:28:52'),
(143, 60, 450.00, '2025-09-07', '2025-09-04 03:27:45', '2025-09-07 18:13:29'),
(144, 121, 300.00, '2025-10-19', '2025-09-06 08:46:20', '2025-10-19 18:01:43'),
(145, 158, 400.00, NULL, '2025-09-06 08:51:38', '2025-09-06 08:51:38'),
(146, 193, 400.00, '2025-10-19', '2025-09-07 18:15:53', '2025-10-19 18:02:17'),
(147, 194, 400.00, NULL, '2025-09-07 18:15:59', '2025-09-07 18:15:59'),
(148, 195, 300.00, '2025-10-12', '2025-09-07 18:16:03', '2025-10-12 13:52:36'),
(150, 197, 300.00, '2025-11-09', '2025-09-07 18:16:24', '2025-11-09 17:28:53'),
(151, 198, 450.00, '2025-11-02', '2025-09-07 18:16:28', '2025-11-02 09:47:04'),
(152, 199, 400.00, NULL, '2025-09-07 18:16:33', '2025-09-07 18:16:33'),
(153, 200, 300.00, '2025-11-02', '2025-09-07 18:16:38', '2025-11-02 10:04:53'),
(154, 201, 350.00, NULL, '2025-09-07 18:16:43', '2025-09-07 18:16:43'),
(155, 202, 350.00, NULL, '2025-09-07 18:16:48', '2025-09-07 18:16:48'),
(156, 203, 400.00, NULL, '2025-09-07 18:16:53', '2025-09-07 18:16:53'),
(157, 204, 400.00, NULL, '2025-09-07 18:16:58', '2025-09-07 18:16:58'),
(158, 205, 400.00, '2025-09-21', '2025-09-07 18:17:02', '2025-09-21 08:48:31'),
(160, 207, 400.00, '2026-01-02', '2025-09-17 08:20:50', '2026-01-02 15:49:11'),
(162, 208, 400.00, NULL, '2025-09-17 08:21:01', '2025-09-17 08:21:01'),
(164, 210, 400.00, NULL, '2025-09-17 08:21:09', '2025-09-17 08:21:09'),
(165, 211, 250.00, '2025-11-09', '2025-09-17 08:21:14', '2025-11-09 17:29:12'),
(166, 212, 350.00, NULL, '2025-09-17 08:21:20', '2025-09-17 08:21:20'),
(167, 215, 400.00, '2025-11-09', '2025-10-11 10:41:43', '2025-11-09 17:29:02'),
(168, 217, 700.00, NULL, '2025-10-11 10:42:02', '2025-10-28 16:02:13'),
(170, 218, 500.00, '2025-11-29', '2025-10-15 16:28:09', '2025-11-29 10:18:25'),
(171, 219, 500.00, NULL, '2025-10-15 16:28:13', '2025-10-21 15:22:02'),
(172, 220, 400.00, '2025-12-17', '2025-10-15 16:28:21', '2025-12-17 16:38:10'),
(173, 221, 400.00, NULL, '2025-10-15 16:28:26', '2025-10-15 16:28:30'),
(174, 222, 400.00, '2025-11-02', '2025-10-15 16:28:34', '2025-11-02 11:01:59'),
(176, 224, 400.00, NULL, '2025-10-15 16:28:42', '2025-10-21 15:22:36'),
(177, 225, 500.00, NULL, '2025-10-15 16:28:46', '2025-10-15 16:28:46'),
(179, 91, 500.00, '2025-11-02', '2025-10-28 16:05:39', '2025-11-02 10:59:29'),
(180, 188, 600.00, '2025-12-05', '2025-10-28 16:11:34', '2025-12-05 05:38:13'),
(181, 9, 750.00, NULL, '2025-10-28 16:12:27', '2025-10-28 16:12:38'),
(182, 149, 450.00, NULL, '2025-11-08 19:25:38', '2025-11-08 19:25:38'),
(183, 135, 450.00, NULL, '2025-11-08 19:28:13', '2025-11-08 19:28:13');

-- --------------------------------------------------------

--
-- Struktura tabeli dla tabeli `animal_offer_reservations`
--

CREATE TABLE IF NOT EXISTS `animal_offer_reservations` (
  `id` bigint UNSIGNED NOT NULL AUTO_INCREMENT,
  `offer_id` bigint UNSIGNED NOT NULL,
  `deposit` double(8,2) DEFAULT NULL,
  `booker` varchar(255) COLLATE utf8mb4_unicode_ci DEFAULT NULL,
  `adnotations` text COLLATE utf8mb4_unicode_ci,
  `expiration_date` date DEFAULT NULL,
  `created_at` timestamp NULL DEFAULT NULL,
  `updated_at` timestamp NULL DEFAULT NULL,
  PRIMARY KEY (`id`),
  KEY `animal_offer_reservations_offer_id_foreign` (`offer_id`)
) ENGINE=InnoDB AUTO_INCREMENT=50 DEFAULT CHARSET=utf8mb4 COLLATE=utf8mb4_unicode_ci;

--
-- RELACJE DLA TABELI `animal_offer_reservations`:
--   `offer_id`
--       `animal_offers` -> `id`
--

--
-- Dumping data for table `animal_offer_reservations`
--

INSERT INTO `animal_offer_reservations` (`id`, `offer_id`, `deposit`, `booker`, `adnotations`, `expiration_date`, `created_at`, `updated_at`) VALUES
(10, 32, NULL, 'Dawid', 'po 17', '2024-08-05', '2024-07-18 15:24:04', '2024-08-04 05:26:45'),
(13, 29, NULL, 'Martyna', 'po 12', '2024-08-24', '2024-07-21 06:41:18', '2024-08-10 07:32:26'),
(14, 21, 0.00, 'Adrian Krzyżanowski', '15.08  g. 10-12', '2024-08-15', '2024-07-21 12:31:36', '2024-08-08 12:33:13'),
(15, 8, 0.00, 'Piotr', 'około 15 - 792 720 690', '2024-08-04', '2024-07-22 11:25:54', '2024-07-22 11:28:49'),
(18, 31, NULL, 'Krystian Dackowski', 'Odbiór dworzec Wejherowo 14:00', '2024-08-09', '2024-08-07 04:53:32', '2024-08-07 04:53:32'),
(23, 59, 100.00, 'Konstancja -olx', 'Odbiór około połowy wrzesnia', '2024-10-01', '2024-08-30 16:12:35', '2024-09-01 13:27:48'),
(24, 13, NULL, 'Amelia', '13:00', '2024-10-06', '2024-10-02 07:51:49', '2024-10-02 07:51:49'),
(25, 40, NULL, 'P. Leszek', 'po 17:30', '2024-10-14', '2024-10-13 14:43:00', '2024-10-13 14:43:00'),
(27, 42, NULL, 'Paweł Nowak', '10:30', '2024-10-20', '2024-10-16 16:02:44', '2024-10-16 16:02:44'),
(28, 44, NULL, 'Leszek Hildebrandt', 'około 12', '2024-10-20', '2024-10-18 17:28:51', '2024-10-20 06:48:35'),
(30, 54, NULL, 'Pani Anita', NULL, '2024-11-01', '2024-10-31 11:36:50', '2024-11-01 05:56:54'),
(31, 10, NULL, 'Pani Kamila', '17 listopada Gdynia, z Warszawy pociągiem', '2024-11-17', '2024-10-31 11:38:27', '2024-11-01 05:57:20'),
(32, 41, NULL, 'FB', NULL, '2024-12-14', '2024-12-10 18:27:55', '2024-12-10 18:27:55'),
(33, 51, NULL, 'P.Joanna', NULL, NULL, '2025-02-02 14:13:26', '2025-02-02 14:13:26'),
(34, 60, NULL, 'Natalia', NULL, NULL, '2025-02-14 10:26:18', '2025-02-14 10:26:18'),
(35, 63, 0.00, 'Aleksandra Szuma-Ganczarek', NULL, NULL, '2025-07-10 15:46:33', '2025-07-28 04:54:06'),
(36, 73, NULL, 'Irena Toma', NULL, NULL, '2025-08-02 15:31:56', '2025-08-02 15:31:56'),
(37, 74, NULL, 'Nova Wójcik', NULL, NULL, '2025-08-15 17:39:18', '2025-08-15 17:39:18'),
(38, 64, NULL, 'SMS 536226463', NULL, NULL, '2025-08-22 03:50:49', '2025-08-22 03:50:49'),
(42, 95, NULL, '27.09', NULL, NULL, '2025-09-25 08:19:57', '2025-09-25 08:19:57'),
(43, 168, 400.00, 'Kozłowski Benjamin', '606271024, zadatek BLIK\r\nZadatek II przeelew 15.11.12025', '2025-11-30', '2025-10-12 09:26:22', '2025-11-15 09:38:38'),
(44, 76, NULL, 'Oliwia Czerwińska - Facebook', NULL, NULL, '2025-10-15 13:22:21', '2025-10-15 13:22:21'),
(46, 160, 100.00, 'Natalia Stefańska', 'Messenger - zadatek na konto', '2026-01-31', '2025-11-19 18:20:52', '2025-11-19 18:20:52'),
(47, 170, NULL, 'Wera Pi', 'Linia', NULL, '2025-11-28 05:18:53', '2025-11-28 05:18:53'),
(48, 176, 100.00, 'Darek Łódź', 'na egzotyczne Łódź', '2026-02-15', '2025-12-28 10:53:09', '2025-12-28 10:53:09'),
(49, 102, NULL, 'P. Małgorzata', NULL, '2026-02-08', '2026-01-17 05:58:25', '2026-01-17 05:58:25');

-- --------------------------------------------------------

--
-- Struktura tabeli dla tabeli `animal_photo_gallery`
--

CREATE TABLE IF NOT EXISTS `animal_photo_gallery` (
  `id` bigint UNSIGNED NOT NULL AUTO_INCREMENT,
  `animal_id` bigint UNSIGNED NOT NULL,
  `url` text COLLATE utf8mb4_unicode_ci NOT NULL,
  `main_profil_photo` int NOT NULL DEFAULT '0',
  `banner_possition` int NOT NULL DEFAULT '50',
  `webside` int NOT NULL DEFAULT '0',
  `created_at` timestamp NULL DEFAULT NULL,
  `updated_at` timestamp NULL DEFAULT NULL,
  PRIMARY KEY (`id`),
  KEY `animal_photo_gallery_animal_id_foreign` (`animal_id`)
) ENGINE=InnoDB AUTO_INCREMENT=492 DEFAULT CHARSET=utf8mb4 COLLATE=utf8mb4_unicode_ci;

--
-- RELACJE DLA TABELI `animal_photo_gallery`:
--   `animal_id`
--       `animals` -> `id`
--

--
-- Dumping data for table `animal_photo_gallery`
--

INSERT INTO `animal_photo_gallery` (`id`, `animal_id`, `url`, `main_profil_photo`, `banner_possition`, `webside`, `created_at`, `updated_at`) VALUES
(1, 1, '/public/Image/1_20231104195852.JPG', 0, 50, 0, '2023-11-04 16:58:52', '2025-04-06 17:58:49'),
(2, 2, '/public/Image/2_20231104203505.JPG', 0, 50, 0, '2023-11-04 17:35:05', '2024-11-18 04:17:15'),
(3, 3, '/public/Image/3_20231104203601.JPG', 0, 50, 0, '2023-11-04 17:36:01', '2024-02-28 06:35:30'),
(4, 4, '/public/Image/4_20231104203743.JPG', 0, 50, 0, '2023-11-04 17:37:43', '2024-02-28 06:35:37'),
(5, 6, '/public/Image/6_20231104204250.JPG', 0, 50, 0, '2023-11-04 17:42:50', '2024-11-18 04:17:40'),
(6, 6, '/public/Image/6_20231104204309.JPG', 0, 50, 0, '2023-11-04 17:43:09', '2024-11-18 04:17:40'),
(7, 7, '/public/Image/7_20231104204455.JPG', 0, 50, 0, '2023-11-04 17:44:55', '2024-11-18 04:19:43'),
(8, 8, '/public/Image/8_20231104204534.JPG', 0, 50, 0, '2023-11-04 17:45:34', '2024-11-18 04:18:15'),
(9, 9, '/public/Image/9_20231104204617.JPG', 0, 50, 0, '2023-11-04 17:46:17', '2025-09-19 14:54:38'),
(10, 10, '/public/Image/10_20231104204643.JPG', 0, 50, 0, '2023-11-04 17:46:43', '2025-09-19 14:54:27'),
(11, 11, '/public/Image/11_20231104204705.JPG', 0, 50, 0, '2023-11-04 17:47:05', '2024-02-28 06:35:44'),
(12, 12, '/public/Image/12_20231104204726.JPG', 0, 50, 0, '2023-11-04 17:47:26', '2024-11-18 04:18:58'),
(13, 12, '/public/Image/12_20231104204744.JPG', 0, 50, 0, '2023-11-04 17:47:44', '2024-11-18 04:18:58'),
(14, 13, '/public/Image/13_20231104204816.JPG', 0, 50, 0, '2023-11-04 17:48:16', '2024-11-18 04:19:09'),
(15, 14, '/public/Image/14_20231104204844.JPG', 0, 50, 0, '2023-11-04 17:48:44', '2024-11-18 04:19:26'),
(16, 15, '/public/Image/15_20231104204931.JPG', 0, 50, 0, '2023-11-04 17:49:31', '2025-09-19 14:55:01'),
(17, 16, '/public/Image/16_20231104205003.JPG', 0, 50, 0, '2023-11-04 17:50:03', '2025-09-19 14:55:15'),
(18, 17, '/public/Image/17_20231104205121.jpg', 0, 50, 0, '2023-11-04 17:51:21', '2025-09-19 14:55:26'),
(19, 33, '/public/Image/33_20231104205230.JPG', 0, 50, 0, '2023-11-04 17:52:30', '2025-09-19 14:55:37'),
(20, 37, '/public/Image/37_20231104205303.JPG', 0, 50, 0, '2023-11-04 17:53:03', '2024-11-18 04:21:08'),
(21, 38, '/public/Image/38_20231104205336.JPG', 0, 50, 0, '2023-11-04 17:53:36', '2024-11-18 04:21:17'),
(22, 39, '/public/Image/39_20231104205359.JPG', 0, 50, 0, '2023-11-04 17:53:59', '2024-02-28 13:39:10'),
(23, 43, '/public/Image/43_20231104205457.JPG', 0, 50, 0, '2023-11-04 17:54:57', '2024-11-18 04:21:49'),
(24, 44, '/public/Image/44_20231104205515.JPG', 1, 50, 0, '2023-11-04 17:55:15', '2024-01-22 03:55:13'),
(25, 45, '/public/Image/45_20231104205534.JPG', 0, 50, 0, '2023-11-04 17:55:34', '2025-06-01 05:59:54'),
(26, 46, '/public/Image/46_20231104205552.JPG', 0, 50, 0, '2023-11-04 17:55:52', '2024-02-28 06:36:00'),
(27, 47, '/public/Image/47_20231104205614.JPG', 0, 50, 0, '2023-11-04 17:56:14', '2025-04-07 03:43:29'),
(28, 8, '/public/Image/8_20231120112658.JPG', 0, 50, 0, '2023-11-20 08:26:58', '2024-11-18 04:18:15'),
(29, 12, '/public/Image/12_20231120112714.JPG', 0, 50, 0, '2023-11-20 08:27:14', '2024-11-18 04:18:58'),
(30, 13, '/public/Image/13_20231120112747.JPG', 0, 50, 0, '2023-11-20 08:27:47', '2024-11-18 04:19:09'),
(31, 17, '/public/Image/17_20231120112807.JPG', 0, 50, 0, '2023-11-20 08:28:07', '2025-09-19 14:55:26'),
(32, 14, '/public/Image/14_20231120112829.JPG', 0, 50, 0, '2023-11-20 08:28:29', '2024-11-18 04:19:26'),
(33, 15, '/public/Image/15_20231120112850.JPG', 0, 50, 0, '2023-11-20 08:28:50', '2025-09-19 14:55:01'),
(34, 16, '/public/Image/16_20231120112908.JPG', 0, 50, 0, '2023-11-20 08:29:08', '2025-09-19 14:55:15'),
(35, 7, '/public/Image/7_20231120112922.JPG', 0, 50, 0, '2023-11-20 08:29:22', '2024-11-18 04:19:43'),
(36, 11, '/public/Image/11_20231120112940.JPG', 0, 50, 0, '2023-11-20 08:29:40', '2024-02-28 06:33:22'),
(37, 38, '/public/Image/38_20231120112959.JPG', 0, 50, 0, '2023-11-20 08:29:59', '2024-11-18 04:21:17'),
(38, 37, '/public/Image/37_20231120113011.JPG', 0, 50, 0, '2023-11-20 08:30:11', '2024-11-18 04:21:08'),
(39, 39, '/public/Image/39_20231120113030.JPG', 0, 50, 0, '2023-11-20 08:30:30', '2024-02-28 13:35:35'),
(40, 1, '/public/Image/1_20231120113044.JPG', 0, 50, 0, '2023-11-20 08:30:44', '2025-04-06 17:58:49'),
(41, 2, '/public/Image/2_20231120113059.JPG', 0, 50, 0, '2023-11-20 08:30:59', '2024-11-18 04:17:15'),
(42, 5, '/public/Image/5_20240108065002.JPG', 0, 50, 0, '2024-01-08 03:50:02', '2024-11-18 04:17:28'),
(44, 1, '/public/Image/1_20240228083127.JPG', 1, 48, 1, '2024-02-28 06:31:27', '2025-09-27 04:40:49'),
(45, 2, '/public/Image/2_20240228083152.JPG', 0, 50, 1, '2024-02-28 06:31:52', '2024-11-18 04:17:15'),
(46, 3, '/public/Image/3_20240228083211.JPG', 1, 43, 1, '2024-02-28 06:32:11', '2025-04-06 17:18:12'),
(47, 4, '/public/Image/4_20240228083229.JPG', 1, 43, 1, '2024-02-28 06:32:29', '2025-04-06 17:52:26'),
(48, 8, '/public/Image/8_20240228083301.JPG', 0, 50, 1, '2024-02-28 06:33:01', '2024-11-18 04:18:15'),
(49, 10, '/public/Image/10_20240228083310.JPG', 0, 50, 1, '2024-02-28 06:33:10', '2025-09-19 14:54:27'),
(50, 11, '/public/Image/11_20240228083320.JPG', 1, 48, 1, '2024-02-28 06:33:20', '2025-10-05 08:15:34'),
(51, 12, '/public/Image/12_20240228083330.JPG', 0, 50, 1, '2024-02-28 06:33:30', '2024-11-18 04:18:58'),
(52, 13, '/public/Image/13_20240228083342.JPG', 0, 50, 1, '2024-02-28 06:33:42', '2024-11-18 04:19:09'),
(53, 15, '/public/Image/15_20240228083353.JPG', 0, 50, 1, '2024-02-28 06:33:53', '2025-09-19 14:55:01'),
(54, 16, '/public/Image/16_20240228083404.JPG', 0, 50, 0, '2024-02-28 06:34:04', '2025-09-19 14:55:49'),
(55, 37, '/public/Image/37_20240228083414.JPG', 0, 50, 1, '2024-02-28 06:34:14', '2024-11-18 04:21:08'),
(56, 43, '/public/Image/43_20240228083424.JPG', 0, 50, 1, '2024-02-28 06:34:24', '2024-11-18 04:21:49'),
(57, 40, '/public/Image/40_20240228083440.JPG', 0, 50, 1, '2024-02-28 06:34:40', '2025-06-01 06:00:35'),
(58, 33, '/public/Image/33_20240228083449.JPG', 0, 50, 1, '2024-02-28 06:34:49', '2025-09-19 14:55:37'),
(59, 45, '/public/Image/45_20240228083459.JPG', 0, 50, 1, '2024-02-28 06:34:59', '2025-06-01 05:59:54'),
(60, 46, '/public/Image/46_20240228083509.JPG', 1, 52, 1, '2024-02-28 06:35:09', '2025-04-07 03:43:36'),
(61, 47, '/public/Image/47_20240228083519.JPG', 0, 61, 1, '2024-02-28 06:35:19', '2025-04-07 03:43:29'),
(62, 9, '/public/Image/9_20240228153516.JPG', 0, 50, 1, '2024-02-28 13:35:16', '2025-09-19 14:54:38'),
(63, 39, '/public/Image/39_20240228153533.JPG', 1, 47, 1, '2024-02-28 13:35:33', '2025-04-06 17:26:06'),
(64, 5, '/public/Image/5_20240228153547.JPG', 0, 50, 1, '2024-02-28 13:35:47', '2024-11-18 04:17:28'),
(65, 17, '/public/Image/17_20240228153600.JPG', 0, 50, 1, '2024-02-28 13:36:00', '2025-09-19 14:55:26'),
(67, 6, '/public/Image/6_20240229102710.JPG', 0, 50, 1, '2024-02-29 08:27:10', '2024-11-18 04:17:40'),
(68, 7, '/public/Image/7_20240302073256.JPG', 0, 50, 1, '2024-03-02 05:32:56', '2024-11-18 04:19:43'),
(69, 14, '/public/Image/14_20240302073310.JPG', 0, 50, 1, '2024-03-02 05:33:10', '2024-11-18 04:19:26'),
(70, 38, '/public/Image/38_20240302073332.JPG', 0, 50, 1, '2024-03-02 05:33:32', '2024-11-18 04:21:17'),
(71, 36, '/public/Image/36_20240417094528.jpeg', 1, 50, 0, '2024-04-17 07:45:28', '2024-04-17 07:45:30'),
(73, 67, '/public/Image/67_20240622164310.jpg', 0, 50, 0, '2024-06-22 14:43:10', '2024-07-01 11:42:35'),
(74, 63, '/public/Image/63_20240623070612.jpg', 0, 50, 0, '2024-06-23 05:06:12', '2024-07-01 11:41:51'),
(75, 64, '/public/Image/64_20240623070629.jpg', 0, 50, 0, '2024-06-23 05:06:29', '2024-07-01 11:41:33'),
(77, 48, '/public/Image/48_20240701101130.jpg', 1, 50, 0, '2024-07-01 08:11:30', '2024-07-01 08:11:32'),
(78, 49, '/public/Image/49_20240701101139.jpg', 1, 50, 0, '2024-07-01 08:11:39', '2024-07-01 08:11:40'),
(79, 50, '/public/Image/50_20240701101149.jpg', 0, 50, 0, '2024-07-01 08:11:49', '2024-07-07 06:43:03'),
(80, 51, '/public/Image/51_20240701101157.jpg', 0, 50, 0, '2024-07-01 08:11:57', '2024-07-07 06:43:35'),
(81, 52, '/public/Image/52_20240701101207.jpg', 0, 50, 0, '2024-07-01 08:12:07', '2024-07-07 06:43:52'),
(86, 55, '/public/Image/55_20240701101257.jpg', 1, 50, 0, '2024-07-01 08:12:57', '2024-07-01 08:12:59'),
(87, 56, '/public/Image/56_20240701101306.jpg', 1, 50, 0, '2024-07-01 08:13:06', '2024-07-01 08:13:07'),
(88, 57, '/public/Image/57_20240701101316.jpg', 0, 50, 0, '2024-07-01 08:13:16', '2024-11-18 04:22:34'),
(89, 58, '/public/Image/58_20240701101328.jpg', 0, 50, 0, '2024-07-01 08:13:28', '2024-07-07 06:45:24'),
(90, 59, '/public/Image/59_20240701101342.jpg', 0, 50, 1, '2024-07-01 08:13:42', '2024-07-14 18:40:58'),
(91, 60, '/public/Image/60_20240701101351.jpg', 0, 50, 0, '2024-07-01 08:13:51', '2024-11-18 04:22:44'),
(92, 61, '/public/Image/61_20240701101359.jpg', 0, 50, 0, '2024-07-01 08:13:59', '2024-07-07 06:46:04'),
(93, 62, '/public/Image/62_20240701101409.jpg', 0, 50, 0, '2024-07-01 08:14:09', '2024-07-07 06:46:19'),
(94, 54, '/public/Image/54_20240701101456.jpg', 0, 50, 0, '2024-07-01 08:14:56', '2024-07-07 06:44:34'),
(95, 53, '/public/Image/53_20240701101820.jpg', 0, 50, 0, '2024-07-01 08:18:20', '2024-07-07 06:44:15'),
(96, 64, '/public/Image/64_20240701134132.jpg', 1, 50, 0, '2024-07-01 11:41:32', '2024-07-01 11:41:33'),
(97, 63, '/public/Image/63_20240701134149.jpg', 1, 50, 0, '2024-07-01 11:41:49', '2024-07-01 11:41:51'),
(98, 65, '/public/Image/65_20240701134207.jpg', 0, 50, 0, '2024-07-01 11:42:07', '2024-07-07 06:47:07'),
(99, 66, '/public/Image/66_20240701134223.jpg', 1, 50, 0, '2024-07-01 11:42:23', '2024-07-01 11:42:25'),
(100, 67, '/public/Image/67_20240701134234.jpg', 1, 50, 0, '2024-07-01 11:42:34', '2024-07-01 11:42:35'),
(101, 68, '/public/Image/68_20240701134242.jpg', 1, 54, 0, '2024-07-01 11:42:42', '2025-04-06 17:28:44'),
(102, 69, '/public/Image/69_20240701134252.jpg', 1, 44, 1, '2024-07-01 11:42:52', '2025-04-06 17:51:18'),
(103, 70, '/public/Image/70_20240701134302.jpg', 1, 53, 0, '2024-07-01 11:43:02', '2025-04-06 17:51:12'),
(104, 71, '/public/Image/71_20240701134313.jpg', 1, 47, 0, '2024-07-01 11:43:13', '2025-04-06 17:28:51'),
(105, 72, '/public/Image/72_20240701134330.jpg', 1, 50, 1, '2024-07-01 11:43:30', '2024-08-15 04:29:08'),
(106, 73, '/public/Image/73_20240701134340.jpg', 1, 50, 0, '2024-07-01 11:43:40', '2024-07-01 11:43:41'),
(107, 74, '/public/Image/74_20240701134349.jpg', 1, 50, 0, '2024-07-01 11:43:49', '2024-07-01 11:43:50'),
(108, 75, '/public/Image/75_20240701134358.jpg', 0, 50, 0, '2024-07-01 11:43:58', '2024-07-07 06:47:36'),
(109, 76, '/public/Image/76_20240701134408.jpg', 1, 50, 0, '2024-07-01 11:44:08', '2024-07-01 11:44:09'),
(110, 77, '/public/Image/77_20240701134418.jpg', 1, 50, 1, '2024-07-01 11:44:18', '2024-08-15 04:28:58'),
(111, 50, '/public/Image/50_20240707084301.JPG', 1, 50, 0, '2024-07-07 06:43:01', '2024-07-07 06:43:03'),
(112, 51, '/public/Image/51_20240707084333.JPG', 1, 50, 1, '2024-07-07 06:43:33', '2024-07-14 18:40:36'),
(113, 52, '/public/Image/52_20240707084350.JPG', 1, 50, 0, '2024-07-07 06:43:50', '2024-07-07 06:43:52'),
(114, 53, '/public/Image/53_20240707084414.JPG', 1, 50, 0, '2024-07-07 06:44:14', '2024-07-07 06:44:15'),
(115, 54, '/public/Image/54_20240707084432.JPG', 1, 50, 0, '2024-07-07 06:44:32', '2024-07-07 06:44:34'),
(116, 57, '/public/Image/57_20240707084507.JPG', 0, 50, 0, '2024-07-07 06:45:07', '2024-11-18 04:22:34'),
(117, 58, '/public/Image/58_20240707084522.JPG', 1, 50, 0, '2024-07-07 06:45:22', '2024-07-07 06:45:24'),
(118, 59, '/public/Image/59_20240707084540.JPG', 1, 50, 0, '2024-07-07 06:45:40', '2024-07-07 06:45:42'),
(119, 61, '/public/Image/61_20240707084603.JPG', 1, 50, 0, '2024-07-07 06:46:03', '2024-07-07 06:46:04'),
(120, 62, '/public/Image/62_20240707084618.JPG', 1, 50, 0, '2024-07-07 06:46:18', '2024-07-07 06:46:19'),
(121, 65, '/public/Image/65_20240707084706.JPG', 1, 50, 0, '2024-07-07 06:47:06', '2024-07-07 06:47:07'),
(122, 75, '/public/Image/75_20240707084734.JPG', 1, 50, 0, '2024-07-07 06:47:34', '2024-07-07 06:47:36'),
(123, 88, '/public/Image/88_20240807085733.jpg', 1, 50, 0, '2024-08-07 06:57:33', '2024-08-07 06:57:35'),
(124, 87, '/public/Image/87_20240807085754.jpg', 0, 50, 0, '2024-08-07 06:57:54', '2024-12-04 17:59:09'),
(125, 86, '/public/Image/86_20240807085812.jpg', 1, 50, 0, '2024-08-07 06:58:12', '2024-08-07 06:58:14'),
(126, 85, '/public/Image/85_20240807085837.jpg', 1, 50, 0, '2024-08-07 06:58:37', '2024-08-07 06:58:38'),
(127, 84, '/public/Image/84_20240807085854.jpg', 0, 50, 0, '2024-08-07 06:58:54', '2024-12-04 17:58:57'),
(128, 83, '/public/Image/83_20240807085911.jpg', 1, 50, 0, '2024-08-07 06:59:11', '2024-08-07 06:59:13'),
(129, 82, '/public/Image/82_20240807085924.jpg', 1, 50, 0, '2024-08-07 06:59:24', '2024-08-07 06:59:26'),
(130, 81, '/public/Image/81_20240807085940.jpg', 1, 50, 0, '2024-08-07 06:59:40', '2024-08-07 06:59:41'),
(131, 80, '/public/Image/80_20240807090001.jpg', 1, 50, 0, '2024-08-07 07:00:01', '2024-08-07 07:00:02'),
(132, 79, '/public/Image/79_20240807090030.jpg', 1, 50, 0, '2024-08-07 07:00:30', '2024-08-07 07:00:31'),
(133, 89, '/public/Image/89_20240812163254.JPG', 0, 50, 0, '2024-08-12 14:32:54', '2025-05-31 18:45:02'),
(134, 90, '/public/Image/90_20240812163308.JPG', 1, 50, 0, '2024-08-12 14:33:08', '2024-08-12 14:33:09'),
(135, 91, '/public/Image/91_20240812163328.JPG', 0, 50, 0, '2024-08-12 14:33:28', '2024-11-18 04:22:56'),
(136, 92, '/public/Image/92_20240812163345.JPG', 1, 50, 0, '2024-08-12 14:33:45', '2024-08-12 14:33:46'),
(137, 93, '/public/Image/93_20240812163356.JPG', 1, 50, 0, '2024-08-12 14:33:56', '2024-08-12 14:33:57'),
(138, 94, '/public/Image/94_20240812163407.JPG', 0, 50, 1, '2024-08-12 14:34:07', '2024-12-04 17:59:35'),
(139, 95, '/public/Image/95_20240812163419.JPG', 0, 50, 0, '2024-08-12 14:34:19', '2024-12-04 17:59:46'),
(140, 96, '/public/Image/96_20240812163428.JPG', 1, 50, 0, '2024-08-12 14:34:28', '2024-08-12 14:34:29'),
(141, 97, '/public/Image/97_20240812163439.JPG', 0, 50, 0, '2024-08-12 14:34:39', '2024-12-04 17:59:57'),
(142, 98, '/public/Image/98_20240812163450.JPG', 1, 50, 0, '2024-08-12 14:34:50', '2024-08-12 14:34:51'),
(143, 99, '/public/Image/99_20240812163459.JPG', 1, 50, 0, '2024-08-12 14:34:59', '2024-08-12 14:35:00'),
(144, 100, '/public/Image/100_20240812163511.JPG', 1, 50, 0, '2024-08-12 14:35:11', '2024-08-12 14:35:12'),
(145, 101, '/public/Image/101_20240812163520.JPG', 1, 50, 0, '2024-08-12 14:35:20', '2024-08-12 14:35:22'),
(146, 102, '/public/Image/102_20240812163528.JPG', 1, 50, 1, '2024-08-12 14:35:28', '2024-08-15 04:29:03'),
(147, 103, '/public/Image/103_20241117142923.jpg', 0, 50, 0, '2024-11-17 13:29:23', '2025-06-01 05:59:04'),
(148, 103, '/public/Image/103_20241117222114.JPG', 0, 50, 0, '2024-11-17 21:21:14', '2025-06-01 06:01:56'),
(149, 1, '/public/Image/1_20241118051656.jpg', 0, 48, 1, '2024-11-18 04:16:56', '2025-09-19 14:56:06'),
(150, 2, '/public/Image/2_20241118051712.jpg', 1, 50, 1, '2024-11-18 04:17:12', '2025-04-07 03:34:57'),
(151, 5, '/public/Image/5_20241118051726.jpg', 1, 48, 0, '2024-11-18 04:17:26', '2025-04-06 17:20:39'),
(152, 6, '/public/Image/6_20241118051738.jpg', 1, 40, 0, '2024-11-18 04:17:38', '2025-10-05 08:15:14'),
(154, 8, '/public/Image/8_20241118051812.jpg', 1, 48, 0, '2024-11-18 04:18:12', '2025-04-06 17:24:36'),
(155, 9, '/public/Image/9_20241118051828.jpg', 0, 50, 0, '2024-11-18 04:18:28', '2025-09-19 14:54:38'),
(156, 10, '/public/Image/10_20241118051842.jpg', 0, 47, 0, '2024-11-18 04:18:42', '2025-09-19 14:54:27'),
(157, 12, '/public/Image/12_20241118051855.jpg', 1, 41, 0, '2024-11-18 04:18:56', '2025-04-06 17:24:49'),
(158, 13, '/public/Image/13_20241118051906.jpg', 1, 66, 1, '2024-11-18 04:19:06', '2025-04-06 17:24:58'),
(159, 14, '/public/Image/14_20241118051924.jpg', 1, 63, 0, '2024-11-18 04:19:24', '2025-04-06 17:25:07'),
(160, 7, '/public/Image/7_20241118051940.jpg', 1, 41, 0, '2024-11-18 04:19:40', '2025-04-06 17:24:31'),
(161, 15, '/public/Image/15_20241118052000.jpg', 0, 42, 0, '2024-11-18 04:20:00', '2025-09-19 14:56:10'),
(162, 16, '/public/Image/16_20241118052015.jpg', 0, 45, 0, '2024-11-18 04:20:15', '2025-09-19 14:56:10'),
(163, 17, '/public/Image/17_20241118052026.jpg', 0, 44, 0, '2024-11-18 04:20:26', '2025-09-19 14:55:26'),
(164, 33, '/public/Image/33_20241118052055.jpg', 0, 42, 0, '2024-11-18 04:20:55', '2025-09-19 14:55:37'),
(165, 37, '/public/Image/37_20241118052105.jpg', 1, 50, 0, '2024-11-18 04:21:05', '2024-11-18 04:21:08'),
(166, 38, '/public/Image/38_20241118052115.jpg', 1, 46, 0, '2024-11-18 04:21:15', '2025-04-06 17:26:00'),
(167, 40, '/public/Image/40_20241118052131.jpg', 0, 22, 0, '2024-11-18 04:21:31', '2025-06-01 06:00:35'),
(168, 43, '/public/Image/43_20241118052147.jpg', 1, 58, 0, '2024-11-18 04:21:47', '2025-04-06 17:27:52'),
(169, 45, '/public/Image/45_20241118052203.jpg', 0, 52, 0, '2024-11-18 04:22:03', '2025-06-01 05:59:54'),
(170, 47, '/public/Image/47_20241118052223.jpg', 1, 74, 0, '2024-11-18 04:22:23', '2025-04-07 03:43:29'),
(171, 57, '/public/Image/57_20241118052233.jpg', 1, 33, 0, '2024-11-18 04:22:33', '2025-04-06 17:28:26'),
(172, 60, '/public/Image/60_20241118052242.jpg', 1, 31, 0, '2024-11-18 04:22:42', '2025-06-01 06:02:05'),
(173, 91, '/public/Image/91_20241118052254.jpg', 1, 50, 1, '2024-11-18 04:22:54', '2024-11-18 04:25:38'),
(174, 108, '/public/Image/108_20241124135200.jpg', 0, 50, 0, '2024-11-24 12:52:00', '2025-06-01 06:00:14'),
(175, 109, '/public/Image/109_20241124135243.jpg', 0, 50, 0, '2024-11-24 12:52:43', '2024-12-21 19:02:19'),
(176, 107, '/public/Image/107_20241124135347.jpg', 0, 50, 0, '2024-11-24 12:53:47', '2025-06-01 06:01:07'),
(177, 104, '/public/Image/104_20241124135409.jpg', 0, 50, 0, '2024-11-24 12:54:09', '2024-12-21 19:01:30'),
(178, 105, '/public/Image/105_20241124135435.jpg', 0, 50, 0, '2024-11-24 12:54:35', '2024-12-21 19:01:48'),
(180, 106, '/public/Image/106_20241124135747.jpg', 0, 50, 0, '2024-11-24 12:57:47', '2024-12-21 19:01:57'),
(181, 110, '/public/Image/110_20241130182939.jpg', 0, 50, 0, '2024-11-30 17:29:39', '2025-06-01 05:59:31'),
(182, 84, '/public/Image/84_20241204185855.jpg', 1, 50, 0, '2024-12-04 17:58:55', '2024-12-04 17:58:57'),
(183, 87, '/public/Image/87_20241204185907.jpg', 1, 50, 0, '2024-12-04 17:59:07', '2024-12-04 17:59:09'),
(184, 89, '/public/Image/89_20241204185918.jpg', 0, 49, 1, '2024-12-04 17:59:18', '2025-05-31 18:45:02'),
(185, 94, '/public/Image/94_20241204185934.jpg', 1, 65, 0, '2024-12-04 17:59:34', '2025-04-06 17:56:14'),
(186, 95, '/public/Image/95_20241204185944.jpg', 1, 50, 0, '2024-12-04 17:59:44', '2024-12-04 17:59:46'),
(187, 97, '/public/Image/97_20241204185956.jpg', 1, 50, 0, '2024-12-04 17:59:56', '2024-12-21 19:02:42'),
(188, 104, '/public/Image/104_20241221200129.jpg', 1, 51, 1, '2024-12-21 19:01:29', '2025-04-06 17:29:37'),
(189, 105, '/public/Image/105_20241221200146.jpg', 1, 41, 1, '2024-12-21 19:01:46', '2025-04-06 17:29:47'),
(190, 106, '/public/Image/106_20241221200155.jpg', 1, 46, 1, '2024-12-21 19:01:55', '2025-04-06 17:29:54'),
(191, 107, '/public/Image/107_20241221200204.jpg', 0, 41, 0, '2024-12-21 19:02:04', '2025-06-01 06:02:21'),
(192, 108, '/public/Image/108_20241221200211.jpg', 0, 41, 0, '2024-12-21 19:02:11', '2025-06-01 06:02:19'),
(193, 109, '/public/Image/109_20241221200218.jpg', 1, 47, 1, '2024-12-21 19:02:18', '2025-04-06 17:30:13'),
(194, 110, '/public/Image/110_20241221200225.jpg', 0, 48, 0, '2024-12-21 19:02:25', '2025-06-01 06:02:16'),
(195, 89, '/public/Image/89_20250202151921.jpg', 0, 69, 0, '2025-02-02 14:19:21', '2025-06-01 06:02:15'),
(196, 89, '/public/Image/89_20250531204456.jpg', 1, 52, 0, '2025-05-31 18:44:56', '2025-05-31 18:45:09'),
(197, 103, '/public/Image/103_20250601075902.jpg', 1, 57, 1, '2025-06-01 05:59:02', '2025-06-01 06:02:13'),
(198, 110, '/public/Image/110_20250601075929.jpg', 1, 50, 1, '2025-06-01 05:59:29', '2025-06-01 06:02:12'),
(199, 45, '/public/Image/45_20250601075952.jpg', 1, 54, 1, '2025-06-01 05:59:52', '2025-06-01 06:02:12'),
(200, 108, '/public/Image/108_20250601080013.jpg', 1, 45, 1, '2025-06-01 06:00:13', '2025-06-01 06:06:27'),
(201, 40, '/public/Image/40_20250601080034.jpg', 1, 53, 1, '2025-06-01 06:00:34', '2025-06-01 06:02:11'),
(202, 107, '/public/Image/107_20250601080104.jpg', 1, 47, 1, '2025-06-01 06:01:04', '2025-06-01 06:02:11'),
(203, 111, '/public/Image/111_20250710172224.jpg', 0, 50, 0, '2025-07-10 15:22:24', '2025-07-24 16:54:38'),
(204, 112, '/public/Image/112_20250710172247.jpg', 0, 0, 0, '2025-07-10 15:22:47', '2025-07-24 16:54:52'),
(205, 113, '/public/Image/113_20250710172310.jpg', 1, 50, 0, '2025-07-10 15:23:10', '2025-07-10 15:23:12'),
(206, 114, '/public/Image/114_20250710172329.jpg', 0, 45, 0, '2025-07-10 15:23:29', '2025-07-24 16:55:43'),
(207, 115, '/public/Image/115_20250710172343.jpg', 0, 50, 0, '2025-07-10 15:23:43', '2025-07-24 16:56:06'),
(208, 116, '/public/Image/116_20250710172405.jpg', 0, 20, 0, '2025-07-10 15:24:05', '2025-07-24 16:56:29'),
(209, 117, '/public/Image/117_20250710172422.jpg', 0, 44, 0, '2025-07-10 15:24:22', '2025-07-24 16:56:52'),
(210, 119, '/public/Image/119_20250710172538.jpg', 0, 37, 0, '2025-07-10 15:25:38', '2025-07-24 16:57:34'),
(211, 120, '/public/Image/120_20250710172622.jpg', 0, 43, 0, '2025-07-10 15:26:22', '2025-07-24 16:57:59'),
(212, 121, '/public/Image/121_20250710172640.jpg', 0, 27, 0, '2025-07-10 15:26:40', '2025-07-24 16:58:18'),
(213, 122, '/public/Image/122_20250710172714.jpg', 0, 50, 0, '2025-07-10 15:27:14', '2025-07-24 16:58:54'),
(214, 123, '/public/Image/123_20250710172736.jpg', 0, 50, 0, '2025-07-10 15:27:36', '2025-07-24 16:59:24'),
(215, 128, '/public/Image/128_20250710172755.jpg', 0, 50, 0, '2025-07-10 15:27:55', '2025-07-24 17:01:19'),
(216, 118, '/public/Image/118_20250712162153.jpg', 0, 52, 0, '2025-07-12 14:21:53', '2025-07-24 17:06:12'),
(217, 124, '/public/Image/124_20250712162208.jpg', 0, 50, 0, '2025-07-12 14:22:08', '2025-07-24 16:59:55'),
(218, 125, '/public/Image/125_20250712162221.jpg', 0, 44, 0, '2025-07-12 14:22:21', '2025-07-24 17:00:16'),
(219, 126, '/public/Image/126_20250712162236.jpg', 0, 50, 0, '2025-07-12 14:22:36', '2025-07-24 17:00:33'),
(220, 127, '/public/Image/127_20250712162246.jpg', 0, 50, 0, '2025-07-12 14:22:46', '2025-07-24 17:00:59'),
(221, 129, '/public/Image/129_20250712162257.jpg', 0, 67, 0, '2025-07-12 14:22:57', '2025-07-24 17:01:44'),
(222, 130, '/public/Image/130_20250712162312.jpg', 0, 44, 0, '2025-07-12 14:23:12', '2025-07-24 17:02:12'),
(223, 131, '/public/Image/131_20250712163030.jpg', 0, 16, 0, '2025-07-12 14:30:31', '2025-07-27 08:28:32'),
(224, 132, '/public/Image/132_20250712163047.jpg', 0, 23, 0, '2025-07-12 14:30:47', '2025-07-27 08:28:55'),
(225, 133, '/public/Image/133_20250712163105.jpg', 0, 29, 0, '2025-07-12 14:31:05', '2025-07-27 08:29:16'),
(226, 134, '/public/Image/134_20250712163126.jpg', 0, 23, 0, '2025-07-12 14:31:26', '2025-07-27 08:29:42'),
(227, 135, '/public/Image/135_20250712163144.jpg', 0, 65, 0, '2025-07-12 14:31:44', '2025-11-22 09:22:42'),
(228, 136, '/public/Image/136_20250712163202.jpg', 0, 50, 0, '2025-07-12 14:32:02', '2025-11-22 09:22:57'),
(229, 137, '/public/Image/137_20250712163215.jpg', 0, 60, 0, '2025-07-12 14:32:15', '2025-07-27 08:30:33'),
(230, 138, '/public/Image/138_20250712163228.jpg', 0, 22, 0, '2025-07-12 14:32:28', '2025-11-22 09:23:09'),
(231, 139, '/public/Image/139_20250712163244.jpg', 0, 44, 0, '2025-07-12 14:32:44', '2025-07-27 08:31:18'),
(232, 140, '/public/Image/140_20250712163257.jpg', 0, 49, 0, '2025-07-12 14:32:57', '2025-07-27 08:31:31'),
(233, 141, '/public/Image/141_20250712163308.jpg', 0, 78, 0, '2025-07-12 14:33:08', '2025-07-27 08:31:58'),
(234, 142, '/public/Image/142_20250712163332.jpg', 0, 53, 0, '2025-07-12 14:33:32', '2025-07-27 08:32:22'),
(235, 143, '/public/Image/143_20250712163359.jpg', 0, 61, 0, '2025-07-12 14:33:59', '2025-07-27 08:32:37'),
(236, 144, '/public/Image/144_20250712163411.jpg', 0, 47, 0, '2025-07-12 14:34:11', '2025-07-27 08:57:52'),
(237, 145, '/public/Image/145_20250712163431.jpg', 0, 60, 0, '2025-07-12 14:34:31', '2025-07-27 08:33:31'),
(238, 146, '/public/Image/146_20250712163457.jpg', 0, 68, 0, '2025-07-12 14:34:57', '2025-07-27 08:34:18'),
(239, 147, '/public/Image/147_20250712163513.jpg', 0, 33, 0, '2025-07-12 14:35:13', '2025-07-27 08:34:39'),
(240, 111, '/public/Image/111_20250724185352.JPG', 0, 50, 0, '2025-07-24 16:53:52', '2025-07-24 16:54:38'),
(241, 111, '/public/Image/111_20250724185358.JPG', 1, 50, 0, '2025-07-24 16:53:58', '2025-07-24 16:54:38'),
(242, 112, '/public/Image/112_20250724185451.JPG', 1, 50, 0, '2025-07-24 16:54:51', '2025-07-24 16:54:52'),
(243, 113, '/public/Image/113_20250724185503.JPG', 0, 50, 0, '2025-07-24 16:55:04', '2025-07-24 16:55:04'),
(245, 113, '/public/Image/113_20250724185522.JPG', 0, 50, 0, '2025-07-24 16:55:22', '2025-07-24 16:55:22'),
(246, 114, '/public/Image/114_20250724185535.JPG', 0, 50, 0, '2025-07-24 16:55:35', '2025-07-24 16:55:43'),
(247, 114, '/public/Image/114_20250724185542.JPG', 1, 50, 0, '2025-07-24 16:55:42', '2025-07-24 16:55:43'),
(248, 115, '/public/Image/115_20250724185558.JPG', 0, 50, 0, '2025-07-24 16:55:58', '2025-07-24 16:56:06'),
(249, 115, '/public/Image/115_20250724185603.JPG', 1, 50, 0, '2025-07-24 16:56:03', '2025-07-24 16:56:06'),
(250, 116, '/public/Image/116_20250724185620.JPG', 0, 50, 0, '2025-07-24 16:56:20', '2025-07-24 16:56:29'),
(251, 116, '/public/Image/116_20250724185627.JPG', 1, 54, 0, '2025-07-24 16:56:27', '2025-07-24 16:56:34'),
(252, 117, '/public/Image/117_20250724185644.JPG', 0, 50, 0, '2025-07-24 16:56:44', '2025-07-24 16:56:52'),
(253, 117, '/public/Image/117_20250724185650.JPG', 1, 50, 0, '2025-07-24 16:56:50', '2025-07-24 16:56:52'),
(254, 118, '/public/Image/118_20250724185709.JPG', 1, 50, 0, '2025-07-24 16:57:09', '2025-07-24 17:06:12'),
(255, 118, '/public/Image/118_20250724185717.JPG', 0, 50, 0, '2025-07-24 16:57:17', '2025-07-24 17:06:12'),
(256, 119, '/public/Image/119_20250724185733.JPG', 1, 50, 0, '2025-07-24 16:57:33', '2025-07-24 16:57:34'),
(257, 120, '/public/Image/120_20250724185758.JPG', 1, 50, 0, '2025-07-24 16:57:58', '2025-07-24 16:57:59'),
(258, 121, '/public/Image/121_20250724185816.JPG', 1, 50, 0, '2025-07-24 16:58:16', '2025-07-24 16:58:18'),
(260, 122, '/public/Image/122_20250724185843.JPG', 1, 50, 0, '2025-07-24 16:58:43', '2025-07-24 16:58:54'),
(261, 122, '/public/Image/122_20250724185851.JPG', 0, 50, 0, '2025-07-24 16:58:51', '2025-07-24 16:58:54'),
(262, 123, '/public/Image/123_20250724185916.JPG', 0, 50, 0, '2025-07-24 16:59:16', '2025-07-24 16:59:24'),
(263, 123, '/public/Image/123_20250724185922.JPG', 1, 46, 0, '2025-07-24 16:59:22', '2025-07-24 16:59:29'),
(264, 124, '/public/Image/124_20250724185942.JPG', 0, 50, 0, '2025-07-24 16:59:42', '2025-07-24 16:59:55'),
(265, 124, '/public/Image/124_20250724185953.JPG', 1, 50, 0, '2025-07-24 16:59:53', '2025-07-24 16:59:55'),
(266, 125, '/public/Image/125_20250724190012.JPG', 1, 50, 0, '2025-07-24 17:00:12', '2025-07-24 17:00:16'),
(267, 126, '/public/Image/126_20250724190032.JPG', 1, 39, 0, '2025-07-24 17:00:32', '2025-07-24 17:00:40'),
(268, 127, '/public/Image/127_20250724190051.JPG', 1, 50, 0, '2025-07-24 17:00:51', '2025-07-24 17:00:59'),
(269, 127, '/public/Image/127_20250724190057.JPG', 0, 50, 0, '2025-07-24 17:00:57', '2025-07-24 17:00:59'),
(270, 128, '/public/Image/128_20250724190110.JPG', 1, 42, 0, '2025-07-24 17:01:10', '2025-07-24 17:01:23'),
(271, 128, '/public/Image/128_20250724190117.JPG', 0, 50, 0, '2025-07-24 17:01:17', '2025-07-24 17:01:19'),
(272, 129, '/public/Image/129_20250724190134.JPG', 1, 50, 0, '2025-07-24 17:01:34', '2025-07-24 17:01:44'),
(273, 129, '/public/Image/129_20250724190142.JPG', 0, 50, 0, '2025-07-24 17:01:42', '2025-07-24 17:01:44'),
(274, 130, '/public/Image/130_20250724190201.JPG', 0, 50, 0, '2025-07-24 17:02:01', '2025-07-24 17:02:12'),
(275, 130, '/public/Image/130_20250724190210.JPG', 1, 50, 0, '2025-07-24 17:02:10', '2025-07-24 17:02:12'),
(276, 131, '/public/Image/131_20250727102825.JPG', 0, 50, 0, '2025-07-27 08:28:25', '2025-07-27 08:28:32'),
(277, 131, '/public/Image/131_20250727102830.JPG', 1, 50, 0, '2025-07-27 08:28:30', '2025-07-27 08:28:32'),
(278, 132, '/public/Image/132_20250727102853.JPG', 1, 50, 0, '2025-07-27 08:28:53', '2025-07-27 08:28:55'),
(279, 133, '/public/Image/133_20250727102909.JPG', 0, 50, 0, '2025-07-27 08:29:09', '2025-07-27 08:29:16'),
(280, 133, '/public/Image/133_20250727102914.JPG', 1, 50, 0, '2025-07-27 08:29:14', '2025-07-27 08:29:16'),
(281, 134, '/public/Image/134_20250727102931.JPG', 1, 50, 0, '2025-07-27 08:29:31', '2025-07-27 08:29:42'),
(282, 134, '/public/Image/134_20250727102938.JPG', 0, 50, 0, '2025-07-27 08:29:38', '2025-07-27 08:29:42'),
(283, 135, '/public/Image/135_20250727102958.JPG', 0, 50, 0, '2025-07-27 08:29:58', '2025-11-22 09:22:42'),
(284, 136, '/public/Image/136_20250727103009.JPG', 0, 50, 0, '2025-07-27 08:30:09', '2025-11-22 09:22:57'),
(285, 136, '/public/Image/136_20250727103016.JPG', 0, 50, 0, '2025-07-27 08:30:16', '2025-11-22 09:22:57'),
(286, 137, '/public/Image/137_20250727103031.JPG', 1, 50, 0, '2025-07-27 08:30:31', '2025-07-27 08:30:33'),
(287, 137, '/public/Image/137_20250727103039.JPG', 0, 50, 0, '2025-07-27 08:30:39', '2025-07-27 08:30:39'),
(288, 138, '/public/Image/138_20250727103055.JPG', 0, 50, 0, '2025-07-27 08:30:55', '2025-11-22 09:23:09'),
(289, 138, '/public/Image/138_20250727103101.JPG', 0, 50, 0, '2025-07-27 08:31:01', '2025-11-22 09:23:09'),
(290, 139, '/public/Image/139_20250727103117.JPG', 1, 50, 0, '2025-07-27 08:31:17', '2025-07-27 08:31:18'),
(291, 140, '/public/Image/140_20250727103130.JPG', 1, 50, 0, '2025-07-27 08:31:30', '2025-07-27 08:31:31'),
(292, 141, '/public/Image/141_20250727103143.JPG', 0, 50, 0, '2025-07-27 08:31:43', '2025-07-27 08:31:58'),
(293, 141, '/public/Image/141_20250727103156.JPG', 1, 50, 0, '2025-07-27 08:31:56', '2025-07-27 08:31:58'),
(294, 142, '/public/Image/142_20250727103214.JPG', 1, 50, 0, '2025-07-27 08:32:14', '2025-07-27 08:32:22'),
(295, 142, '/public/Image/142_20250727103220.JPG', 0, 50, 0, '2025-07-27 08:32:20', '2025-07-27 08:32:22'),
(296, 143, '/public/Image/143_20250727103236.JPG', 1, 50, 0, '2025-07-27 08:32:36', '2025-07-27 08:32:37'),
(297, 144, '/public/Image/144_20250727103250.JPG', 0, 50, 0, '2025-07-27 08:32:50', '2025-07-27 08:57:52'),
(298, 144, '/public/Image/144_20250727103256.JPG', 1, 50, 0, '2025-07-27 08:32:56', '2025-07-27 08:57:52'),
(299, 145, '/public/Image/145_20250727103311.JPG', 1, 50, 0, '2025-07-27 08:33:11', '2025-07-27 08:33:31'),
(300, 145, '/public/Image/145_20250727103325.JPG', 0, 50, 0, '2025-07-27 08:33:25', '2025-07-27 08:33:31'),
(301, 146, '/public/Image/146_20250727103410.JPG', 1, 50, 0, '2025-07-27 08:34:10', '2025-07-27 08:34:18'),
(302, 146, '/public/Image/146_20250727103416.JPG', 0, 50, 0, '2025-07-27 08:34:16', '2025-07-27 08:34:18'),
(303, 147, '/public/Image/147_20250727103432.JPG', 1, 50, 0, '2025-07-27 08:34:32', '2025-07-27 08:34:39'),
(304, 147, '/public/Image/147_20250727103438.JPG', 0, 50, 0, '2025-07-27 08:34:38', '2025-07-27 08:34:39'),
(305, 149, '/public/Image/149_20250727103502.JPG', 0, 50, 0, '2025-07-27 08:35:02', '2025-11-22 09:23:20'),
(306, 149, '/public/Image/149_20250727103508.JPG', 0, 50, 0, '2025-07-27 08:35:08', '2025-11-22 09:23:20'),
(307, 150, '/public/Image/150_20250727103522.JPG', 0, 50, 0, '2025-07-27 08:35:22', '2025-07-27 08:35:30'),
(308, 150, '/public/Image/150_20250727103528.JPG', 1, 50, 0, '2025-07-27 08:35:28', '2025-07-27 08:35:30'),
(309, 151, '/public/Image/151_20250727103541.JPG', 1, 50, 0, '2025-07-27 08:35:41', '2025-07-27 08:35:50'),
(310, 151, '/public/Image/151_20250727103548.JPG', 0, 50, 0, '2025-07-27 08:35:48', '2025-07-27 08:35:50'),
(311, 152, '/public/Image/152_20250727103602.JPG', 0, 50, 0, '2025-07-27 08:36:02', '2025-07-27 08:36:10'),
(312, 152, '/public/Image/152_20250727103608.JPG', 1, 50, 0, '2025-07-27 08:36:08', '2025-07-27 08:36:10'),
(313, 153, '/public/Image/153_20250727103619.JPG', 0, 50, 0, '2025-07-27 08:36:19', '2025-11-22 09:23:35'),
(314, 153, '/public/Image/153_20250727103628.JPG', 0, 50, 0, '2025-07-27 08:36:28', '2025-11-22 09:23:35'),
(315, 154, '/public/Image/154_20250727103642.JPG', 0, 50, 0, '2025-07-27 08:36:42', '2025-07-27 08:36:51'),
(316, 154, '/public/Image/154_20250727103649.JPG', 1, 50, 0, '2025-07-27 08:36:49', '2025-07-27 08:36:51'),
(317, 155, '/public/Image/155_20250727103708.JPG', 0, 50, 0, '2025-07-27 08:37:08', '2025-11-22 09:23:47'),
(318, 155, '/public/Image/155_20250727103714.JPG', 0, 50, 0, '2025-07-27 08:37:14', '2025-11-22 09:23:47'),
(319, 156, '/public/Image/156_20250727103728.JPG', 1, 50, 0, '2025-07-27 08:37:28', '2025-07-27 08:37:39'),
(320, 156, '/public/Image/156_20250727103736.JPG', 0, 50, 0, '2025-07-27 08:37:36', '2025-07-27 08:37:39'),
(322, 157, '/public/Image/157_20250727103756.JPG', 1, 50, 0, '2025-07-27 08:37:56', '2025-07-27 08:38:07'),
(323, 158, '/public/Image/158_20250727103824.JPG', 0, 50, 0, '2025-07-27 08:38:24', '2025-11-22 09:24:23'),
(324, 159, '/public/Image/159_20250727103849.JPG', 1, 50, 0, '2025-07-27 08:38:49', '2025-07-27 08:38:58'),
(325, 159, '/public/Image/159_20250727103856.JPG', 0, 50, 0, '2025-07-27 08:38:56', '2025-07-27 08:38:58'),
(326, 160, '/public/Image/160_20250727103909.JPG', 0, 50, 0, '2025-07-27 08:39:09', '2025-11-22 09:24:32'),
(327, 160, '/public/Image/160_20250727103915.JPG', 0, 50, 0, '2025-07-27 08:39:15', '2025-11-22 09:24:32'),
(328, 162, '/public/Image/162_20250727104010.JPG', 0, 50, 0, '2025-07-27 08:40:10', '2025-07-27 08:40:16'),
(329, 162, '/public/Image/162_20250727104014.JPG', 1, 53, 0, '2025-07-27 08:40:14', '2025-07-27 08:40:20'),
(330, 163, '/public/Image/163_20250812155340.JPG', 0, 50, 0, '2025-08-12 13:53:40', '2025-08-12 13:53:45'),
(331, 163, '/public/Image/163_20250812155343.JPG', 1, 46, 0, '2025-08-12 13:53:43', '2025-08-12 13:53:49'),
(332, 164, '/public/Image/164_20250812155355.JPG', 0, 50, 0, '2025-08-12 13:53:55', '2025-08-12 13:54:01'),
(333, 164, '/public/Image/164_20250812155359.JPG', 1, 60, 0, '2025-08-12 13:53:59', '2025-08-12 13:54:06'),
(334, 165, '/public/Image/165_20250812155414.JPG', 1, 50, 0, '2025-08-12 13:54:14', '2025-08-12 13:54:21'),
(335, 165, '/public/Image/165_20250812155419.JPG', 0, 50, 0, '2025-08-12 13:54:19', '2025-08-12 13:54:21'),
(336, 166, '/public/Image/166_20250812155433.JPG', 0, 50, 0, '2025-08-12 13:54:33', '2025-08-12 13:54:38'),
(337, 166, '/public/Image/166_20250812155436.JPG', 1, 50, 0, '2025-08-12 13:54:36', '2025-08-12 13:54:38'),
(338, 167, '/public/Image/167_20250812155448.JPG', 1, 46, 0, '2025-08-12 13:54:48', '2025-08-12 13:54:58'),
(339, 167, '/public/Image/167_20250812155454.JPG', 0, 50, 0, '2025-08-12 13:54:54', '2025-08-12 13:54:54'),
(340, 168, '/public/Image/168_20250812155511.JPG', 1, 50, 0, '2025-08-12 13:55:11', '2025-08-12 13:55:12'),
(341, 168, '/public/Image/168_20250812155516.JPG', 0, 50, 0, '2025-08-12 13:55:16', '2025-08-12 13:55:16'),
(342, 169, '/public/Image/169_20250812155524.JPG', 0, 50, 0, '2025-08-12 13:55:24', '2025-08-12 13:55:32'),
(343, 169, '/public/Image/169_20250812155529.JPG', 1, 30, 0, '2025-08-12 13:55:29', '2025-08-12 13:55:37'),
(344, 170, '/public/Image/170_20250812155546.JPG', 1, 46, 0, '2025-08-12 13:55:46', '2025-08-12 13:55:58'),
(345, 170, '/public/Image/170_20250812155552.JPG', 0, 50, 0, '2025-08-12 13:55:52', '2025-08-12 13:55:52'),
(346, 171, '/public/Image/171_20250812155606.JPG', 1, 50, 0, '2025-08-12 13:56:06', '2025-08-12 13:56:15'),
(347, 171, '/public/Image/171_20250812155612.JPG', 0, 50, 0, '2025-08-12 13:56:12', '2025-08-12 13:56:15'),
(348, 172, '/public/Image/172_20250812155624.JPG', 0, 50, 0, '2025-08-12 13:56:24', '2025-08-12 13:56:34'),
(349, 172, '/public/Image/172_20250812155628.JPG', 1, 50, 0, '2025-08-12 13:56:28', '2025-08-12 13:56:34'),
(350, 173, '/public/Image/173_20250812155642.JPG', 1, 47, 0, '2025-08-12 13:56:42', '2025-08-12 13:56:50'),
(351, 173, '/public/Image/173_20250812155645.JPG', 0, 50, 0, '2025-08-12 13:56:45', '2025-08-12 13:56:47'),
(352, 174, '/public/Image/174_20250812155656.JPG', 1, 50, 0, '2025-08-12 13:56:56', '2025-08-12 13:57:03'),
(353, 174, '/public/Image/174_20250812155700.JPG', 0, 50, 0, '2025-08-12 13:57:00', '2025-08-12 13:57:03'),
(354, 175, '/public/Image/175_20250812155712.JPG', 1, 46, 0, '2025-08-12 13:57:12', '2025-08-12 13:57:21'),
(355, 175, '/public/Image/175_20250812155716.JPG', 0, 50, 0, '2025-08-12 13:57:16', '2025-08-12 13:57:17'),
(356, 176, '/public/Image/176_20250812155731.JPG', 1, 50, 0, '2025-08-12 13:57:31', '2025-08-12 13:57:36'),
(357, 176, '/public/Image/176_20250812155734.JPG', 0, 50, 0, '2025-08-12 13:57:34', '2025-08-12 13:57:36'),
(358, 177, '/public/Image/177_20250812155744.JPG', 1, 50, 0, '2025-08-12 13:57:44', '2025-08-12 13:57:50'),
(359, 177, '/public/Image/177_20250812155749.JPG', 0, 50, 0, '2025-08-12 13:57:49', '2025-08-12 13:57:50'),
(360, 178, '/public/Image/178_20250812155759.JPG', 0, 50, 0, '2025-08-12 13:57:59', '2025-08-12 13:58:06'),
(361, 178, '/public/Image/178_20250812155804.JPG', 1, 50, 0, '2025-08-12 13:58:04', '2025-08-12 13:58:06'),
(362, 179, '/public/Image/179_20250812155814.JPG', 0, 50, 0, '2025-08-12 13:58:14', '2025-08-12 13:58:19'),
(363, 179, '/public/Image/179_20250812155817.JPG', 1, 50, 0, '2025-08-12 13:58:17', '2025-08-12 13:58:19'),
(364, 180, '/public/Image/180_20250812155826.JPG', 0, 50, 0, '2025-08-12 13:58:26', '2025-08-12 13:58:31'),
(365, 180, '/public/Image/180_20250812155830.JPG', 1, 50, 0, '2025-08-12 13:58:30', '2025-08-12 13:58:31'),
(368, 181, '/public/Image/181_20250828082803.JPG', 0, 50, 0, '2025-08-28 06:28:03', '2025-08-28 06:28:09'),
(369, 181, '/public/Image/181_20250828082808.JPG', 1, 50, 0, '2025-08-28 06:28:08', '2025-08-28 06:28:09'),
(370, 182, '/public/Image/182_20250828082817.JPG', 1, 50, 0, '2025-08-28 06:28:17', '2025-08-28 06:28:24'),
(371, 182, '/public/Image/182_20250828082823.JPG', 0, 50, 0, '2025-08-28 06:28:23', '2025-08-28 06:28:24'),
(372, 183, '/public/Image/183_20250828082833.JPG', 0, 50, 0, '2025-08-28 06:28:33', '2025-08-28 06:28:44'),
(373, 183, '/public/Image/183_20250828082842.JPG', 1, 50, 0, '2025-08-28 06:28:42', '2025-08-28 06:28:44'),
(374, 184, '/public/Image/184_20250828082851.JPG', 1, 50, 0, '2025-08-28 06:28:51', '2025-08-28 06:28:58'),
(375, 184, '/public/Image/184_20250828082856.JPG', 0, 50, 0, '2025-08-28 06:28:56', '2025-08-28 06:28:58'),
(376, 185, '/public/Image/185_20250828082908.JPG', 0, 50, 0, '2025-08-28 06:29:08', '2025-11-22 09:25:20'),
(377, 186, '/public/Image/186_20250828082918.JPG', 0, 50, 0, '2025-08-28 06:29:18', '2025-08-28 06:29:24'),
(378, 186, '/public/Image/186_20250828082922.JPG', 1, 50, 0, '2025-08-28 06:29:22', '2025-08-28 06:29:24'),
(380, 187, '/public/Image/187_20250828082939.JPG', 0, 50, 0, '2025-08-28 06:29:39', '2025-11-22 09:25:30'),
(381, 188, '/public/Image/188_20250828082956.JPG', 1, 50, 0, '2025-08-28 06:29:56', '2025-08-28 06:30:04'),
(382, 188, '/public/Image/188_20250828083000.JPG', 0, 50, 0, '2025-08-28 06:30:00', '2025-08-28 06:30:04'),
(383, 189, '/public/Image/189_20250828083012.JPG', 0, 50, 0, '2025-08-28 06:30:12', '2025-11-22 09:26:35'),
(384, 189, '/public/Image/189_20250828083016.JPG', 0, 50, 0, '2025-08-28 06:30:16', '2025-11-22 09:26:35'),
(385, 190, '/public/Image/190_20250828083026.JPG', 0, 50, 0, '2025-08-28 06:30:26', '2025-11-22 09:26:44'),
(386, 191, '/public/Image/191_20250828083033.JPG', 1, 50, 0, '2025-08-28 06:30:33', '2025-08-28 06:30:36'),
(387, 192, '/public/Image/192_20250828083042.JPG', 1, 50, 0, '2025-08-28 06:30:42', '2025-08-28 06:30:43'),
(388, 214, '/public/Image/214_20250914175749.JPG', 0, 50, 0, '2025-09-14 15:57:49', '2025-09-14 15:57:55'),
(389, 214, '/public/Image/214_20250914175753.JPG', 1, 50, 0, '2025-09-14 15:57:53', '2025-09-14 15:57:55'),
(390, 213, '/public/Image/213_20250914175900.JPG', 1, 48, 0, '2025-09-14 15:59:00', '2025-09-15 13:18:00'),
(391, 213, '/public/Image/213_20250914175905.JPG', 0, 50, 0, '2025-09-14 15:59:05', '2025-09-14 15:59:11'),
(392, 193, '/public/Image/193_20250919164635.JPG', 1, 50, 0, '2025-09-19 14:46:35', '2025-09-19 14:46:41'),
(393, 193, '/public/Image/193_20250919164639.JPG', 0, 50, 0, '2025-09-19 14:46:39', '2025-09-19 14:46:41'),
(394, 194, '/public/Image/194_20250919164653.JPG', 0, 50, 0, '2025-09-19 14:46:53', '2025-11-22 09:26:54'),
(395, 195, '/public/Image/195_20250919164703.JPG', 0, 50, 0, '2025-09-19 14:47:03', '2025-09-19 14:47:10'),
(396, 195, '/public/Image/195_20250919164708.JPG', 1, 45, 0, '2025-09-19 14:47:08', '2025-09-19 14:47:14'),
(397, 196, '/public/Image/196_20250919164720.JPG', 1, 50, 0, '2025-09-19 14:47:20', '2025-09-19 14:47:26'),
(398, 196, '/public/Image/196_20250919164724.JPG', 0, 50, 0, '2025-09-19 14:47:24', '2025-09-19 14:47:26'),
(399, 197, '/public/Image/197_20250919164735.JPG', 0, 50, 0, '2025-09-19 14:47:35', '2025-09-19 14:47:40'),
(400, 197, '/public/Image/197_20250919164738.JPG', 1, 50, 0, '2025-09-19 14:47:38', '2025-09-19 14:47:40'),
(401, 198, '/public/Image/198_20250919164747.JPG', 1, 50, 0, '2025-09-19 14:47:47', '2025-09-19 14:47:54'),
(402, 198, '/public/Image/198_20250919164752.JPG', 0, 50, 0, '2025-09-19 14:47:52', '2025-09-19 14:47:54'),
(403, 199, '/public/Image/199_20250919164803.JPG', 0, 50, 0, '2025-09-19 14:48:03', '2025-11-22 09:27:03'),
(404, 199, '/public/Image/199_20250919164807.JPG', 0, 50, 0, '2025-09-19 14:48:07', '2025-11-22 09:27:03'),
(405, 200, '/public/Image/200_20250919164822.JPG', 1, 50, 0, '2025-09-19 14:48:22', '2025-09-19 14:48:28'),
(406, 200, '/public/Image/200_20250919164826.JPG', 0, 50, 0, '2025-09-19 14:48:26', '2025-09-19 14:48:28'),
(407, 201, '/public/Image/201_20250919164836.JPG', 0, 50, 0, '2025-09-19 14:48:36', '2025-11-22 09:27:12'),
(408, 201, '/public/Image/201_20250919164840.JPG', 0, 50, 0, '2025-09-19 14:48:40', '2025-11-22 09:27:12'),
(409, 202, '/public/Image/202_20250919164851.JPG', 0, 50, 0, '2025-09-19 14:48:51', '2025-11-22 09:27:19'),
(410, 203, '/public/Image/203_20250919164858.JPG', 0, 50, 0, '2025-09-19 14:48:58', '2025-11-22 09:27:27'),
(411, 203, '/public/Image/203_20250919164902.JPG', 0, 50, 0, '2025-09-19 14:49:02', '2025-11-22 09:27:27'),
(412, 204, '/public/Image/204_20250919164928.JPG', 0, 50, 0, '2025-09-19 14:49:28', '2025-11-22 09:27:35'),
(413, 204, '/public/Image/204_20250919164931.JPG', 0, 50, 0, '2025-09-19 14:49:31', '2025-11-22 09:27:35'),
(414, 205, '/public/Image/205_20250919164941.JPG', 0, 50, 0, '2025-09-19 14:49:41', '2025-09-19 14:49:48'),
(415, 205, '/public/Image/205_20250919164945.JPG', 1, 50, 0, '2025-09-19 14:49:45', '2025-09-19 14:49:48'),
(416, 10, '/public/Image/10_20250919165425.JPG', 1, 45, 1, '2025-09-19 14:54:25', '2025-10-05 08:15:29'),
(417, 9, '/public/Image/9_20250919165436.JPG', 1, 50, 1, '2025-09-19 14:54:36', '2025-09-19 14:56:30'),
(418, 15, '/public/Image/15_20250919165459.JPG', 1, 50, 1, '2025-09-19 14:54:59', '2025-09-19 14:56:30'),
(419, 16, '/public/Image/16_20250919165513.JPG', 1, 56, 1, '2025-09-19 14:55:13', '2025-10-05 08:15:48'),
(420, 17, '/public/Image/17_20250919165525.JPG', 1, 51, 1, '2025-09-19 14:55:25', '2025-10-05 08:15:52'),
(421, 33, '/public/Image/33_20250919165535.JPG', 1, 50, 1, '2025-09-19 14:55:35', '2025-09-19 14:56:32'),
(422, 206, '/public/Image/206_20251011123920.JPG', 0, 50, 0, '2025-10-11 10:39:20', '2025-10-11 10:39:25'),
(423, 206, '/public/Image/206_20251011123923.JPG', 1, 50, 0, '2025-10-11 10:39:23', '2025-10-11 10:39:25'),
(424, 207, '/public/Image/207_20251011123938.JPG', 1, 46, 0, '2025-10-11 10:39:38', '2025-10-11 10:39:43'),
(425, 208, '/public/Image/208_20251011123958.JPG', 0, 50, 0, '2025-10-11 10:39:58', '2025-11-22 09:27:59'),
(426, 208, '/public/Image/208_20251011124002.JPG', 0, 50, 0, '2025-10-11 10:40:02', '2025-11-22 09:27:59'),
(427, 209, '/public/Image/209_20251011124014.JPG', 1, 50, 0, '2025-10-11 10:40:14', '2025-10-11 10:40:20'),
(428, 209, '/public/Image/209_20251011124018.JPG', 0, 50, 0, '2025-10-11 10:40:18', '2025-10-11 10:40:20'),
(429, 210, '/public/Image/210_20251011124045.JPG', 0, 50, 0, '2025-10-11 10:40:45', '2025-11-22 09:28:15'),
(430, 210, '/public/Image/210_20251011124049.JPG', 0, 50, 0, '2025-10-11 10:40:49', '2025-11-22 09:28:15'),
(431, 211, '/public/Image/211_20251011124101.JPG', 1, 50, 0, '2025-10-11 10:41:01', '2025-10-11 10:41:02'),
(432, 212, '/public/Image/212_20251011124114.JPG', 0, 50, 0, '2025-10-11 10:41:14', '2025-11-22 09:28:23'),
(433, 212, '/public/Image/212_20251011124118.JPG', 0, 50, 0, '2025-10-11 10:41:18', '2025-11-22 09:28:23'),
(434, 215, '/public/Image/215_20251011124130.JPG', 0, 50, 0, '2025-10-11 10:41:30', '2025-10-11 10:41:36'),
(435, 215, '/public/Image/215_20251011124134.JPG', 1, 50, 0, '2025-10-11 10:41:34', '2025-10-11 10:41:36'),
(436, 217, '/public/Image/217_20251011124151.JPG', 1, 50, 0, '2025-10-11 10:41:51', '2025-10-11 10:41:55'),
(437, 217, '/public/Image/217_20251011124154.JPG', 0, 50, 0, '2025-10-11 10:41:54', '2025-10-11 10:41:55'),
(438, 226, '/public/Image/226_20251013062606.JPG', 0, 72, 0, '2025-10-13 04:26:06', '2025-10-13 04:41:24'),
(439, 226, '/public/Image/226_20251013062612.JPG', 0, 50, 0, '2025-10-13 04:26:12', '2025-10-13 04:41:24'),
(440, 226, '/public/Image/226_20251013064123.JPG', 1, 50, 0, '2025-10-13 04:41:23', '2025-10-13 04:41:24'),
(441, 218, '/public/Image/218_20251021171202.JPG', 0, 50, 0, '2025-10-21 15:12:02', '2025-10-21 15:12:09'),
(442, 218, '/public/Image/218_20251021171207.JPG', 1, 50, 0, '2025-10-21 15:12:07', '2025-10-21 15:12:09'),
(443, 219, '/public/Image/219_20251021171217.JPG', 0, 50, 0, '2025-10-21 15:12:17', '2025-11-22 09:28:43'),
(444, 219, '/public/Image/219_20251021171220.JPG', 0, 50, 0, '2025-10-21 15:12:20', '2025-11-22 09:28:43'),
(447, 220, '/public/Image/220_20251021171240.JPG', 0, 50, 0, '2025-10-21 15:12:40', '2025-11-22 09:28:52'),
(448, 220, '/public/Image/220_20251021171243.JPG', 0, 50, 0, '2025-10-21 15:12:43', '2025-11-22 09:28:52'),
(449, 221, '/public/Image/221_20251021171252.JPG', 0, 50, 0, '2025-10-21 15:12:52', '2025-11-22 09:28:59'),
(450, 221, '/public/Image/221_20251021171254.JPG', 0, 50, 0, '2025-10-21 15:12:54', '2025-11-22 09:28:59'),
(451, 222, '/public/Image/222_20251021171304.JPG', 1, 50, 0, '2025-10-21 15:13:04', '2025-10-21 15:13:09'),
(452, 222, '/public/Image/222_20251021171307.JPG', 0, 50, 0, '2025-10-21 15:13:07', '2025-10-21 15:13:09'),
(453, 223, '/public/Image/223_20251021171318.JPG', 0, 50, 0, '2025-10-21 15:13:18', '2025-10-21 15:13:23'),
(454, 223, '/public/Image/223_20251021171321.JPG', 1, 50, 0, '2025-10-21 15:13:21', '2025-10-21 15:13:23'),
(455, 224, '/public/Image/224_20251021171331.JPG', 0, 50, 0, '2025-10-21 15:13:31', '2025-10-21 15:13:36'),
(456, 224, '/public/Image/224_20251021171334.JPG', 1, 50, 0, '2025-10-21 15:13:34', '2025-10-21 15:13:36'),
(457, 225, '/public/Image/225_20251021171350.JPG', 0, 50, 0, '2025-10-21 15:13:50', '2025-11-22 09:29:31'),
(458, 225, '/public/Image/225_20251021171356.JPG', 0, 50, 0, '2025-10-21 15:13:56', '2025-11-22 09:29:31'),
(459, 228, '/public/Image/228_20251104062201.JPG', 0, 15, 0, '2025-11-04 05:22:01', '2025-11-04 05:23:27'),
(460, 227, '/public/Image/227_20251104062227.JPG', 1, 29, 0, '2025-11-04 05:22:27', '2025-11-04 05:22:36'),
(461, 228, '/public/Image/228_20251104062326.JPG', 1, 24, 0, '2025-11-04 05:23:26', '2025-11-04 05:23:36'),
(462, 135, '/public/Image/135_20251122102240.JPG', 1, 50, 0, '2025-11-22 09:22:40', '2025-11-22 09:22:42'),
(463, 136, '/public/Image/136_20251122102256.JPG', 1, 50, 0, '2025-11-22 09:22:56', '2025-11-22 09:22:57'),
(464, 138, '/public/Image/138_20251122102307.JPG', 1, 50, 0, '2025-11-22 09:23:07', '2025-11-22 09:23:09'),
(465, 149, '/public/Image/149_20251122102318.JPG', 1, 50, 0, '2025-11-22 09:23:18', '2025-11-22 09:23:20'),
(466, 153, '/public/Image/153_20251122102333.JPG', 1, 50, 0, '2025-11-22 09:23:33', '2025-11-22 09:23:35'),
(467, 155, '/public/Image/155_20251122102345.JPG', 1, 50, 0, '2025-11-22 09:23:45', '2025-11-22 09:23:47'),
(468, 158, '/public/Image/158_20251122102422.JPG', 1, 50, 0, '2025-11-22 09:24:22', '2025-11-22 09:24:23'),
(469, 160, '/public/Image/160_20251122102430.JPG', 1, 50, 0, '2025-11-22 09:24:30', '2025-11-22 09:24:32'),
(470, 185, '/public/Image/185_20251122102519.JPG', 1, 50, 0, '2025-11-22 09:25:19', '2025-11-22 09:25:20'),
(471, 187, '/public/Image/187_20251122102529.JPG', 1, 50, 0, '2025-11-22 09:25:29', '2025-11-22 09:25:30'),
(473, 189, '/public/Image/189_20251122102634.JPG', 1, 50, 0, '2025-11-22 09:26:34', '2025-11-22 09:26:35'),
(474, 190, '/public/Image/190_20251122102643.JPG', 1, 50, 0, '2025-11-22 09:26:43', '2025-11-22 09:26:44'),
(475, 194, '/public/Image/194_20251122102653.JPG', 1, 50, 0, '2025-11-22 09:26:53', '2025-11-22 09:26:54'),
(476, 199, '/public/Image/199_20251122102702.JPG', 1, 50, 0, '2025-11-22 09:27:02', '2025-11-22 09:27:03'),
(477, 201, '/public/Image/201_20251122102710.JPG', 1, 50, 0, '2025-11-22 09:27:10', '2025-11-22 09:27:12'),
(478, 202, '/public/Image/202_20251122102718.JPG', 1, 50, 0, '2025-11-22 09:27:18', '2025-11-22 09:27:19'),
(479, 203, '/public/Image/203_20251122102726.JPG', 1, 50, 0, '2025-11-22 09:27:26', '2025-11-22 09:27:27'),
(480, 204, '/public/Image/204_20251122102732.JPG', 1, 50, 0, '2025-11-22 09:27:32', '2025-11-22 09:27:35'),
(481, 208, '/public/Image/208_20251122102757.JPG', 1, 50, 0, '2025-11-22 09:27:57', '2025-11-22 09:27:59'),
(482, 210, '/public/Image/210_20251122102813.JPG', 1, 50, 0, '2025-11-22 09:28:13', '2025-11-22 09:28:15'),
(483, 212, '/public/Image/212_20251122102822.JPG', 1, 50, 0, '2025-11-22 09:28:22', '2025-11-22 09:28:23'),
(484, 219, '/public/Image/219_20251122102842.JPG', 1, 50, 0, '2025-11-22 09:28:42', '2025-11-22 09:28:43'),
(485, 220, '/public/Image/220_20251122102850.JPG', 1, 50, 0, '2025-11-22 09:28:50', '2025-11-22 09:28:52'),
(486, 221, '/public/Image/221_20251122102858.JPG', 1, 50, 0, '2025-11-22 09:28:58', '2025-11-22 09:28:59'),
(487, 224, '/public/Image/224_20251122102922.JPG', 0, 50, 0, '2025-11-22 09:29:22', '2025-11-22 09:29:22'),
(488, 225, '/public/Image/225_20251122102930.JPG', 1, 50, 0, '2025-11-22 09:29:30', '2025-11-22 09:29:31'),
(489, 229, '/public/Image/229_20260109180900.JPG', 1, 47, 0, '2026-01-09 17:09:00', '2026-01-09 17:09:09'),
(490, 230, '/public/Image/230_20260109180941.JPG', 1, 50, 0, '2026-01-09 17:09:41', '2026-01-09 17:09:46'),
(491, 230, '/public/Image/230_20260109180945.JPG', 0, 50, 0, '2026-01-09 17:09:45', '2026-01-09 17:09:46');

-- --------------------------------------------------------

--
-- Struktura tabeli dla tabeli `animal_type`
--

CREATE TABLE IF NOT EXISTS `animal_type` (
  `id` bigint UNSIGNED NOT NULL AUTO_INCREMENT,
  `name` varchar(255) COLLATE utf8mb4_unicode_ci NOT NULL,
  `created_at` timestamp NULL DEFAULT NULL,
  `updated_at` timestamp NULL DEFAULT NULL,
  PRIMARY KEY (`id`)
) ENGINE=InnoDB AUTO_INCREMENT=7 DEFAULT CHARSET=utf8mb4 COLLATE=utf8mb4_unicode_ci;

--
-- RELACJE DLA TABELI `animal_type`:
--

--
-- Dumping data for table `animal_type`
--

INSERT INTO `animal_type` (`id`, `name`, `created_at`, `updated_at`) VALUES
(1, 'Wąż zbożowy (Pantherophis Guttatus)', '2023-11-04 16:00:44', '2023-11-04 16:00:44'),
(2, 'Pyton królewski (Python regius)', '2025-09-14 14:37:40', '2025-09-14 14:37:48'),
(5, 'Połoz amurski (Elaphe schrenckii)', '2025-10-12 18:09:33', '2025-10-12 18:09:33'),
(6, 'Agama brodata (Pogona vitticeps)', '2025-11-04 05:20:06', '2025-11-04 05:20:06');

-- --------------------------------------------------------

--
-- Struktura tabeli dla tabeli `animal_weights`
--

CREATE TABLE IF NOT EXISTS `animal_weights` (
  `id` bigint UNSIGNED NOT NULL AUTO_INCREMENT,
  `animal_id` bigint UNSIGNED NOT NULL,
  `value` double(8,2) NOT NULL,
  `created_at` timestamp NULL DEFAULT NULL,
  `updated_at` timestamp NULL DEFAULT NULL,
  PRIMARY KEY (`id`),
  KEY `animal_weights_animal_id_foreign` (`animal_id`)
) ENGINE=InnoDB AUTO_INCREMENT=1136 DEFAULT CHARSET=utf8mb4 COLLATE=utf8mb4_unicode_ci;

--
-- RELACJE DLA TABELI `animal_weights`:
--   `animal_id`
--       `animals` -> `id`
--

--
-- Dumping data for table `animal_weights`
--

INSERT INTO `animal_weights` (`id`, `animal_id`, `value`, `created_at`, `updated_at`) VALUES
(1, 1, 8.00, '2022-11-23 21:00:00', '2023-11-04 16:10:36'),
(2, 1, 12.00, '2022-12-20 21:00:00', '2023-11-04 16:10:36'),
(3, 1, 12.00, '2023-01-06 21:00:00', '2023-11-04 16:10:36'),
(4, 1, 14.00, '2023-01-20 21:00:00', '2023-11-04 16:10:36'),
(5, 1, 18.00, '2023-02-11 21:00:00', '2023-11-04 16:10:36'),
(6, 1, 24.00, '2023-03-04 21:00:00', '2023-11-04 16:10:36'),
(7, 1, 25.00, '2023-03-21 21:00:00', '2023-11-04 16:10:36'),
(8, 1, 35.00, '2023-04-09 18:00:00', '2023-11-04 16:10:36'),
(9, 1, 36.00, '2023-04-23 18:00:00', '2023-11-04 16:10:36'),
(10, 1, 41.00, '2023-05-08 18:00:00', '2023-11-04 16:10:36'),
(11, 1, 50.00, '2023-05-24 18:00:00', '2023-11-04 16:10:36'),
(12, 1, 50.00, '2023-06-09 18:00:00', '2023-11-04 16:10:36'),
(13, 1, 58.00, '2023-07-02 18:00:00', '2023-11-04 16:10:36'),
(14, 1, 68.00, '2023-07-28 18:00:00', '2023-11-04 16:10:36'),
(15, 1, 81.00, '2023-08-25 18:00:00', '2023-11-04 16:10:36'),
(16, 1, 105.00, '2023-09-25 18:00:00', '2023-11-04 16:10:36'),
(17, 1, 113.00, '2023-10-16 18:00:00', '2023-11-04 16:10:36'),
(18, 2, 12.00, '2022-11-23 21:00:00', '2023-11-04 16:10:37'),
(19, 2, 12.00, '2022-12-20 21:00:00', '2023-11-04 16:10:37'),
(20, 2, 15.00, '2023-01-06 21:00:00', '2023-11-04 16:10:37'),
(21, 2, 15.00, '2023-01-20 21:00:00', '2023-11-04 16:10:37'),
(22, 2, 18.00, '2023-02-11 21:00:00', '2023-11-04 16:10:37'),
(23, 2, 22.00, '2023-03-04 21:00:00', '2023-11-04 16:10:37'),
(24, 2, 24.00, '2023-03-21 21:00:00', '2023-11-04 16:10:37'),
(25, 2, 29.00, '2023-04-09 18:00:00', '2023-11-04 16:10:37'),
(26, 2, 32.00, '2023-04-23 18:00:00', '2023-11-04 16:10:37'),
(27, 2, 34.00, '2023-05-07 18:00:00', '2023-11-04 16:10:37'),
(28, 2, 39.00, '2023-05-29 18:00:00', '2023-11-04 16:10:37'),
(29, 2, 52.00, '2023-07-02 18:00:00', '2023-11-04 16:10:37'),
(30, 2, 57.00, '2023-07-28 18:00:00', '2023-11-04 16:10:37'),
(31, 2, 66.00, '2023-08-25 18:00:00', '2023-11-04 16:10:37'),
(32, 2, 85.00, '2023-09-25 18:00:00', '2023-11-04 16:10:37'),
(33, 2, 85.00, '2023-10-20 18:00:00', '2023-11-04 16:10:37'),
(34, 3, 8.00, '2022-11-23 21:00:00', '2023-11-04 16:10:37'),
(35, 3, 12.00, '2022-12-20 21:00:00', '2023-11-04 16:10:37'),
(36, 3, 12.00, '2023-01-06 21:00:00', '2023-11-04 16:10:37'),
(37, 3, 13.00, '2023-01-20 21:00:00', '2023-11-04 16:10:37'),
(38, 3, 15.00, '2023-02-09 21:00:00', '2023-11-04 16:10:37'),
(39, 3, 17.00, '2023-03-04 21:00:00', '2023-11-04 16:10:37'),
(40, 3, 20.00, '2023-03-21 21:00:00', '2023-11-04 16:10:37'),
(41, 3, 22.00, '2023-04-09 18:00:00', '2023-11-04 16:10:37'),
(42, 3, 22.00, '2023-04-23 18:00:00', '2023-11-04 16:10:37'),
(43, 3, 24.00, '2023-05-07 18:00:00', '2023-11-04 16:10:37'),
(44, 3, 26.00, '2023-05-29 18:00:00', '2023-11-04 16:10:37'),
(45, 3, 30.00, '2023-07-01 18:00:00', '2023-11-04 16:10:37'),
(46, 3, 32.00, '2023-07-28 18:00:00', '2023-11-04 16:10:37'),
(47, 3, 39.00, '2023-08-25 18:00:00', '2023-11-04 16:10:37'),
(48, 3, 43.00, '2023-09-25 18:00:00', '2023-11-04 16:10:37'),
(49, 3, 42.00, '2023-10-20 18:00:00', '2023-11-04 16:10:37'),
(50, 4, 12.00, '2022-11-23 21:00:00', '2023-11-04 16:10:37'),
(51, 4, 14.00, '2022-12-20 21:00:00', '2023-11-04 16:10:37'),
(52, 4, 17.00, '2023-01-20 21:00:00', '2023-11-04 16:10:37'),
(53, 4, 23.00, '2023-02-11 21:00:00', '2023-11-04 16:10:37'),
(54, 4, 28.00, '2023-03-03 21:00:00', '2023-11-04 16:10:37'),
(55, 4, 33.00, '2023-03-21 21:00:00', '2023-11-04 16:10:37'),
(56, 4, 41.00, '2023-04-09 18:00:00', '2023-11-04 16:10:37'),
(57, 4, 43.00, '2023-04-23 18:00:00', '2023-11-04 16:10:37'),
(58, 4, 49.00, '2023-05-08 18:00:00', '2023-11-04 16:10:37'),
(59, 4, 57.00, '2023-05-24 18:00:00', '2023-11-04 16:10:37'),
(60, 4, 57.00, '2023-06-09 18:00:00', '2023-11-04 16:10:37'),
(61, 4, 65.00, '2023-07-02 18:00:00', '2023-11-04 16:10:37'),
(62, 4, 73.00, '2023-07-28 18:00:00', '2023-11-04 16:10:37'),
(63, 4, 96.00, '2023-08-25 18:00:00', '2023-11-04 16:10:37'),
(64, 4, 103.00, '2023-09-25 18:00:00', '2023-11-04 16:10:37'),
(65, 4, 106.00, '2023-10-16 18:00:00', '2023-11-04 16:10:37'),
(66, 5, 10.00, '2022-11-23 21:00:00', '2023-11-04 16:10:37'),
(67, 5, 10.00, '2022-12-20 21:00:00', '2023-11-04 16:10:37'),
(68, 5, 11.00, '2023-01-06 21:00:00', '2023-11-04 16:10:37'),
(69, 5, 13.00, '2023-01-20 21:00:00', '2023-11-04 16:10:37'),
(70, 5, 15.00, '2023-02-11 21:00:00', '2023-11-04 16:10:37'),
(71, 5, 16.00, '2023-03-04 21:00:00', '2023-11-04 16:10:37'),
(72, 5, 16.00, '2023-03-21 21:00:00', '2023-11-04 16:10:37'),
(73, 5, 18.00, '2023-04-09 18:00:00', '2023-11-04 16:10:37'),
(74, 5, 20.00, '2023-04-23 18:00:00', '2023-11-04 16:10:37'),
(75, 5, 21.00, '2023-05-07 18:00:00', '2023-11-04 16:10:37'),
(76, 5, 26.00, '2023-05-29 18:00:00', '2023-11-04 16:10:37'),
(77, 5, 30.00, '2023-07-01 18:00:00', '2023-11-04 16:10:37'),
(78, 5, 32.00, '2023-07-28 18:00:00', '2023-11-04 16:10:37'),
(79, 5, 43.00, '2023-08-25 18:00:00', '2023-11-04 16:10:37'),
(80, 5, 51.00, '2023-09-25 18:00:00', '2023-11-04 16:10:37'),
(81, 5, 57.00, '2023-10-20 18:00:00', '2023-11-04 16:10:37'),
(82, 6, 10.00, '2022-11-23 21:00:00', '2023-11-04 16:10:37'),
(83, 6, 12.00, '2022-12-20 21:00:00', '2023-11-04 16:10:37'),
(84, 6, 15.00, '2023-01-06 21:00:00', '2023-11-04 16:10:37'),
(85, 6, 17.00, '2023-01-20 21:00:00', '2023-11-04 16:10:37'),
(86, 6, 19.00, '2023-02-11 21:00:00', '2023-11-04 16:10:37'),
(87, 6, 24.00, '2023-03-04 21:00:00', '2023-11-04 16:10:37'),
(88, 6, 28.00, '2023-03-21 21:00:00', '2023-11-04 16:10:37'),
(89, 6, 29.00, '2023-04-09 18:00:00', '2023-11-04 16:10:37'),
(90, 6, 35.00, '2023-04-23 18:00:00', '2023-11-04 16:10:37'),
(91, 6, 35.00, '2023-05-08 18:00:00', '2023-11-04 16:10:37'),
(92, 6, 39.00, '2023-05-24 18:00:00', '2023-11-04 16:10:37'),
(93, 6, 42.00, '2023-06-09 18:00:00', '2023-11-04 16:10:37'),
(94, 6, 48.00, '2023-07-02 18:00:00', '2023-11-04 16:10:37'),
(95, 6, 67.00, '2023-07-28 18:00:00', '2023-11-04 16:10:37'),
(96, 6, 66.00, '2023-08-25 18:00:00', '2023-11-04 16:10:37'),
(97, 6, 71.00, '2023-09-25 18:00:00', '2023-11-04 16:10:37'),
(98, 7, 112.00, '2022-12-17 21:00:00', '2023-11-04 16:10:37'),
(99, 7, 106.00, '2022-12-20 21:00:00', '2023-11-04 16:10:37'),
(100, 7, 120.00, '2023-01-03 21:00:00', '2023-11-04 16:10:37'),
(101, 7, 141.00, '2023-01-18 21:00:00', '2023-11-04 16:10:37'),
(102, 7, 170.00, '2023-03-04 21:00:00', '2023-11-04 16:10:37'),
(103, 7, 186.00, '2023-03-21 21:00:00', '2023-11-04 16:10:37'),
(104, 7, 197.00, '2023-04-09 18:00:00', '2023-11-04 16:10:37'),
(105, 7, 202.00, '2023-04-21 18:00:00', '2023-11-04 16:10:37'),
(106, 7, 216.00, '2023-05-09 18:00:00', '2023-11-04 16:10:37'),
(107, 7, 210.00, '2023-05-26 18:00:00', '2023-11-04 16:10:37'),
(108, 7, 225.00, '2023-07-01 18:00:00', '2023-11-04 16:10:37'),
(109, 7, 246.00, '2023-08-04 18:00:00', '2023-11-04 16:10:37'),
(110, 7, 250.00, '2023-09-11 18:00:00', '2023-11-04 16:10:37'),
(111, 8, 8.00, '2022-12-20 21:00:00', '2023-11-04 16:10:37'),
(112, 8, 10.00, '2023-01-06 21:00:00', '2023-11-04 16:10:37'),
(113, 8, 10.00, '2023-01-20 21:00:00', '2023-11-04 16:10:37'),
(114, 8, 10.00, '2023-02-11 21:00:00', '2023-11-04 16:10:37'),
(115, 8, 13.00, '2023-03-04 21:00:00', '2023-11-04 16:10:37'),
(116, 8, 14.00, '2023-04-09 18:00:00', '2023-11-04 16:10:37'),
(117, 8, 15.00, '2023-04-23 18:00:00', '2023-11-04 16:10:37'),
(118, 8, 18.00, '2023-05-07 18:00:00', '2023-11-04 16:10:37'),
(119, 8, 20.00, '2023-05-29 18:00:00', '2023-11-04 16:10:37'),
(120, 8, 22.00, '2023-07-01 18:00:00', '2023-11-04 16:10:37'),
(121, 8, 24.00, '2023-07-28 18:00:00', '2023-11-04 16:10:37'),
(122, 8, 31.00, '2023-08-25 18:00:00', '2023-11-04 16:10:37'),
(123, 8, 36.00, '2023-09-25 18:00:00', '2023-11-04 16:10:37'),
(124, 8, 45.00, '2023-10-20 18:00:00', '2023-11-04 16:10:37'),
(125, 9, 312.00, '2022-12-20 21:00:00', '2023-11-04 16:10:37'),
(126, 9, 313.00, '2023-01-07 21:00:00', '2023-11-04 16:10:37'),
(127, 9, 331.00, '2023-01-20 21:00:00', '2023-11-04 16:10:37'),
(128, 9, 366.00, '2023-03-09 21:00:00', '2023-11-04 16:10:37'),
(129, 9, 373.00, '2023-03-27 18:00:00', '2023-11-04 16:10:37'),
(130, 9, 376.00, '2023-04-09 18:00:00', '2023-11-04 16:10:37'),
(131, 9, 403.00, '2023-04-23 18:00:00', '2023-11-04 16:10:37'),
(132, 9, 382.00, '2023-05-07 18:00:00', '2023-11-04 16:10:37'),
(133, 9, 389.00, '2023-05-28 18:00:00', '2023-11-04 16:10:37'),
(134, 9, 390.00, '2023-07-04 18:00:00', '2023-11-04 16:10:37'),
(135, 9, 423.00, '2023-08-04 18:00:00', '2023-11-04 16:10:37'),
(136, 9, 456.00, '2023-08-31 18:00:00', '2023-11-04 16:10:37'),
(137, 9, 344.00, '2023-10-11 18:00:00', '2023-11-04 16:10:37'),
(138, 10, 240.00, '2022-12-27 21:00:00', '2023-11-04 16:10:37'),
(139, 10, 261.00, '2023-01-20 21:00:00', '2023-11-04 16:10:37'),
(140, 10, 306.00, '2023-02-11 21:00:00', '2023-11-04 16:10:37'),
(141, 10, 369.00, '2023-03-11 21:00:00', '2023-11-04 16:10:37'),
(142, 10, 280.00, '2023-04-07 18:00:00', '2023-11-04 16:10:37'),
(143, 10, 315.00, '2023-04-23 18:00:00', '2023-11-04 16:10:37'),
(144, 10, 298.00, '2023-05-07 18:00:00', '2023-11-04 16:10:37'),
(145, 10, 245.00, '2023-05-26 18:00:00', '2023-11-04 16:10:37'),
(146, 10, 250.00, '2023-07-01 18:00:00', '2023-11-04 16:10:37'),
(147, 10, 268.00, '2023-07-28 18:00:00', '2023-11-04 16:10:37'),
(148, 10, 304.00, '2023-08-29 18:00:00', '2023-11-04 16:10:37'),
(149, 10, 335.00, '2023-10-11 18:00:00', '2023-11-04 16:10:37'),
(150, 11, 840.00, '2022-12-27 21:00:00', '2023-11-04 16:10:37'),
(151, 11, 881.00, '2023-01-20 21:00:00', '2023-11-04 16:10:37'),
(152, 11, 813.00, '2023-02-18 21:00:00', '2023-11-04 16:10:37'),
(153, 11, 792.00, '2023-03-28 18:00:00', '2023-11-04 16:10:37'),
(154, 11, 776.00, '2023-04-09 18:00:00', '2023-11-04 16:10:37'),
(155, 11, 792.00, '2023-04-23 18:00:00', '2023-11-04 16:10:37'),
(156, 11, 784.00, '2023-05-08 18:00:00', '2023-11-04 16:10:37'),
(157, 11, 737.00, '2023-06-24 18:00:00', '2023-11-04 16:10:37'),
(158, 11, 738.00, '2023-07-06 18:00:00', '2023-11-04 16:10:37'),
(159, 11, 724.00, '2023-08-13 18:00:00', '2023-11-04 16:10:37'),
(160, 11, 725.00, '2023-09-15 18:00:00', '2023-11-04 16:10:37'),
(161, 11, 702.00, '2023-10-16 18:00:00', '2023-11-04 16:10:37'),
(162, 12, 17.00, '2023-01-07 21:00:00', '2023-11-04 16:10:37'),
(163, 12, 19.00, '2023-01-20 21:00:00', '2023-11-04 16:10:37'),
(164, 12, 23.00, '2023-02-11 21:00:00', '2023-11-04 16:10:37'),
(165, 12, 30.00, '2023-03-03 21:00:00', '2023-11-04 16:10:37'),
(166, 12, 31.00, '2023-03-21 21:00:00', '2023-11-04 16:10:37'),
(167, 12, 31.00, '2023-04-09 18:00:00', '2023-11-04 16:10:37'),
(168, 12, 37.00, '2023-04-23 18:00:00', '2023-11-04 16:10:37'),
(169, 12, 39.00, '2023-05-08 18:00:00', '2023-11-04 16:10:37'),
(170, 12, 44.00, '2023-05-24 18:00:00', '2023-11-04 16:10:37'),
(171, 12, 45.00, '2023-06-09 18:00:00', '2023-11-04 16:10:37'),
(172, 12, 53.00, '2023-07-02 18:00:00', '2023-11-04 16:10:37'),
(173, 12, 62.00, '2023-07-28 18:00:00', '2023-11-04 16:10:37'),
(174, 12, 71.00, '2023-08-25 18:00:00', '2023-11-04 16:10:37'),
(175, 12, 95.00, '2023-09-25 18:00:00', '2023-11-04 16:10:37'),
(176, 12, 106.00, '2023-10-26 18:00:00', '2023-11-04 16:10:37'),
(177, 13, 7.00, '2023-01-10 21:00:00', '2023-11-04 16:10:37'),
(178, 13, 10.00, '2023-01-20 21:00:00', '2023-11-04 16:10:37'),
(179, 13, 12.00, '2023-02-11 21:00:00', '2023-11-04 16:10:37'),
(180, 13, 13.00, '2023-03-04 21:00:00', '2023-11-04 16:10:37'),
(181, 13, 20.00, '2023-04-09 18:00:00', '2023-11-04 16:10:37'),
(182, 13, 21.00, '2023-04-23 18:00:00', '2023-11-04 16:10:37'),
(183, 13, 25.00, '2023-05-07 18:00:00', '2023-11-04 16:10:37'),
(184, 13, 28.00, '2023-05-29 18:00:00', '2023-11-04 16:10:37'),
(185, 13, 34.00, '2023-07-01 18:00:00', '2023-11-04 16:10:37'),
(186, 13, 38.00, '2023-07-28 18:00:00', '2023-11-04 16:10:37'),
(187, 13, 47.00, '2023-08-25 18:00:00', '2023-11-04 16:10:37'),
(188, 13, 57.00, '2023-09-25 18:00:00', '2023-11-04 16:10:37'),
(189, 13, 67.00, '2023-10-20 18:00:00', '2023-11-04 16:10:37'),
(190, 14, 22.00, '2023-01-20 21:00:00', '2023-11-04 16:10:37'),
(191, 14, 28.00, '2023-02-11 21:00:00', '2023-11-04 16:10:37'),
(192, 14, 35.00, '2023-03-03 21:00:00', '2023-11-04 16:10:37'),
(193, 14, 39.00, '2023-03-21 21:00:00', '2023-11-04 16:10:37'),
(194, 14, 45.00, '2023-04-09 18:00:00', '2023-11-04 16:10:37'),
(195, 14, 52.00, '2023-04-23 18:00:00', '2023-11-04 16:10:37'),
(196, 14, 59.00, '2023-05-08 18:00:00', '2023-11-04 16:10:37'),
(197, 14, 63.00, '2023-05-24 18:00:00', '2023-11-04 16:10:37'),
(198, 14, 66.00, '2023-06-09 18:00:00', '2023-11-04 16:10:37'),
(199, 14, 81.00, '2023-07-02 18:00:00', '2023-11-04 16:10:37'),
(200, 14, 92.00, '2023-07-28 18:00:00', '2023-11-04 16:10:37'),
(201, 14, 115.00, '2023-08-25 18:00:00', '2023-11-04 16:10:37'),
(202, 14, 135.00, '2023-09-25 18:00:00', '2023-11-04 16:10:37'),
(203, 14, 151.00, '2023-10-20 18:00:00', '2023-11-04 16:10:37'),
(204, 15, 199.00, '2023-02-26 21:00:00', '2023-11-04 16:10:37'),
(205, 15, 226.00, '2023-03-12 21:00:00', '2023-11-04 16:10:37'),
(206, 15, 238.00, '2023-03-27 18:00:00', '2023-11-04 16:10:37'),
(207, 15, 238.00, '2023-04-09 18:00:00', '2023-11-04 16:10:37'),
(208, 15, 253.00, '2023-04-21 18:00:00', '2023-11-04 16:10:37'),
(209, 15, 267.00, '2023-05-09 18:00:00', '2023-11-04 16:10:37'),
(210, 15, 257.00, '2023-05-26 18:00:00', '2023-11-04 16:10:37'),
(211, 15, 274.00, '2023-07-01 18:00:00', '2023-11-04 16:10:37'),
(212, 15, 292.00, '2023-08-04 18:00:00', '2023-11-04 16:10:37'),
(213, 15, 316.00, '2023-09-02 18:00:00', '2023-11-04 16:10:37'),
(214, 15, 295.00, '2023-09-26 18:00:00', '2023-11-04 16:10:37'),
(215, 15, 310.00, '2023-10-16 18:00:00', '2023-11-04 16:10:37'),
(216, 16, 195.00, '2023-02-26 21:00:00', '2023-11-04 16:10:37'),
(217, 16, 210.00, '2023-03-12 21:00:00', '2023-11-04 16:10:37'),
(218, 16, 221.00, '2023-03-27 18:00:00', '2023-11-04 16:10:37'),
(219, 16, 228.00, '2023-04-09 18:00:00', '2023-11-04 16:10:37'),
(220, 16, 251.00, '2023-04-21 18:00:00', '2023-11-04 16:10:37'),
(221, 16, 246.00, '2023-05-09 18:00:00', '2023-11-04 16:10:37'),
(222, 16, 244.00, '2023-07-09 18:00:00', '2023-11-04 16:10:37'),
(223, 16, 250.00, '2023-05-28 18:00:00', '2023-11-04 16:10:37'),
(224, 16, 287.00, '2023-08-04 18:00:00', '2023-11-04 16:10:37'),
(225, 16, 303.00, '2023-09-02 18:00:00', '2023-11-04 16:10:37'),
(226, 16, 305.00, '2023-09-26 18:00:00', '2023-11-04 16:10:37'),
(227, 17, 11.00, '2023-02-26 21:00:00', '2023-11-04 16:10:37'),
(228, 17, 14.00, '2023-04-08 18:00:00', '2023-11-04 16:10:37'),
(229, 17, 15.00, '2023-04-23 18:00:00', '2023-11-04 16:10:37'),
(230, 17, 15.00, '2023-05-07 18:00:00', '2023-11-04 16:10:37'),
(231, 17, 19.00, '2023-05-29 18:00:00', '2023-11-04 16:10:37'),
(232, 17, 24.00, '2023-07-01 18:00:00', '2023-11-04 16:10:37'),
(233, 17, 32.00, '2023-07-28 18:00:00', '2023-11-04 16:10:37'),
(234, 17, 35.00, '2023-08-25 18:00:00', '2023-11-04 16:10:37'),
(235, 17, 48.00, '2023-09-25 18:00:00', '2023-11-04 16:10:37'),
(236, 17, 57.00, '2023-10-20 18:00:00', '2023-11-04 16:10:37'),
(237, 18, 5.00, '2023-05-31 18:00:00', '2023-11-04 16:10:37'),
(238, 18, 8.00, '2023-06-25 18:00:00', '2023-11-04 16:10:37'),
(239, 18, 11.00, '2023-07-28 18:00:00', '2023-11-04 16:10:37'),
(240, 19, 6.00, '2023-05-31 18:00:00', '2023-11-04 16:10:37'),
(241, 20, 6.00, '2023-05-31 18:00:00', '2023-11-04 16:10:37'),
(242, 20, 7.00, '2023-06-24 18:00:00', '2023-11-04 16:10:37'),
(243, 21, 6.00, '2023-05-31 18:00:00', '2023-11-04 16:10:37'),
(244, 21, 7.00, '2023-06-24 18:00:00', '2023-11-04 16:10:37'),
(245, 22, 6.00, '2023-05-31 18:00:00', '2023-11-04 16:10:37'),
(246, 22, 7.00, '2023-06-24 18:00:00', '2023-11-04 16:10:37'),
(247, 23, 5.00, '2023-06-01 18:00:00', '2023-11-04 16:10:37'),
(248, 23, 6.00, '2023-06-24 18:00:00', '2023-11-04 16:10:37'),
(249, 24, 6.00, '2023-06-01 18:00:00', '2023-11-04 16:10:37'),
(250, 24, 7.00, '2023-06-24 18:00:00', '2023-11-04 16:10:37'),
(251, 25, 6.00, '2023-06-01 18:00:00', '2023-11-04 16:10:37'),
(252, 26, 5.00, '2023-06-01 18:00:00', '2023-11-04 16:10:37'),
(253, 27, 6.00, '2023-06-01 18:00:00', '2023-11-04 16:10:37'),
(254, 28, 6.00, '2023-06-01 18:00:00', '2023-11-04 16:10:37'),
(255, 28, 8.00, '2023-07-28 18:00:00', '2023-11-04 16:10:37'),
(256, 29, 5.00, '2023-06-01 18:00:00', '2023-11-04 16:10:37'),
(257, 29, 6.00, '2023-06-24 18:00:00', '2023-11-04 16:10:37'),
(258, 30, 6.00, '2023-06-02 18:00:00', '2023-11-04 16:10:37'),
(259, 30, 7.00, '2023-06-24 18:00:00', '2023-11-04 16:10:37'),
(260, 31, 8.00, '2023-08-23 18:00:00', '2023-11-04 16:10:37'),
(261, 32, 8.00, '2023-09-07 18:00:00', '2023-11-04 16:10:37'),
(262, 33, 11.00, '2023-09-06 18:00:00', '2023-11-04 16:10:37'),
(263, 33, 18.00, '2023-10-16 18:00:00', '2023-11-04 16:10:37'),
(264, 35, 9.00, '2023-08-15 18:00:00', '2023-11-04 16:10:38'),
(265, 36, 6.00, '2023-07-19 18:00:00', '2023-11-04 16:10:38'),
(266, 37, 200.00, '2023-08-04 18:00:00', '2023-11-04 16:10:38'),
(267, 37, 224.00, '2023-09-11 18:00:00', '2023-11-04 16:10:38'),
(268, 37, 240.00, '2023-10-16 18:00:00', '2023-11-04 16:10:38'),
(269, 37, 248.00, '2023-10-26 18:00:00', '2023-11-04 16:10:38'),
(270, 38, 324.00, '2023-08-04 18:00:00', '2023-11-04 16:10:38'),
(271, 38, 340.00, '2023-09-03 18:00:00', '2023-11-04 16:10:38'),
(272, 38, 354.00, '2023-10-16 18:00:00', '2023-11-04 16:10:38'),
(273, 39, 104.00, '2023-08-04 18:00:00', '2023-11-04 16:10:38'),
(274, 39, 148.00, '2023-10-20 18:00:00', '2023-11-04 16:10:38'),
(275, 40, 5.00, '2023-08-04 18:00:00', '2023-11-04 16:10:38'),
(276, 40, 8.00, '2023-08-25 18:00:00', '2023-11-04 16:10:38'),
(277, 41, 6.00, '2023-08-04 18:00:00', '2023-11-04 16:10:38'),
(278, 41, 8.00, '2023-08-25 18:00:00', '2023-11-04 16:10:38'),
(279, 42, 358.00, '2023-09-12 18:00:00', '2023-11-04 16:10:38'),
(280, 43, 245.00, '2023-09-12 18:00:00', '2023-11-04 16:10:38'),
(281, 44, 8.00, '2023-09-12 18:00:00', '2023-11-04 16:10:38'),
(282, 45, 9.00, '2023-09-12 18:00:00', '2023-11-04 16:10:38'),
(283, 45, 10.00, '2023-10-16 18:00:00', '2023-11-04 16:10:38'),
(284, 46, 11.00, '2023-09-12 18:00:00', '2023-11-04 16:10:38'),
(285, 46, 11.00, '2023-10-16 18:00:00', '2023-11-04 16:10:38'),
(286, 47, 8.00, '2023-09-12 18:00:00', '2023-11-04 16:10:38'),
(287, 47, 12.00, '2023-10-16 18:00:00', '2023-11-04 16:10:38'),
(288, 5, 60.00, '2023-11-05 09:14:32', '2023-11-05 09:14:32'),
(289, 6, 93.00, '2023-11-05 09:14:32', '2023-11-05 09:14:32'),
(290, 7, 270.00, '2023-11-05 09:14:32', '2023-11-05 09:14:32'),
(291, 8, 47.00, '2023-11-05 09:14:32', '2023-11-05 09:14:32'),
(292, 12, 108.00, '2023-11-05 09:14:32', '2023-11-05 09:14:32'),
(293, 13, 74.00, '2023-11-05 09:14:32', '2023-11-05 09:14:32'),
(294, 33, 24.00, '2023-11-05 09:14:32', '2023-11-05 09:14:32'),
(295, 40, 22.00, '2023-11-05 09:14:32', '2023-11-05 09:14:32'),
(296, 43, 305.00, '2023-11-05 09:14:32', '2023-11-05 09:14:32'),
(297, 44, 6.00, '2023-11-05 09:14:32', '2023-11-05 09:14:32'),
(298, 16, 350.00, '2023-11-04 21:00:00', '2023-11-05 09:14:50'),
(299, 9, 358.00, '2023-11-12 17:14:14', '2023-11-12 17:14:14'),
(300, 10, 329.00, '2023-11-12 17:14:14', '2023-11-12 17:14:14'),
(301, 1, 125.00, '2023-11-13 21:00:00', '2023-11-14 14:36:53'),
(302, 4, 119.00, '2023-11-13 21:00:00', '2023-11-14 14:37:00'),
(303, 11, 691.00, '2023-11-13 21:00:00', '2023-11-14 14:37:06'),
(304, 15, 320.00, '2023-11-13 21:00:00', '2023-11-14 14:37:15'),
(305, 38, 364.00, '2023-11-13 21:00:00', '2023-11-14 14:37:23'),
(306, 2, 105.00, '2023-11-20 05:14:52', '2023-11-20 05:14:52'),
(307, 3, 55.00, '2023-11-20 05:14:52', '2023-11-20 05:14:52'),
(308, 14, 182.00, '2023-11-20 05:14:52', '2023-11-20 05:14:52'),
(309, 17, 67.00, '2023-11-20 05:14:52', '2023-11-20 05:14:52'),
(310, 33, 26.00, '2023-11-20 05:14:52', '2023-11-20 05:14:52'),
(311, 40, 20.00, '2023-11-20 05:14:52', '2023-11-20 05:14:52'),
(312, 44, 8.00, '2023-11-20 05:14:52', '2023-11-20 05:14:52'),
(313, 45, 10.00, '2023-11-20 05:15:25', '2023-11-20 05:15:25'),
(314, 46, 15.00, '2023-11-20 05:15:25', '2023-11-20 05:15:25'),
(315, 47, 17.00, '2023-11-20 05:15:25', '2023-11-20 05:15:25'),
(317, 39, 170.00, '2023-11-19 21:00:00', '2023-11-20 05:15:43'),
(318, 37, 269.00, '2023-11-24 16:34:17', '2023-11-24 16:34:17'),
(319, 1, 137.00, '2023-12-14 21:00:00', '2023-12-15 15:35:08'),
(320, 4, 128.00, '2023-12-14 21:00:00', '2023-12-15 15:35:17'),
(321, 5, 65.00, '2023-12-14 21:00:00', '2023-12-15 15:35:25'),
(322, 6, 107.00, '2023-12-14 21:00:00', '2023-12-15 15:35:43'),
(323, 7, 287.00, '2023-12-14 21:00:00', '2023-12-15 15:35:54'),
(324, 8, 52.00, '2023-12-14 21:00:00', '2023-12-15 15:36:02'),
(325, 9, 377.00, '2023-12-14 21:00:00', '2023-12-15 15:36:14'),
(326, 11, 679.00, '2023-12-14 21:00:00', '2023-12-15 15:36:31'),
(327, 12, 117.00, '2023-12-14 21:00:00', '2023-12-15 15:36:46'),
(328, 13, 86.00, '2023-12-14 21:00:00', '2023-12-15 15:37:02'),
(329, 15, 335.00, '2023-12-14 21:00:00', '2023-12-15 15:37:15'),
(330, 16, 354.00, '2023-12-14 21:00:00', '2023-12-15 15:37:23'),
(331, 38, 368.00, '2023-12-14 21:00:00', '2023-12-15 15:37:38'),
(333, 39, 181.00, '2023-12-14 21:00:00', '2023-12-15 15:38:20'),
(334, 2, 109.00, '2023-12-22 21:00:00', '2023-12-23 18:11:48'),
(335, 33, 39.00, '2023-12-27 17:30:06', '2023-12-27 17:30:06'),
(336, 40, 30.00, '2023-12-27 17:30:06', '2023-12-27 17:30:06'),
(337, 44, 6.00, '2023-12-27 17:30:06', '2023-12-27 17:30:06'),
(338, 45, 10.00, '2023-12-27 17:30:06', '2023-12-27 17:30:06'),
(339, 46, 16.00, '2023-12-27 17:30:06', '2023-12-27 17:30:06'),
(340, 47, 24.00, '2023-12-27 17:30:06', '2023-12-27 17:30:06'),
(341, 14, 219.00, '2023-12-31 21:00:00', '2024-01-01 16:25:22'),
(342, 3, 56.00, '2023-12-31 21:00:00', '2024-01-01 16:25:58'),
(343, 10, 344.00, '2023-12-31 21:00:00', '2024-01-01 16:26:08'),
(344, 17, 77.00, '2023-12-31 21:00:00', '2024-01-01 16:26:20'),
(346, 37, 281.00, '2023-12-31 21:00:00', '2024-01-01 16:26:40'),
(348, 1, 153.00, '2024-01-11 21:00:00', '2024-01-12 04:02:21'),
(350, 3, 61.00, '2024-01-11 21:00:00', '2024-01-12 04:04:55'),
(351, 4, 137.00, '2024-01-11 21:00:00', '2024-01-12 04:05:50'),
(352, 5, 81.00, '2024-01-11 21:00:00', '2024-01-12 04:06:37'),
(353, 6, 122.00, '2024-01-11 21:00:00', '2024-01-12 04:08:43'),
(354, 8, 61.00, '2024-01-11 21:00:00', '2024-01-12 04:09:22'),
(357, 39, 209.00, '2024-01-11 21:00:00', '2024-01-12 04:13:06'),
(358, 2, 131.00, '2024-01-11 21:00:00', '2024-01-12 04:14:03'),
(359, 12, 128.00, '2024-01-11 21:00:00', '2024-01-12 04:16:17'),
(360, 13, 114.00, '2024-01-17 21:00:00', '2024-01-18 04:46:12'),
(361, 33, 47.00, '2024-01-22 21:00:00', '2024-01-23 16:12:42'),
(362, 40, 39.00, '2024-01-22 21:00:00', '2024-01-23 16:13:57'),
(363, 46, 18.00, '2024-01-22 21:00:00', '2024-01-23 16:15:44'),
(364, 47, 28.00, '2024-01-22 21:00:00', '2024-01-23 16:16:52'),
(365, 38, 378.00, '2024-01-23 21:00:00', '2024-01-24 06:54:53'),
(366, 7, 296.00, '2024-01-23 21:00:00', '2024-01-24 06:55:19'),
(367, 37, 278.00, '2024-01-23 21:00:00', '2024-01-24 06:55:36'),
(368, 43, 300.00, '2024-01-23 21:00:00', '2024-01-24 06:55:54'),
(369, 14, 247.00, '2024-01-27 21:00:00', '2024-01-28 14:52:00'),
(370, 17, 99.00, '2024-01-27 21:00:00', '2024-01-28 15:45:49'),
(371, 2, 140.00, '2024-02-06 22:00:00', '2024-02-07 08:59:33'),
(372, 4, 141.00, '2024-02-06 22:00:00', '2024-02-07 09:00:42'),
(373, 6, 137.00, '2024-02-11 22:00:00', '2024-02-12 08:03:10'),
(374, 3, 61.00, '2024-02-11 22:00:00', '2024-02-12 08:04:28'),
(375, 8, 70.00, '2024-02-11 22:00:00', '2024-02-12 08:05:23'),
(376, 45, 15.00, '2024-02-11 22:00:00', '2024-02-12 08:06:39'),
(377, 5, 90.00, '2024-02-12 22:00:00', '2024-02-13 16:15:42'),
(378, 1, 166.00, '2024-02-12 22:00:00', '2024-02-13 16:22:54'),
(379, 11, 669.00, '2024-02-14 22:00:00', '2024-02-15 08:10:52'),
(380, 9, 358.00, '2024-02-14 22:00:00', '2024-02-15 08:11:39'),
(381, 10, 362.00, '2024-02-14 22:00:00', '2024-02-15 08:12:09'),
(382, 16, 350.00, '2024-02-14 22:00:00', '2024-02-15 08:13:23'),
(383, 15, 345.00, '2024-02-14 22:00:00', '2024-02-15 08:15:38'),
(384, 14, 273.00, '2024-02-16 22:00:00', '2024-02-17 08:55:24'),
(385, 12, 164.00, '2024-02-25 22:00:00', '2024-02-26 15:34:57'),
(386, 13, 129.00, '2024-02-25 22:00:00', '2024-02-26 15:37:11'),
(387, 17, 104.00, '2024-02-25 22:00:00', '2024-02-26 15:38:22'),
(388, 2, 158.00, '2024-03-04 23:00:00', '2024-03-05 18:08:36'),
(389, 4, 159.00, '2024-03-04 23:00:00', '2024-03-05 18:10:02'),
(390, 7, 324.00, '2024-03-04 23:00:00', '2024-03-05 18:12:31'),
(391, 33, 65.00, '2024-03-04 23:00:00', '2024-03-05 18:19:42'),
(392, 37, 314.00, '2024-03-04 23:00:00', '2024-03-05 18:21:18'),
(393, 38, 398.00, '2024-03-04 23:00:00', '2024-03-05 18:22:15'),
(394, 40, 49.00, '2024-03-04 23:00:00', '2024-03-05 18:23:58'),
(395, 47, 39.00, '2024-03-04 23:00:00', '2024-03-05 18:26:58'),
(396, 39, 251.00, '2024-03-15 23:00:00', '2024-03-16 09:38:08'),
(397, 43, 343.00, '2024-03-16 23:00:00', '2024-03-17 16:41:33'),
(398, 3, 65.00, '2024-03-16 23:00:00', '2024-03-17 16:42:47'),
(399, 14, 296.00, '2024-03-19 23:00:00', '2024-03-20 17:15:57'),
(400, 8, 76.00, '2024-03-19 23:00:00', '2024-03-20 17:22:09'),
(401, 15, 404.00, '2024-03-19 23:00:00', '2024-03-20 17:25:21'),
(402, 10, 396.00, '2024-03-19 23:00:00', '2024-03-20 17:26:14'),
(403, 16, 387.00, '2024-03-19 23:00:00', '2024-03-20 17:27:01'),
(404, 1, 191.00, '2024-03-23 23:00:00', '2024-03-24 16:43:51'),
(405, 12, 190.00, '2024-03-25 23:00:00', '2024-03-26 17:15:03'),
(406, 2, 163.00, '2024-04-04 22:00:00', '2024-04-05 16:12:37'),
(407, 4, 158.00, '2024-04-04 22:00:00', '2024-04-05 16:13:54'),
(408, 17, 118.00, '2024-04-04 22:00:00', '2024-04-05 16:16:06'),
(409, 14, 306.00, '2024-04-14 22:00:00', '2024-04-15 16:24:42'),
(410, 1, 192.00, '2024-04-16 15:48:06', '2024-04-16 15:48:06'),
(411, 2, 171.00, '2024-04-16 15:48:06', '2024-04-16 15:48:06'),
(412, 4, 170.00, '2024-04-16 15:48:06', '2024-04-16 15:48:06'),
(413, 12, 185.00, '2024-04-16 15:48:06', '2024-04-16 15:48:06'),
(414, 17, 117.00, '2024-04-16 15:48:06', '2024-04-16 15:48:06'),
(415, 33, 80.00, '2024-04-16 15:48:06', '2024-04-16 15:48:06'),
(416, 40, 58.00, '2024-04-16 15:48:06', '2024-04-16 15:48:06'),
(417, 47, 52.00, '2024-04-16 15:48:06', '2024-04-16 15:48:06'),
(418, 46, 33.00, '2024-04-18 22:00:00', '2024-04-19 13:21:48'),
(419, 45, 19.00, '2024-04-18 22:00:00', '2024-04-19 13:22:06'),
(420, 3, 76.00, '2024-04-21 14:32:19', '2024-04-21 14:32:19'),
(421, 5, 126.00, '2024-04-21 14:32:19', '2024-04-21 14:32:19'),
(422, 6, 146.00, '2024-04-21 14:32:19', '2024-04-21 14:32:19'),
(424, 9, 411.00, '2024-05-02 16:04:03', '2024-05-02 16:04:03'),
(425, 7, 340.00, '2024-05-02 16:05:17', '2024-05-02 16:05:17'),
(426, 10, 268.00, '2024-05-02 16:05:17', '2024-05-02 16:05:17'),
(427, 11, 627.00, '2024-05-02 16:05:17', '2024-05-02 16:05:17'),
(428, 14, 294.00, '2024-05-02 16:05:17', '2024-05-02 16:05:17'),
(429, 15, 273.00, '2024-05-02 16:05:17', '2024-05-02 16:05:17'),
(430, 37, 296.00, '2024-05-02 16:05:17', '2024-05-02 16:05:17'),
(431, 38, 427.00, '2024-05-02 16:05:17', '2024-05-02 16:05:17'),
(432, 39, 296.00, '2024-05-02 16:05:17', '2024-05-02 16:05:17'),
(433, 16, 405.00, '2024-05-07 22:00:00', '2024-05-08 12:54:10'),
(434, 38, 447.00, '2024-05-14 22:00:00', '2024-05-15 10:03:17'),
(435, 8, 91.00, '2024-05-23 22:00:00', '2024-05-24 13:33:37'),
(436, 13, 162.00, '2024-05-23 22:00:00', '2024-05-24 13:34:46'),
(437, 47, 59.00, '2024-05-23 22:00:00', '2024-05-24 13:35:41'),
(438, 46, 35.00, '2024-05-23 22:00:00', '2024-05-24 13:36:33'),
(439, 45, 23.00, '2024-05-23 22:00:00', '2024-05-24 13:37:42'),
(440, 40, 68.00, '2024-05-23 22:00:00', '2024-05-24 13:38:29'),
(441, 1, 230.00, '2024-05-23 22:00:00', '2024-05-24 13:39:36'),
(442, 2, 195.00, '2024-05-23 22:00:00', '2024-05-24 13:41:41'),
(443, 4, 198.00, '2024-05-23 22:00:00', '2024-05-24 13:44:20'),
(444, 3, 84.00, '2024-05-23 22:00:00', '2024-05-24 13:44:42'),
(445, 5, 132.00, '2024-05-23 22:00:00', '2024-05-24 13:45:52'),
(446, 6, 192.00, '2024-05-23 22:00:00', '2024-05-24 13:47:51'),
(447, 17, 139.00, '2024-05-23 22:00:00', '2024-05-24 13:48:45'),
(448, 14, 329.00, '2024-05-23 22:00:00', '2024-05-24 13:50:57'),
(449, 33, 86.00, '2024-05-23 22:00:00', '2024-05-24 13:53:52'),
(450, 47, 77.00, '2024-06-21 22:00:00', '2024-06-22 15:56:14'),
(451, 45, 24.00, '2024-06-21 22:00:00', '2024-06-22 15:56:20'),
(452, 40, 80.00, '2024-06-21 22:00:00', '2024-06-22 16:56:55'),
(453, 12, 220.00, '2024-06-21 22:00:00', '2024-06-22 16:57:12'),
(454, 17, 150.00, '2024-06-21 22:00:00', '2024-06-22 16:57:32'),
(455, 14, 324.00, '2024-06-21 22:00:00', '2024-06-22 16:57:47'),
(457, 6, 206.00, '2024-06-21 22:00:00', '2024-06-22 16:58:10'),
(458, 11, 560.00, '2024-06-21 22:00:00', '2024-06-22 16:58:25'),
(459, 9, 308.00, '2024-06-21 22:00:00', '2024-06-22 16:58:37'),
(460, 10, 250.00, '2024-06-21 22:00:00', '2024-06-22 16:58:55'),
(461, 38, 330.00, '2024-06-21 22:00:00', '2024-06-22 16:59:10'),
(462, 37, 330.00, '2024-06-21 22:00:00', '2024-06-22 16:59:23'),
(463, 4, 200.00, '2024-06-26 16:18:06', '2024-06-26 16:18:06'),
(464, 1, 237.00, '2024-06-30 17:15:15', '2024-06-30 17:15:15'),
(465, 3, 94.00, '2024-06-30 17:15:15', '2024-06-30 17:15:15'),
(466, 5, 139.00, '2024-06-30 17:15:15', '2024-06-30 17:15:15'),
(467, 7, 330.00, '2024-06-30 17:15:15', '2024-06-30 17:15:15'),
(468, 9, 319.00, '2024-06-30 17:15:15', '2024-06-30 17:15:15'),
(469, 10, 243.00, '2024-06-30 17:15:15', '2024-06-30 17:15:15'),
(470, 13, 160.00, '2024-06-30 17:15:15', '2024-06-30 17:15:15'),
(471, 15, 293.00, '2024-06-30 17:15:15', '2024-06-30 17:15:15'),
(472, 33, 95.00, '2024-06-30 17:15:15', '2024-06-30 17:15:15'),
(473, 39, 320.00, '2024-06-29 22:00:00', '2024-06-30 17:45:59'),
(475, 55, 7.00, '2024-06-30 22:00:00', '2024-07-09 08:45:06'),
(476, 49, 8.00, '2024-06-30 22:00:00', '2024-07-09 08:45:14'),
(477, 61, 9.00, '2024-07-19 22:00:00', '2024-07-20 08:09:47'),
(478, 51, 11.00, '2024-07-19 22:00:00', '2024-07-20 08:12:00'),
(479, 54, 10.00, '2024-07-19 22:00:00', '2024-07-20 08:16:47'),
(480, 2, 218.00, '2024-07-26 16:01:01', '2024-07-26 16:01:01'),
(481, 4, 214.00, '2024-07-26 16:01:01', '2024-07-26 16:01:01'),
(482, 6, 240.00, '2024-07-26 16:01:01', '2024-07-26 16:01:01'),
(483, 8, 117.00, '2024-07-26 16:01:01', '2024-07-26 16:01:01'),
(484, 12, 248.00, '2024-07-26 16:01:01', '2024-07-26 16:01:01'),
(485, 14, 358.00, '2024-07-26 16:01:01', '2024-07-26 16:01:01'),
(486, 17, 164.00, '2024-07-26 16:01:01', '2024-07-26 16:01:01'),
(487, 33, 112.00, '2024-07-26 16:01:01', '2024-07-26 16:01:01'),
(488, 45, 33.00, '2024-07-26 22:00:00', '2024-07-27 05:13:42'),
(489, 47, 86.00, '2024-07-26 22:00:00', '2024-07-27 05:13:58'),
(490, 13, 198.00, '2024-07-28 22:00:00', '2024-07-29 16:23:30'),
(491, 40, 89.00, '2024-07-28 22:00:00', '2024-07-29 16:23:45'),
(492, 5, 148.00, '2024-07-28 22:00:00', '2024-07-29 16:23:52'),
(493, 5, 161.00, '2024-08-06 16:06:09', '2024-08-06 16:06:09'),
(494, 17, 167.00, '2024-08-06 16:06:09', '2024-08-06 16:06:09'),
(495, 33, 116.00, '2024-08-06 16:06:09', '2024-08-06 16:06:09'),
(496, 68, 12.00, '2024-08-07 22:00:00', '2024-08-08 14:54:54'),
(497, 71, 14.00, '2024-08-07 22:00:00', '2024-08-08 14:56:37'),
(498, 69, 14.00, '2024-08-07 22:00:00', '2024-08-08 14:58:30'),
(499, 76, 14.00, '2024-08-10 22:00:00', '2024-08-11 09:08:57'),
(500, 1, 274.00, '2024-08-11 15:07:17', '2024-08-11 15:07:17'),
(501, 9, 328.00, '2024-08-11 15:07:17', '2024-08-11 15:07:17'),
(502, 10, 283.00, '2024-08-11 15:07:17', '2024-08-11 15:07:17'),
(503, 15, 315.00, '2024-08-11 15:07:17', '2024-08-11 15:07:17'),
(504, 16, 333.00, '2024-08-11 15:07:17', '2024-08-11 15:07:17'),
(505, 64, 12.00, '2024-08-14 22:00:00', '2024-08-15 05:10:27'),
(506, 60, 8.00, '2024-08-20 22:00:00', '2024-08-21 10:50:36'),
(508, 57, 7.00, '2024-08-06 22:00:00', '2024-08-21 11:58:31'),
(509, 88, 14.00, '2024-08-29 22:00:00', '2024-08-30 15:27:10'),
(510, 1, 286.00, '2024-09-03 17:02:45', '2024-09-03 17:02:45'),
(511, 2, 255.00, '2024-09-03 17:02:45', '2024-09-03 17:02:45'),
(512, 3, 123.00, '2024-09-03 17:02:45', '2024-09-03 17:02:45'),
(513, 5, 174.00, '2024-09-03 17:02:45', '2024-09-03 17:02:45'),
(514, 7, 384.00, '2024-09-03 17:02:45', '2024-09-03 17:02:45'),
(515, 8, 137.00, '2024-09-03 17:02:45', '2024-09-03 17:02:45'),
(516, 9, 345.00, '2024-09-03 17:02:45', '2024-09-03 17:02:45'),
(517, 10, 312.00, '2024-09-03 17:02:45', '2024-09-03 17:02:45'),
(518, 15, 337.00, '2024-09-03 17:02:45', '2024-09-03 17:02:45'),
(519, 16, 346.00, '2024-09-03 17:02:45', '2024-09-03 17:02:45'),
(520, 17, 192.00, '2024-09-03 17:02:45', '2024-09-03 17:02:45'),
(521, 33, 149.00, '2024-09-03 17:02:45', '2024-09-03 17:02:45'),
(522, 50, 20.00, '2024-09-06 22:00:00', '2024-09-07 15:02:48'),
(523, 52, 18.00, '2024-09-06 22:00:00', '2024-09-07 15:05:57'),
(524, 53, 17.00, '2024-09-06 22:00:00', '2024-09-07 15:09:30'),
(525, 54, 18.00, '2024-09-06 22:00:00', '2024-09-07 15:10:11'),
(526, 56, 13.00, '2024-09-06 22:00:00', '2024-09-07 15:14:49'),
(527, 65, 15.00, '2024-09-06 22:00:00', '2024-09-07 15:15:45'),
(528, 70, 13.00, '2024-09-06 22:00:00', '2024-09-07 15:18:21'),
(529, 79, 9.00, '2024-09-06 22:00:00', '2024-09-07 15:19:58'),
(530, 80, 12.00, '2024-09-06 22:00:00', '2024-09-07 15:22:57'),
(531, 81, 10.00, '2024-09-06 22:00:00', '2024-09-07 15:24:08'),
(532, 82, 11.00, '2024-09-06 22:00:00', '2024-09-07 15:27:00'),
(533, 83, 12.00, '2024-09-06 22:00:00', '2024-09-07 15:28:46'),
(535, 84, 15.00, '2024-09-06 22:00:00', '2024-09-07 15:30:33'),
(536, 85, 12.00, '2024-09-06 22:00:00', '2024-09-07 15:32:32'),
(537, 86, 11.00, '2024-09-06 22:00:00', '2024-09-07 15:35:01'),
(538, 87, 12.00, '2024-09-06 22:00:00', '2024-09-07 15:37:48'),
(539, 89, 10.00, '2024-09-06 22:00:00', '2024-09-07 15:42:09'),
(540, 90, 9.00, '2024-09-06 22:00:00', '2024-09-07 15:44:22'),
(541, 91, 11.00, '2024-09-06 22:00:00', '2024-09-07 15:45:39'),
(542, 93, 10.00, '2024-09-06 22:00:00', '2024-09-07 15:48:37'),
(543, 94, 11.00, '2024-09-06 22:00:00', '2024-09-07 15:51:26'),
(544, 95, 10.00, '2024-09-06 22:00:00', '2024-09-07 15:52:32'),
(545, 97, 9.00, '2024-09-06 22:00:00', '2024-09-07 15:55:01'),
(546, 98, 11.00, '2024-09-06 22:00:00', '2024-09-07 15:58:40'),
(547, 102, 10.00, '2024-09-06 22:00:00', '2024-09-07 16:24:56'),
(548, 13, 230.00, '2024-09-12 17:17:11', '2024-09-12 17:17:11'),
(549, 40, 113.00, '2024-09-12 17:17:11', '2024-09-12 17:17:11'),
(550, 101, 10.00, '2024-09-06 22:00:00', '2024-09-15 12:29:31'),
(551, 103, 14.00, '2024-11-16 23:00:00', '2024-11-17 13:38:42'),
(552, 1, 344.00, '2024-11-17 20:38:16', '2024-11-17 20:38:16'),
(553, 2, 294.00, '2024-11-17 20:38:16', '2024-11-17 20:38:16'),
(554, 3, 132.00, '2024-11-17 20:38:16', '2024-11-17 20:38:16'),
(555, 5, 221.00, '2024-11-17 20:38:16', '2024-11-17 20:38:16'),
(556, 6, 275.00, '2024-11-17 20:38:16', '2024-11-17 20:38:16'),
(557, 7, 400.00, '2024-11-17 20:38:16', '2024-11-17 20:38:16'),
(558, 8, 163.00, '2024-11-17 20:38:16', '2024-11-17 20:38:16'),
(559, 9, 331.00, '2024-11-17 20:38:16', '2024-11-17 20:38:16'),
(560, 10, 327.00, '2024-11-17 20:38:16', '2024-11-17 20:38:16'),
(561, 11, 626.00, '2024-11-17 20:38:16', '2024-11-17 20:38:16'),
(562, 12, 306.00, '2024-11-17 20:38:16', '2024-11-17 20:38:16'),
(563, 13, 280.00, '2024-11-17 20:38:16', '2024-11-17 20:38:16'),
(564, 14, 391.00, '2024-11-17 20:38:16', '2024-11-17 20:38:16'),
(565, 15, 353.00, '2024-11-17 20:38:16', '2024-11-17 20:38:16'),
(566, 16, 400.00, '2024-11-17 20:38:16', '2024-11-17 20:38:16'),
(567, 17, 242.00, '2024-11-17 20:38:16', '2024-11-17 20:38:16'),
(568, 33, 174.00, '2024-11-17 20:38:16', '2024-11-17 20:38:16'),
(569, 37, 386.00, '2024-11-17 20:38:16', '2024-11-17 20:38:16'),
(570, 38, 378.00, '2024-11-17 20:38:16', '2024-11-17 20:38:16'),
(571, 39, 348.00, '2024-11-17 20:38:16', '2024-11-17 20:38:16'),
(572, 40, 144.00, '2024-11-17 20:38:16', '2024-11-17 20:38:16'),
(573, 43, 315.00, '2024-11-17 20:38:16', '2024-11-17 20:38:16'),
(574, 45, 62.00, '2024-11-17 20:38:16', '2024-11-17 20:38:16'),
(575, 46, 84.00, '2024-11-17 20:38:16', '2024-11-17 20:38:16'),
(576, 47, 138.00, '2024-11-17 20:38:16', '2024-11-17 20:38:16'),
(577, 57, 18.00, '2024-11-17 20:38:16', '2024-11-17 20:38:16'),
(578, 60, 14.00, '2024-11-17 20:38:16', '2024-11-17 20:38:16'),
(579, 68, 14.00, '2024-11-17 20:38:16', '2024-11-17 20:38:16'),
(580, 69, 16.00, '2024-11-17 20:38:16', '2024-11-17 20:38:16'),
(581, 71, 19.00, '2024-11-17 20:38:16', '2024-11-17 20:38:16'),
(582, 91, 11.00, '2024-11-17 20:38:16', '2024-11-17 20:38:16'),
(583, 104, 14.00, '2024-12-14 23:00:00', '2024-12-15 18:53:50'),
(584, 105, 11.00, '2024-12-14 23:00:00', '2024-12-15 18:55:22'),
(585, 106, 20.00, '2024-12-14 23:00:00', '2024-12-15 18:56:59'),
(586, 107, 20.00, '2024-12-14 23:00:00', '2024-12-15 18:58:24'),
(587, 108, 20.00, '2024-12-14 23:00:00', '2024-12-15 19:00:33'),
(588, 109, 25.00, '2024-12-14 23:00:00', '2024-12-15 19:02:59'),
(589, 110, 15.00, '2024-12-14 23:00:00', '2024-12-15 19:04:09'),
(590, 15, 361.00, '2024-12-15 23:00:00', '2024-12-16 09:31:40'),
(591, 16, 426.00, '2024-12-15 23:00:00', '2024-12-16 09:31:48'),
(592, 7, 411.00, '2024-12-15 23:00:00', '2024-12-16 09:32:00'),
(593, 11, 615.00, '2024-12-15 23:00:00', '2024-12-16 09:32:09'),
(594, 10, 340.00, '2024-12-15 23:00:00', '2024-12-16 09:32:18'),
(595, 5, 250.00, '2024-12-15 23:00:00', '2024-12-16 09:32:33'),
(596, 2, 333.00, '2024-12-15 23:00:00', '2024-12-16 09:32:42'),
(597, 1, 370.00, '2024-12-15 23:00:00', '2024-12-16 09:32:47'),
(598, 8, 179.00, '2024-12-15 23:00:00', '2024-12-16 09:32:55'),
(599, 13, 298.00, '2024-12-15 23:00:00', '2024-12-16 09:33:02'),
(600, 17, 268.00, '2024-12-15 23:00:00', '2024-12-16 09:33:12'),
(601, 12, 309.00, '2024-12-15 23:00:00', '2024-12-16 09:33:19'),
(602, 14, 400.00, '2024-12-15 23:00:00', '2024-12-16 09:33:28'),
(603, 33, 191.00, '2024-12-15 23:00:00', '2024-12-16 09:33:36'),
(604, 9, 357.00, '2024-12-15 23:00:00', '2024-12-16 09:33:43'),
(605, 3, 140.00, '2024-12-15 23:00:00', '2024-12-16 09:33:52'),
(606, 39, 356.00, '2024-12-15 23:00:00', '2024-12-16 09:34:05'),
(608, 1, 366.00, '2024-12-25 23:00:00', '2024-12-26 14:41:22'),
(609, 13, 305.00, '2024-12-25 23:00:00', '2024-12-26 14:41:58'),
(610, 7, 400.00, '2024-12-25 23:00:00', '2024-12-26 14:42:14'),
(611, 11, 612.00, '2024-12-25 23:00:00', '2024-12-26 14:42:26'),
(612, 38, 373.00, '2024-12-25 23:00:00', '2024-12-26 14:42:42'),
(613, 9, 363.00, '2024-12-25 23:00:00', '2024-12-26 14:42:50'),
(614, 14, 401.00, '2024-12-25 23:00:00', '2024-12-26 14:43:05'),
(615, 15, 353.00, '2024-12-25 23:00:00', '2024-12-26 14:43:13'),
(616, 16, 406.00, '2024-12-25 23:00:00', '2024-12-26 14:43:23'),
(617, 39, 351.00, '2024-12-25 23:00:00', '2024-12-26 14:43:40'),
(618, 6, 274.00, '2024-12-25 23:00:00', '2024-12-26 14:43:52'),
(619, 12, 320.00, '2024-12-25 23:00:00', '2024-12-26 14:44:07'),
(620, 37, 377.00, '2024-12-25 23:00:00', '2024-12-26 14:44:22'),
(621, 108, 25.00, '2025-01-23 23:00:00', '2025-01-24 18:38:59'),
(622, 109, 22.00, '2025-01-23 23:00:00', '2025-01-24 18:39:06'),
(623, 69, 21.00, '2025-01-23 23:00:00', '2025-01-24 18:39:12'),
(624, 68, 21.00, '2025-01-23 23:00:00', '2025-01-24 18:39:20'),
(625, 106, 21.00, '2025-01-23 23:00:00', '2025-01-24 18:39:26'),
(626, 57, 23.00, '2025-01-23 23:00:00', '2025-01-24 18:39:33'),
(627, 107, 21.00, '2025-01-23 23:00:00', '2025-01-24 18:39:48'),
(628, 103, 18.00, '2025-01-23 23:00:00', '2025-01-24 18:40:00'),
(629, 91, 13.00, '2025-01-23 23:00:00', '2025-01-24 18:40:04'),
(630, 71, 25.00, '2025-01-23 23:00:00', '2025-01-24 18:40:10'),
(631, 104, 16.00, '2025-01-23 23:00:00', '2025-01-24 18:40:17'),
(632, 46, 105.00, '2025-01-23 23:00:00', '2025-01-24 18:40:42'),
(633, 45, 77.00, '2025-01-23 23:00:00', '2025-01-24 18:41:07'),
(634, 60, 20.00, '2025-01-23 23:00:00', '2025-01-24 18:41:41'),
(635, 105, 14.00, '2025-01-23 23:00:00', '2025-01-24 18:43:54'),
(636, 110, 16.00, '2025-01-23 23:00:00', '2025-01-24 18:45:08'),
(637, 8, 198.00, '2025-01-31 23:00:00', '2025-02-01 15:55:18'),
(638, 39, 342.00, '2025-02-07 23:00:00', '2025-02-08 15:33:53'),
(639, 38, 367.00, '2025-02-07 23:00:00', '2025-02-08 15:34:01'),
(640, 37, 388.00, '2025-02-07 23:00:00', '2025-02-08 15:34:07'),
(642, 16, 412.00, '2025-02-07 23:00:00', '2025-02-08 15:34:17'),
(643, 15, 356.00, '2025-02-07 23:00:00', '2025-02-08 15:34:27'),
(644, 14, 405.00, '2025-02-07 23:00:00', '2025-02-08 15:34:32'),
(645, 13, 289.00, '2025-02-07 23:00:00', '2025-02-08 15:34:38'),
(646, 12, 309.00, '2025-02-07 23:00:00', '2025-02-08 15:34:43'),
(647, 11, 607.00, '2025-02-07 23:00:00', '2025-02-08 15:34:49'),
(648, 9, 347.00, '2025-02-07 23:00:00', '2025-02-08 15:34:55'),
(649, 7, 407.00, '2025-02-07 23:00:00', '2025-02-08 15:35:00'),
(650, 6, 270.00, '2025-02-07 23:00:00', '2025-02-08 15:35:06'),
(651, 2, 300.00, '2025-02-07 23:00:00', '2025-02-08 15:35:13'),
(652, 1, 360.00, '2025-02-07 23:00:00', '2025-02-08 15:35:21'),
(653, 3, 163.00, '2025-02-07 23:00:00', '2025-02-08 15:35:35'),
(654, 40, 180.00, '2025-02-07 23:00:00', '2025-02-08 15:35:43'),
(655, 43, 333.00, '2025-02-07 23:00:00', '2025-02-08 15:36:18'),
(656, 47, 175.00, '2025-02-07 23:00:00', '2025-02-08 15:36:33'),
(657, 89, 16.00, '2025-02-07 23:00:00', '2025-02-08 15:36:49'),
(658, 10, 354.00, '2025-02-07 23:00:00', '2025-02-08 15:37:00'),
(659, 5, 273.00, '2025-02-07 23:00:00', '2025-02-08 15:39:39'),
(660, 33, 247.00, '2025-02-07 23:00:00', '2025-02-08 15:47:27'),
(661, 17, 297.00, '2025-02-07 23:00:00', '2025-02-08 15:47:34'),
(662, 99, 13.00, '2025-02-14 23:00:00', '2025-02-15 16:10:25'),
(663, 97, 16.00, '2025-02-14 23:00:00', '2025-02-15 16:10:35'),
(664, 1, 402.00, '2025-03-12 23:00:00', '2025-03-13 08:25:40'),
(665, 3, 183.00, '2025-03-12 23:00:00', '2025-03-13 08:26:05'),
(666, 5, 296.00, '2025-03-12 23:00:00', '2025-03-13 08:26:17'),
(667, 7, 430.00, '2025-03-12 23:00:00', '2025-03-13 08:26:47'),
(668, 8, 220.00, '2025-03-12 23:00:00', '2025-03-13 08:26:57'),
(669, 9, 381.00, '2025-03-12 23:00:00', '2025-03-13 08:27:30'),
(670, 10, 382.00, '2025-03-12 23:00:00', '2025-03-13 08:27:38'),
(671, 12, 354.00, '2025-03-12 23:00:00', '2025-03-13 08:27:47'),
(672, 13, 325.00, '2025-03-12 23:00:00', '2025-03-13 08:27:56'),
(673, 14, 421.00, '2025-03-12 23:00:00', '2025-03-13 08:28:09'),
(674, 15, 406.00, '2025-03-12 23:00:00', '2025-03-13 08:28:20'),
(675, 16, 462.00, '2025-03-12 23:00:00', '2025-03-13 08:28:26'),
(676, 17, 320.00, '2025-03-12 23:00:00', '2025-03-13 08:28:36'),
(677, 33, 250.00, '2025-03-12 23:00:00', '2025-03-13 08:28:44'),
(678, 39, 378.00, '2025-03-12 23:00:00', '2025-03-13 08:29:08'),
(679, 40, 211.00, '2025-03-12 23:00:00', '2025-03-13 08:29:18'),
(680, 45, 88.00, '2025-03-12 23:00:00', '2025-03-13 08:29:42'),
(681, 46, 131.00, '2025-03-12 23:00:00', '2025-03-13 08:30:12'),
(682, 47, 204.00, '2025-03-12 23:00:00', '2025-03-13 08:30:20'),
(683, 57, 26.00, '2025-03-12 23:00:00', '2025-03-13 08:30:52'),
(684, 60, 23.00, '2025-03-12 23:00:00', '2025-03-13 08:31:03'),
(685, 89, 15.00, '2025-03-12 23:00:00', '2025-03-13 08:31:14'),
(686, 91, 18.00, '2025-03-12 23:00:00', '2025-03-13 08:31:21'),
(687, 103, 23.00, '2025-03-12 23:00:00', '2025-03-13 08:31:30'),
(688, 104, 20.00, '2025-03-12 23:00:00', '2025-03-13 08:31:46'),
(689, 105, 14.00, '2025-03-12 23:00:00', '2025-03-13 08:32:11'),
(690, 106, 21.00, '2025-03-12 23:00:00', '2025-03-13 08:32:20'),
(691, 107, 27.00, '2025-03-12 23:00:00', '2025-03-13 08:32:30'),
(692, 108, 24.00, '2025-03-12 23:00:00', '2025-03-13 08:32:39'),
(693, 109, 26.00, '2025-03-12 23:00:00', '2025-03-13 08:32:47'),
(694, 110, 19.00, '2025-03-12 23:00:00', '2025-03-13 08:32:55'),
(695, 69, 26.00, '2025-03-12 23:00:00', '2025-03-13 08:33:04'),
(696, 68, 23.00, '2025-03-12 23:00:00', '2025-03-13 08:33:10'),
(697, 71, 25.00, '2025-03-12 23:00:00', '2025-03-13 08:33:15'),
(698, 94, 16.00, '2025-03-12 23:00:00', '2025-03-13 08:33:22'),
(699, 8, 233.00, '2025-03-29 23:00:00', '2025-03-30 06:23:14'),
(700, 33, 284.00, '2025-04-18 22:00:00', '2025-04-19 17:31:21'),
(701, 8, 250.00, '2025-04-22 22:00:00', '2025-04-23 18:56:44'),
(702, 3, 190.00, '2025-05-04 22:00:00', '2025-05-05 10:31:10'),
(703, 33, 314.00, '2025-05-12 22:00:00', '2025-05-13 16:46:24'),
(704, 40, 245.00, '2025-05-16 22:00:00', '2025-05-17 03:51:06'),
(706, 8, 265.00, '2025-05-16 22:00:00', '2025-05-17 05:56:24'),
(707, 45, 127.00, '2025-05-22 22:00:00', '2025-05-23 07:13:16'),
(709, 47, 240.00, '2025-05-26 15:51:24', '2025-05-26 15:51:24'),
(710, 57, 41.00, '2025-05-26 15:51:24', '2025-05-26 15:51:24'),
(711, 60, 25.00, '2025-05-26 15:51:24', '2025-05-26 15:51:24'),
(712, 68, 29.00, '2025-05-26 15:51:24', '2025-05-26 15:51:24'),
(713, 71, 40.00, '2025-05-26 15:51:24', '2025-05-26 15:51:24'),
(714, 91, 20.00, '2025-05-26 15:51:24', '2025-05-26 15:51:24'),
(715, 103, 36.00, '2025-05-26 15:51:24', '2025-05-26 15:51:24'),
(716, 94, 25.00, '2025-05-30 22:00:00', '2025-05-31 17:05:25'),
(717, 8, 251.00, '2025-06-03 22:00:00', '2025-06-04 14:19:35'),
(718, 40, 255.00, '2025-06-30 22:00:00', '2025-07-01 17:20:20'),
(719, 45, 140.00, '2025-06-30 22:00:00', '2025-07-01 17:20:29'),
(720, 47, 260.00, '2025-06-30 22:00:00', '2025-07-01 17:21:14'),
(721, 57, 51.00, '2025-06-30 22:00:00', '2025-07-01 17:21:26'),
(722, 60, 30.00, '2025-06-30 22:00:00', '2025-07-01 17:21:34'),
(723, 68, 29.00, '2025-06-30 22:00:00', '2025-07-01 17:22:11'),
(724, 71, 47.00, '2025-06-30 22:00:00', '2025-07-01 17:22:24'),
(726, 91, 17.00, '2025-06-30 22:00:00', '2025-07-01 17:22:44'),
(727, 103, 47.00, '2025-06-30 22:00:00', '2025-07-01 17:23:17'),
(728, 104, 26.00, '2025-06-30 22:00:00', '2025-07-01 17:23:34'),
(729, 105, 16.00, '2025-06-30 22:00:00', '2025-07-01 17:23:50'),
(730, 106, 21.00, '2025-06-30 22:00:00', '2025-07-01 17:23:56'),
(731, 107, 47.00, '2025-06-30 22:00:00', '2025-07-01 17:24:11'),
(732, 108, 44.00, '2025-06-30 22:00:00', '2025-07-01 17:24:25'),
(733, 109, 45.00, '2025-06-30 22:00:00', '2025-07-01 17:24:30'),
(734, 110, 22.00, '2025-06-30 22:00:00', '2025-07-01 17:24:35'),
(779, 89, 17.00, '2025-06-30 22:00:00', '2025-07-03 07:04:11'),
(793, 111, 5.00, '2025-07-09 22:00:00', '2025-07-10 14:36:35'),
(794, 112, 5.00, '2025-07-09 22:00:00', '2025-07-10 14:38:19'),
(795, 113, 6.00, '2025-07-09 22:00:00', '2025-07-10 14:40:22'),
(796, 114, 5.00, '2025-07-09 22:00:00', '2025-07-10 14:42:38'),
(797, 115, 5.00, '2025-07-09 22:00:00', '2025-07-10 14:44:34'),
(798, 116, 6.00, '2025-07-09 22:00:00', '2025-07-10 14:46:16'),
(799, 117, 7.00, '2025-07-09 22:00:00', '2025-07-10 14:48:36'),
(801, 119, 6.00, '2025-07-09 22:00:00', '2025-07-10 14:52:08'),
(802, 120, 5.00, '2025-07-09 22:00:00', '2025-07-10 14:53:37'),
(803, 121, 4.00, '2025-07-09 22:00:00', '2025-07-10 14:54:40'),
(804, 122, 6.00, '2025-07-09 22:00:00', '2025-07-10 14:55:54'),
(805, 123, 6.00, '2025-07-09 22:00:00', '2025-07-10 14:57:26'),
(806, 128, 4.00, '2025-07-09 22:00:00', '2025-07-10 14:59:48'),
(807, 118, 7.00, '2025-07-11 22:00:00', '2025-07-12 13:36:06'),
(808, 124, 7.00, '2025-07-11 22:00:00', '2025-07-12 13:38:21'),
(809, 125, 6.00, '2025-07-11 22:00:00', '2025-07-12 13:39:50'),
(810, 126, 6.00, '2025-07-11 22:00:00', '2025-07-12 13:42:09'),
(811, 127, 5.00, '2025-07-11 22:00:00', '2025-07-12 13:43:14'),
(812, 129, 6.00, '2025-07-11 22:00:00', '2025-07-12 13:44:46'),
(813, 130, 6.00, '2025-07-11 22:00:00', '2025-07-12 13:45:52'),
(814, 131, 6.00, '2025-07-11 22:00:00', '2025-07-12 13:47:08'),
(815, 132, 6.00, '2025-07-11 22:00:00', '2025-07-12 13:49:01'),
(816, 133, 6.00, '2025-07-11 22:00:00', '2025-07-12 13:50:16'),
(817, 134, 7.00, '2025-07-11 22:00:00', '2025-07-12 13:51:39'),
(818, 135, 6.00, '2025-07-11 22:00:00', '2025-07-12 13:52:50'),
(819, 136, 6.00, '2025-07-11 22:00:00', '2025-07-12 13:53:58'),
(820, 137, 6.00, '2025-07-11 22:00:00', '2025-07-12 13:55:53'),
(821, 138, 7.00, '2025-07-11 22:00:00', '2025-07-12 13:57:17'),
(823, 140, 6.00, '2025-07-11 22:00:00', '2025-07-12 14:00:40'),
(824, 141, 7.00, '2025-07-11 22:00:00', '2025-07-12 14:02:14'),
(825, 142, 6.00, '2025-07-11 22:00:00', '2025-07-12 14:05:12'),
(826, 143, 6.00, '2025-07-11 22:00:00', '2025-07-12 14:06:46'),
(827, 144, 6.00, '2025-07-11 22:00:00', '2025-07-12 14:08:08'),
(828, 145, 6.00, '2025-07-11 22:00:00', '2025-07-12 14:09:47'),
(829, 146, 6.00, '2025-07-11 22:00:00', '2025-07-12 14:11:39'),
(830, 147, 6.00, '2025-07-11 22:00:00', '2025-07-12 14:13:04'),
(831, 139, 6.00, '2025-07-11 22:00:00', '2025-07-12 14:50:31'),
(832, 149, 7.00, '2025-07-26 22:00:00', '2025-07-27 08:06:26'),
(833, 150, 6.00, '2025-07-26 22:00:00', '2025-07-27 08:06:26'),
(834, 151, 7.00, '2025-07-26 22:00:00', '2025-07-27 08:06:26'),
(835, 152, 6.00, '2025-07-26 22:00:00', '2025-07-27 08:06:26'),
(836, 153, 6.00, '2025-07-26 22:00:00', '2025-07-27 08:06:26'),
(837, 154, 6.00, '2025-07-26 22:00:00', '2025-07-27 08:06:26'),
(838, 155, 7.00, '2025-07-26 22:00:00', '2025-07-27 08:06:26'),
(839, 156, 6.00, '2025-07-26 22:00:00', '2025-07-27 08:06:26'),
(840, 157, 7.00, '2025-07-26 22:00:00', '2025-07-27 08:06:26'),
(841, 158, 6.00, '2025-07-26 22:00:00', '2025-07-27 08:06:26'),
(842, 159, 7.00, '2025-07-26 22:00:00', '2025-07-27 08:06:26'),
(843, 160, 6.00, '2025-07-26 22:00:00', '2025-07-27 08:06:26'),
(844, 162, 6.00, '2025-07-26 22:00:00', '2025-07-27 08:40:28'),
(845, 192, 6.00, '2025-08-27 22:00:00', '2025-08-28 06:31:25'),
(846, 191, 7.00, '2025-08-27 22:00:00', '2025-08-28 06:31:29'),
(847, 190, 6.00, '2025-08-27 22:00:00', '2025-08-28 06:31:31'),
(848, 189, 7.00, '2025-08-27 22:00:00', '2025-08-28 06:31:34'),
(849, 188, 7.00, '2025-08-27 22:00:00', '2025-08-28 06:31:37'),
(850, 187, 8.00, '2025-08-27 22:00:00', '2025-08-28 06:31:40'),
(851, 186, 7.00, '2025-08-27 22:00:00', '2025-08-28 06:31:43'),
(852, 185, 8.00, '2025-08-27 22:00:00', '2025-08-28 06:31:47'),
(853, 184, 7.00, '2025-08-27 22:00:00', '2025-08-28 06:31:50'),
(854, 183, 7.00, '2025-08-27 22:00:00', '2025-08-28 06:31:59'),
(855, 182, 6.00, '2025-08-27 22:00:00', '2025-08-28 06:32:11'),
(856, 181, 7.00, '2025-08-27 22:00:00', '2025-08-28 06:32:14'),
(857, 167, 6.00, '2025-08-28 22:00:00', '2025-08-29 05:11:58'),
(858, 168, 7.00, '2025-08-28 22:00:00', '2025-08-29 05:12:01'),
(859, 169, 6.00, '2025-08-28 22:00:00', '2025-08-29 05:12:03'),
(860, 170, 5.00, '2025-08-28 22:00:00', '2025-08-29 05:12:05'),
(861, 171, 6.00, '2025-08-28 22:00:00', '2025-08-29 05:12:08'),
(862, 173, 7.00, '2025-08-28 22:00:00', '2025-08-29 05:12:14'),
(863, 176, 6.00, '2025-08-28 22:00:00', '2025-08-29 05:12:22'),
(864, 175, 6.00, '2025-08-28 22:00:00', '2025-08-29 05:12:26'),
(865, 174, 6.00, '2025-08-28 22:00:00', '2025-08-29 05:12:29'),
(866, 177, 7.00, '2025-08-28 22:00:00', '2025-08-29 05:12:35'),
(867, 178, 7.00, '2025-08-28 22:00:00', '2025-08-29 05:12:37'),
(868, 179, 6.00, '2025-08-28 22:00:00', '2025-08-29 05:12:40'),
(869, 180, 7.00, '2025-08-28 22:00:00', '2025-08-29 05:12:42'),
(870, 94, 36.00, '2025-08-28 22:00:00', '2025-08-29 12:21:12'),
(871, 164, 6.00, '2025-08-28 22:00:00', '2025-08-29 14:35:07'),
(872, 165, 7.00, '2025-08-28 22:00:00', '2025-08-29 14:35:16'),
(873, 120, 11.00, '2025-08-29 22:00:00', '2025-08-30 12:29:58'),
(874, 129, 12.00, '2025-08-29 22:00:00', '2025-08-30 12:33:35'),
(875, 156, 8.00, '2025-08-29 22:00:00', '2025-08-30 12:37:14'),
(876, 154, 9.00, '2025-08-29 22:00:00', '2025-08-30 12:44:42'),
(877, 127, 10.00, '2025-08-29 22:00:00', '2025-08-30 12:47:43'),
(878, 114, 12.00, '2025-08-29 22:00:00', '2025-08-30 12:51:10'),
(879, 117, 11.00, '2025-08-29 22:00:00', '2025-08-30 12:54:00'),
(880, 118, 8.00, '2025-08-29 22:00:00', '2025-08-30 12:55:36'),
(881, 133, 11.00, '2025-08-29 22:00:00', '2025-08-30 13:01:40');
INSERT INTO `animal_weights` (`id`, `animal_id`, `value`, `created_at`, `updated_at`) VALUES
(882, 151, 10.00, '2025-08-29 22:00:00', '2025-08-30 13:03:03'),
(883, 71, 66.00, '2025-08-29 22:00:00', '2025-08-30 13:26:56'),
(884, 119, 13.00, '2025-08-29 22:00:00', '2025-08-30 13:53:25'),
(885, 111, 11.00, '2025-08-29 22:00:00', '2025-08-30 13:55:21'),
(886, 57, 84.00, '2025-09-05 22:00:00', '2025-09-06 15:17:41'),
(887, 60, 51.00, '2025-09-05 22:00:00', '2025-09-06 15:17:49'),
(888, 68, 52.00, '2025-09-05 22:00:00', '2025-09-06 15:18:00'),
(889, 111, 12.00, '2025-09-05 22:00:00', '2025-09-06 15:18:33'),
(890, 116, 14.00, '2025-09-05 22:00:00', '2025-09-06 15:18:52'),
(891, 121, 10.00, '2025-09-05 22:00:00', '2025-09-06 15:19:13'),
(892, 123, 12.00, '2025-09-05 22:00:00', '2025-09-06 15:19:26'),
(893, 125, 14.00, '2025-09-05 22:00:00', '2025-09-06 15:19:33'),
(894, 130, 12.00, '2025-09-05 22:00:00', '2025-09-06 15:19:46'),
(895, 134, 12.00, '2025-09-05 22:00:00', '2025-09-06 15:20:02'),
(896, 136, 12.00, '2025-09-05 22:00:00', '2025-09-06 15:20:09'),
(897, 137, 11.00, '2025-09-05 22:00:00', '2025-09-06 15:20:21'),
(898, 138, 10.00, '2025-09-05 22:00:00', '2025-09-06 15:20:30'),
(899, 141, 11.00, '2025-09-05 22:00:00', '2025-09-06 15:20:36'),
(900, 146, 13.00, '2025-09-05 22:00:00', '2025-09-06 15:20:43'),
(901, 147, 12.00, '2025-09-05 22:00:00', '2025-09-06 15:20:55'),
(902, 150, 10.00, '2025-09-05 22:00:00', '2025-09-06 15:21:01'),
(903, 153, 10.00, '2025-09-05 22:00:00', '2025-09-06 15:21:26'),
(904, 155, 9.00, '2025-09-05 22:00:00', '2025-09-06 15:21:50'),
(905, 158, 10.00, '2025-09-05 22:00:00', '2025-09-06 15:22:12'),
(906, 159, 10.00, '2025-09-05 22:00:00', '2025-09-06 15:22:25'),
(907, 160, 11.00, '2025-09-05 22:00:00', '2025-09-06 15:22:45'),
(908, 163, 10.00, '2025-09-05 22:00:00', '2025-09-06 15:22:51'),
(909, 163, 7.00, '2025-08-05 22:00:00', '2025-09-06 15:23:00'),
(910, 164, 10.00, '2025-09-05 22:00:00', '2025-09-06 15:23:10'),
(911, 166, 7.00, '2025-08-05 22:00:00', '2025-09-06 15:23:22'),
(912, 166, 12.00, '2025-09-05 22:00:00', '2025-09-06 15:23:26'),
(913, 167, 9.00, '2025-09-05 22:00:00', '2025-09-06 15:23:34'),
(914, 171, 9.00, '2025-09-05 22:00:00', '2025-09-06 15:23:47'),
(915, 173, 9.00, '2025-09-05 22:00:00', '2025-09-06 15:24:02'),
(916, 174, 8.00, '2025-09-05 22:00:00', '2025-09-06 15:24:19'),
(917, 184, 11.00, '2025-09-05 22:00:00', '2025-09-06 15:25:06'),
(918, 183, 10.00, '2025-09-05 22:00:00', '2025-09-06 15:25:11'),
(919, 185, 10.00, '2025-09-05 22:00:00', '2025-09-06 15:25:16'),
(920, 189, 10.00, '2025-09-05 22:00:00', '2025-09-06 15:25:45'),
(921, 190, 10.00, '2025-09-05 22:00:00', '2025-09-06 15:25:54'),
(922, 191, 11.00, '2025-09-05 22:00:00', '2025-09-06 15:26:00'),
(923, 192, 10.00, '2025-09-05 22:00:00', '2025-09-06 15:26:06'),
(924, 3, 270.00, '2025-09-12 22:00:00', '2025-09-13 08:34:00'),
(925, 214, 96.00, '2025-09-13 22:00:00', '2025-09-14 15:58:00'),
(926, 213, 92.00, '2025-09-13 22:00:00', '2025-09-14 15:59:19'),
(927, 193, 7.00, '2025-09-01 22:00:00', '2025-09-18 06:35:05'),
(928, 194, 7.00, '2025-09-01 22:00:00', '2025-09-18 06:35:09'),
(929, 195, 7.00, '2025-09-01 22:00:00', '2025-09-18 06:35:13'),
(930, 196, 8.00, '2025-09-01 22:00:00', '2025-09-18 06:35:18'),
(931, 199, 6.00, '2025-09-01 22:00:00', '2025-09-18 06:35:27'),
(932, 201, 8.00, '2025-09-01 22:00:00', '2025-09-18 06:35:40'),
(933, 203, 7.00, '2025-09-01 22:00:00', '2025-09-18 06:35:53'),
(934, 202, 7.00, '2025-09-01 22:00:00', '2025-09-18 06:35:57'),
(935, 204, 8.00, '2025-09-01 22:00:00', '2025-09-18 06:36:04'),
(936, 205, 7.00, '2025-09-01 22:00:00', '2025-09-18 06:36:09'),
(937, 200, 7.00, '2025-09-01 22:00:00', '2025-09-18 06:36:19'),
(938, 198, 8.00, '2025-09-01 22:00:00', '2025-09-18 06:36:24'),
(939, 197, 7.00, '2025-09-01 22:00:00', '2025-09-18 06:36:28'),
(940, 45, 190.00, '2025-09-21 22:00:00', '2025-09-22 04:19:03'),
(941, 46, 215.00, '2025-09-21 22:00:00', '2025-09-22 04:23:48'),
(942, 47, 346.00, '2025-09-21 22:00:00', '2025-09-22 17:13:19'),
(943, 40, 306.00, '2025-09-21 22:00:00', '2025-09-22 17:20:10'),
(944, 89, 19.00, '2025-09-26 22:00:00', '2025-09-27 14:23:44'),
(945, 91, 23.00, '2025-09-26 22:00:00', '2025-09-27 14:23:50'),
(946, 103, 74.00, '2025-09-26 22:00:00', '2025-09-27 14:23:58'),
(947, 104, 44.00, '2025-09-26 22:00:00', '2025-09-27 14:24:09'),
(948, 105, 35.00, '2025-09-26 22:00:00', '2025-09-27 14:24:17'),
(949, 106, 27.00, '2025-09-26 22:00:00', '2025-09-27 14:24:23'),
(950, 107, 69.00, '2025-09-26 22:00:00', '2025-09-27 14:24:34'),
(951, 108, 64.00, '2025-09-26 22:00:00', '2025-09-27 14:24:47'),
(952, 109, 61.00, '2025-09-26 22:00:00', '2025-09-27 14:25:01'),
(953, 110, 28.00, '2025-09-26 22:00:00', '2025-09-27 14:25:10'),
(954, 128, 11.00, '2025-09-26 22:00:00', '2025-09-27 14:25:20'),
(955, 151, 13.00, '2025-09-26 22:00:00', '2025-09-27 14:25:29'),
(956, 152, 9.00, '2025-09-26 22:00:00', '2025-09-27 14:25:34'),
(957, 162, 10.00, '2025-09-26 22:00:00', '2025-09-27 14:25:40'),
(958, 165, 11.00, '2025-09-26 22:00:00', '2025-09-27 14:25:46'),
(959, 181, 10.00, '2025-09-26 22:00:00', '2025-09-27 14:25:51'),
(960, 188, 12.00, '2025-09-26 22:00:00', '2025-09-27 14:25:54'),
(961, 68, 55.00, '2025-09-26 22:00:00', '2025-09-27 14:26:06'),
(962, 196, 11.00, '2025-09-26 22:00:00', '2025-09-27 14:26:20'),
(963, 206, 6.00, '2025-10-10 22:00:00', '2025-10-11 14:57:02'),
(964, 207, 7.00, '2025-10-10 22:00:00', '2025-10-11 14:57:04'),
(965, 208, 7.00, '2025-10-10 22:00:00', '2025-10-11 14:57:07'),
(966, 209, 6.00, '2025-10-10 22:00:00', '2025-10-11 14:57:09'),
(967, 210, 8.00, '2025-10-10 22:00:00', '2025-10-11 14:57:10'),
(968, 211, 6.00, '2025-10-10 22:00:00', '2025-10-11 14:57:14'),
(969, 212, 7.00, '2025-10-10 22:00:00', '2025-10-11 14:57:17'),
(970, 215, 8.00, '2025-10-10 22:00:00', '2025-10-11 14:57:22'),
(971, 216, 6.00, '2025-10-10 22:00:00', '2025-10-11 14:57:27'),
(972, 217, 7.00, '2025-10-10 22:00:00', '2025-10-11 14:57:33'),
(973, 226, 20.00, '2025-10-11 22:00:00', '2025-10-12 18:10:16'),
(974, 193, 10.00, '2025-10-14 22:00:00', '2025-10-15 16:05:07'),
(975, 197, 9.00, '2025-10-14 22:00:00', '2025-10-15 16:05:21'),
(976, 198, 9.00, '2025-10-14 22:00:00', '2025-10-15 16:05:39'),
(977, 199, 9.00, '2025-10-14 22:00:00', '2025-10-15 16:05:47'),
(978, 200, 11.00, '2025-10-14 22:00:00', '2025-10-15 16:06:24'),
(979, 201, 9.00, '2025-10-14 22:00:00', '2025-10-15 16:06:51'),
(980, 202, 13.00, '2025-10-14 22:00:00', '2025-10-15 16:07:02'),
(981, 190, 12.00, '2025-10-14 22:00:00', '2025-10-15 16:07:10'),
(982, 189, 11.00, '2025-10-14 22:00:00', '2025-10-15 16:07:17'),
(983, 187, 14.00, '2025-10-14 22:00:00', '2025-10-15 16:07:26'),
(984, 186, 12.00, '2025-10-14 22:00:00', '2025-10-15 16:07:37'),
(985, 185, 13.00, '2025-10-14 22:00:00', '2025-10-15 16:07:45'),
(986, 174, 9.00, '2025-10-14 22:00:00', '2025-10-15 16:07:57'),
(987, 166, 13.00, '2025-10-14 22:00:00', '2025-10-15 16:08:06'),
(988, 160, 12.00, '2025-10-14 22:00:00', '2025-10-15 16:08:16'),
(990, 155, 10.00, '2025-10-14 22:00:00', '2025-10-15 16:08:41'),
(991, 153, 11.00, '2025-10-14 22:00:00', '2025-10-15 16:08:48'),
(992, 150, 12.00, '2025-10-14 22:00:00', '2025-10-15 16:08:57'),
(993, 149, 8.00, '2025-10-14 22:00:00', '2025-10-15 16:09:23'),
(994, 138, 12.00, '2025-10-14 22:00:00', '2025-10-15 16:09:35'),
(995, 136, 14.00, '2025-10-14 22:00:00', '2025-10-15 16:09:46'),
(996, 135, 8.00, '2025-10-14 22:00:00', '2025-10-15 16:09:57'),
(997, 133, 12.00, '2025-10-14 22:00:00', '2025-10-15 16:10:05'),
(998, 147, 14.00, '2025-10-14 22:00:00', '2025-10-15 16:10:13'),
(999, 121, 12.00, '2025-10-14 22:00:00', '2025-10-15 16:10:23'),
(1001, 114, 14.00, '2025-10-14 22:00:00', '2025-10-15 16:10:38'),
(1002, 111, 14.00, '2025-10-14 22:00:00', '2025-10-15 16:10:53'),
(1003, 203, 9.00, '2025-10-14 22:00:00', '2025-10-15 16:11:06'),
(1004, 223, 9.00, '2025-10-19 22:00:00', '2025-10-20 15:51:33'),
(1005, 224, 5.00, '2025-10-19 22:00:00', '2025-10-20 15:52:19'),
(1006, 225, 9.00, '2025-10-19 22:00:00', '2025-10-20 15:52:37'),
(1007, 222, 9.00, '2025-10-19 22:00:00', '2025-10-20 15:52:50'),
(1008, 221, 10.00, '2025-10-19 22:00:00', '2025-10-20 15:53:05'),
(1009, 220, 9.00, '2025-10-19 22:00:00', '2025-10-20 15:53:21'),
(1010, 219, 8.00, '2025-10-19 22:00:00', '2025-10-20 15:53:39'),
(1011, 218, 10.00, '2025-10-19 22:00:00', '2025-10-20 15:53:52'),
(1012, 198, 12.00, '2025-10-31 23:00:00', '2025-11-01 06:04:22'),
(1013, 135, 7.00, '2025-10-31 23:00:00', '2025-11-01 07:40:51'),
(1014, 136, 16.00, '2025-10-31 23:00:00', '2025-11-01 07:41:35'),
(1015, 138, 12.00, '2025-10-31 23:00:00', '2025-11-01 07:41:55'),
(1016, 149, 9.00, '2025-10-31 23:00:00', '2025-11-01 07:42:25'),
(1017, 160, 14.00, '2025-10-31 23:00:00', '2025-11-01 07:43:14'),
(1018, 159, 14.00, '2025-10-31 23:00:00', '2025-11-01 07:43:36'),
(1019, 156, 13.00, '2025-10-31 23:00:00', '2025-11-01 07:43:59'),
(1020, 155, 11.00, '2025-10-31 23:00:00', '2025-11-01 07:44:26'),
(1022, 153, 11.00, '2025-10-31 23:00:00', '2025-11-01 07:44:52'),
(1023, 211, 9.00, '2025-10-31 23:00:00', '2025-11-01 07:45:24'),
(1024, 210, 9.00, '2025-10-31 23:00:00', '2025-11-01 07:46:13'),
(1025, 207, 10.00, '2025-10-31 23:00:00', '2025-11-01 07:46:27'),
(1026, 204, 8.00, '2025-10-31 23:00:00', '2025-11-01 07:47:06'),
(1027, 203, 9.00, '2025-10-31 23:00:00', '2025-11-01 07:47:28'),
(1028, 202, 13.00, '2025-10-31 23:00:00', '2025-11-01 07:47:42'),
(1029, 201, 10.00, '2025-10-31 23:00:00', '2025-11-01 07:47:55'),
(1030, 200, 16.00, '2025-10-31 23:00:00', '2025-11-01 07:48:04'),
(1031, 199, 11.00, '2025-10-31 23:00:00', '2025-11-01 07:48:14'),
(1032, 197, 10.00, '2025-10-31 23:00:00', '2025-11-01 07:48:27'),
(1033, 194, 10.00, '2025-10-31 23:00:00', '2025-11-01 07:48:39'),
(1034, 190, 16.00, '2025-10-31 23:00:00', '2025-11-01 07:48:57'),
(1035, 189, 13.00, '2025-10-31 23:00:00', '2025-11-01 07:49:15'),
(1036, 187, 17.00, '2025-10-31 23:00:00', '2025-11-01 07:49:27'),
(1037, 185, 17.00, '2025-10-31 23:00:00', '2025-11-01 07:49:38'),
(1038, 9, 319.00, '2025-11-07 23:00:00', '2025-11-08 12:49:12'),
(1039, 136, 18.00, '2025-11-07 23:00:00', '2025-11-08 20:10:38'),
(1040, 138, 14.00, '2025-11-07 23:00:00', '2025-11-08 20:10:44'),
(1041, 153, 12.00, '2025-11-07 23:00:00', '2025-11-08 20:10:53'),
(1042, 156, 14.00, '2025-11-07 23:00:00', '2025-11-08 20:11:01'),
(1043, 160, 13.00, '2025-11-07 23:00:00', '2025-11-08 20:11:09'),
(1044, 184, 16.00, '2025-11-07 23:00:00', '2025-11-08 20:11:24'),
(1045, 197, 13.00, '2025-11-07 23:00:00', '2025-11-08 20:12:08'),
(1046, 201, 12.00, '2025-11-07 23:00:00', '2025-11-08 20:12:26'),
(1047, 202, 14.00, '2025-11-07 23:00:00', '2025-11-08 20:12:31'),
(1048, 204, 11.00, '2025-11-07 23:00:00', '2025-11-08 20:12:43'),
(1049, 212, 8.00, '2025-11-07 23:00:00', '2025-11-08 20:13:04'),
(1050, 220, 11.00, '2025-11-07 23:00:00', '2025-11-08 20:13:22'),
(1051, 221, 11.00, '2025-11-07 23:00:00', '2025-11-08 20:13:27'),
(1052, 225, 11.00, '2025-11-07 23:00:00', '2025-11-08 20:13:32'),
(1053, 139, 9.00, '2025-11-07 23:00:00', '2025-11-08 20:13:37'),
(1054, 135, 9.00, '2025-11-07 23:00:00', '2025-11-08 20:13:43'),
(1055, 217, 8.00, '2025-11-20 23:00:00', '2025-11-21 17:39:11'),
(1056, 212, 9.00, '2025-11-20 23:00:00', '2025-11-21 17:41:08'),
(1057, 189, 14.00, '2025-11-20 23:00:00', '2025-11-21 17:42:37'),
(1058, 224, 6.00, '2025-11-20 23:00:00', '2025-11-21 17:43:56'),
(1059, 219, 9.00, '2025-11-20 23:00:00', '2025-11-21 17:44:18'),
(1060, 218, 12.00, '2025-11-20 23:00:00', '2025-11-21 17:44:32'),
(1061, 216, 6.00, '2025-12-18 23:00:00', '2025-12-19 16:58:10'),
(1062, 207, 12.00, '2025-12-18 23:00:00', '2025-12-19 16:58:30'),
(1063, 223, 7.00, '2025-12-18 23:00:00', '2025-12-19 16:58:47'),
(1064, 149, 10.00, '2025-12-18 23:00:00', '2025-12-19 16:58:59'),
(1065, 224, 8.00, '2025-12-18 23:00:00', '2025-12-19 16:59:10'),
(1066, 221, 14.00, '2025-12-18 23:00:00', '2025-12-19 16:59:27'),
(1067, 212, 10.00, '2025-12-18 23:00:00', '2025-12-19 16:59:44'),
(1068, 210, 9.00, '2025-12-18 23:00:00', '2025-12-19 16:59:57'),
(1069, 208, 5.00, '2025-12-18 23:00:00', '2025-12-19 17:00:09'),
(1070, 204, 13.00, '2025-12-18 23:00:00', '2025-12-19 17:00:19'),
(1071, 203, 10.00, '2025-12-18 23:00:00', '2025-12-19 17:00:41'),
(1072, 202, 18.00, '2025-12-18 23:00:00', '2025-12-19 17:01:00'),
(1073, 201, 14.00, '2025-12-18 23:00:00', '2025-12-19 17:01:17'),
(1074, 199, 13.00, '2025-12-18 23:00:00', '2025-12-19 17:01:27'),
(1075, 194, 11.00, '2025-12-18 23:00:00', '2025-12-19 17:01:41'),
(1076, 189, 16.00, '2025-12-18 23:00:00', '2025-12-19 17:01:50'),
(1077, 187, 21.00, '2025-12-18 23:00:00', '2025-12-19 17:01:59'),
(1078, 185, 18.00, '2025-12-18 23:00:00', '2025-12-19 17:02:13'),
(1079, 184, 16.00, '2025-12-18 23:00:00', '2025-12-19 17:02:27'),
(1080, 160, 15.00, '2025-12-18 23:00:00', '2025-12-19 17:02:41'),
(1081, 156, 14.00, '2025-12-18 23:00:00', '2025-12-19 17:02:51'),
(1082, 155, 15.00, '2025-12-18 23:00:00', '2025-12-19 17:03:00'),
(1083, 153, 14.00, '2025-12-18 23:00:00', '2025-12-19 17:03:09'),
(1084, 138, 15.00, '2025-12-18 23:00:00', '2025-12-19 17:03:19'),
(1085, 136, 19.00, '2025-12-18 23:00:00', '2025-12-19 17:03:29'),
(1086, 135, 9.00, '2025-12-18 23:00:00', '2025-12-19 17:03:38'),
(1087, 190, 17.00, '2025-12-18 23:00:00', '2025-12-19 17:03:47'),
(1088, 225, 12.00, '2025-12-18 23:00:00', '2025-12-19 17:03:56'),
(1089, 219, 11.00, '2025-12-18 23:00:00', '2025-12-19 17:04:05'),
(1090, 181, 15.00, '2025-12-18 23:00:00', '2025-12-19 17:15:52'),
(1091, 162, 14.00, '2025-12-18 23:00:00', '2025-12-19 17:16:02'),
(1092, 196, 17.00, '2025-12-18 23:00:00', '2025-12-19 17:16:10'),
(1093, 128, 20.00, '2025-12-18 23:00:00', '2025-12-19 17:16:19'),
(1094, 89, 24.00, '2025-12-18 23:00:00', '2025-12-19 17:16:35'),
(1095, 151, 18.00, '2025-12-18 23:00:00', '2025-12-19 17:16:44'),
(1096, 110, 38.00, '2025-12-18 23:00:00', '2025-12-19 17:16:52'),
(1097, 165, 15.00, '2025-12-18 23:00:00', '2025-12-19 17:17:01'),
(1098, 104, 62.00, '2025-12-18 23:00:00', '2025-12-19 17:28:57'),
(1099, 106, 32.00, '2025-12-18 23:00:00', '2025-12-19 17:29:07'),
(1100, 105, 48.00, '2025-12-18 23:00:00', '2025-12-19 17:29:25'),
(1101, 226, 30.00, '2025-12-18 23:00:00', '2025-12-19 17:29:30'),
(1102, 68, 69.00, '2025-12-18 23:00:00', '2025-12-19 17:29:58'),
(1103, 103, 113.00, '2025-12-18 23:00:00', '2025-12-19 17:30:08'),
(1104, 45, 221.00, '2025-12-18 23:00:00', '2025-12-19 17:30:19'),
(1105, 108, 96.00, '2025-12-18 23:00:00', '2025-12-19 17:30:36'),
(1106, 109, 90.00, '2025-12-18 23:00:00', '2025-12-19 17:30:49'),
(1107, 107, 96.00, '2025-12-18 23:00:00', '2025-12-19 17:44:49'),
(1108, 46, 256.00, '2025-12-18 23:00:00', '2025-12-19 17:45:06'),
(1109, 152, 15.00, '2025-12-18 23:00:00', '2025-12-19 17:59:26'),
(1110, 214, 134.00, '2025-12-18 23:00:00', '2025-12-19 17:59:37'),
(1112, 219, 12.00, '2026-01-05 23:00:00', '2026-01-06 07:52:54'),
(1113, 214, 138.00, '2026-01-05 23:00:00', '2026-01-06 07:53:45'),
(1114, 12, 371.00, '2026-01-10 23:00:00', '2026-01-11 17:02:54'),
(1115, 8, 308.00, '2026-01-16 23:00:00', '2026-01-17 15:10:50'),
(1116, 14, 383.00, '2026-01-16 23:00:00', '2026-01-17 15:11:58'),
(1117, 15, 414.00, '2026-01-16 23:00:00', '2026-01-17 15:12:48'),
(1119, 40, 333.00, '2026-01-16 23:00:00', '2026-01-17 15:14:53'),
(1120, 38, 400.00, '2026-01-16 23:00:00', '2026-01-17 15:15:45'),
(1121, 39, 346.00, '2026-01-16 23:00:00', '2026-01-17 15:16:51'),
(1122, 33, 387.00, '2026-01-16 23:00:00', '2026-01-17 15:18:32'),
(1123, 230, 134.00, '2026-01-21 23:00:00', '2026-01-22 15:54:01'),
(1124, 229, 71.00, '2026-01-21 23:00:00', '2026-01-22 15:54:06'),
(1125, 214, 131.00, '2026-01-21 23:00:00', '2026-01-22 15:54:16'),
(1126, 213, 100.00, '2026-01-21 23:00:00', '2026-01-22 15:54:21'),
(1127, 226, 39.00, '2026-01-21 23:00:00', '2026-01-22 15:55:50'),
(1128, 45, 242.00, '2026-01-21 23:00:00', '2026-01-22 15:56:04'),
(1129, 103, 109.00, '2026-01-21 23:00:00', '2026-01-22 15:56:20'),
(1130, 224, 8.00, '2026-01-23 23:00:00', '2026-01-24 14:50:33'),
(1131, 221, 15.00, '2026-01-23 23:00:00', '2026-01-24 14:50:51'),
(1132, 212, 11.00, '2026-01-23 23:00:00', '2026-01-24 14:51:20'),
(1133, 210, 10.00, '2026-01-23 23:00:00', '2026-01-24 14:51:41'),
(1134, 202, 19.00, '2026-01-23 23:00:00', '2026-01-24 14:52:09'),
(1135, 199, 13.00, '2026-01-23 23:00:00', '2026-01-24 14:52:53');

-- --------------------------------------------------------

--
-- Struktura tabeli dla tabeli `failed_jobs`
--

CREATE TABLE IF NOT EXISTS `failed_jobs` (
  `id` bigint UNSIGNED NOT NULL AUTO_INCREMENT,
  `uuid` varchar(255) COLLATE utf8mb4_unicode_ci NOT NULL,
  `connection` text COLLATE utf8mb4_unicode_ci NOT NULL,
  `queue` text COLLATE utf8mb4_unicode_ci NOT NULL,
  `payload` longtext COLLATE utf8mb4_unicode_ci NOT NULL,
  `exception` longtext COLLATE utf8mb4_unicode_ci NOT NULL,
  `failed_at` timestamp NOT NULL DEFAULT CURRENT_TIMESTAMP,
  PRIMARY KEY (`id`),
  UNIQUE KEY `failed_jobs_uuid_unique` (`uuid`)
) ENGINE=InnoDB DEFAULT CHARSET=utf8mb4 COLLATE=utf8mb4_unicode_ci;

--
-- RELACJE DLA TABELI `failed_jobs`:
--

-- --------------------------------------------------------

--
-- Struktura tabeli dla tabeli `feeds`
--

CREATE TABLE IF NOT EXISTS `feeds` (
  `id` bigint UNSIGNED NOT NULL AUTO_INCREMENT,
  `name` varchar(255) COLLATE utf8mb4_unicode_ci NOT NULL,
  `feeding_interval` int NOT NULL,
  `amount` int NOT NULL,
  `last_price` double(8,2) NOT NULL,
  `created_at` timestamp NULL DEFAULT NULL,
  `updated_at` timestamp NULL DEFAULT NULL,
  PRIMARY KEY (`id`)
) ENGINE=InnoDB AUTO_INCREMENT=14 DEFAULT CHARSET=utf8mb4 COLLATE=utf8mb4_unicode_ci;

--
-- RELACJE DLA TABELI `feeds`:
--

--
-- Dumping data for table `feeds`
--

INSERT INTO `feeds` (`id`, `name`, `feeding_interval`, `amount`, `last_price`, `created_at`, `updated_at`) VALUES
(1, 'Osesek 1-2g', 5, 385, 0.80, NULL, '2026-01-29 18:02:34'),
(2, 'Osesek 3-4g', 6, 205, 1.00, NULL, '2026-01-29 18:01:23'),
(3, 'Osesek 5-9g', 6, 127, 1.20, NULL, '2026-01-29 18:01:23'),
(4, 'Mysz 10-16g', 8, 31, 1.80, NULL, '2026-01-29 18:01:23'),
(5, 'Mysz 16-22g', 8, 39, 2.20, NULL, '2025-12-17 18:57:04'),
(6, 'Mysz 23-29g', 9, 63, 2.40, NULL, '2026-01-29 18:01:23'),
(7, 'Szczur mrożony 30/40g', 23, 0, 1.30, NULL, '2026-01-22 16:15:44'),
(9, 'Odmowa przyjęcia pokarmu', 0, 99823, 0.00, '2023-11-04 16:00:44', '2026-01-29 18:02:34'),
(10, '-- Nie karmiony --', 99, 995, 99.00, '2024-11-24 12:35:39', '2026-01-18 08:31:29'),
(11, 'Szczur 5-9g', 5, 49, 1.30, '2025-09-14 16:07:23', '2026-01-29 18:01:23'),
(12, 'Owady', 9999, 9993, 1.00, '2025-11-04 05:20:27', '2026-01-06 18:11:38'),
(13, 'Myszy 30g+', 10, 59, 2.60, '2025-12-07 15:19:18', '2026-01-29 18:01:23');

-- --------------------------------------------------------

--
-- Struktura tabeli dla tabeli `finances`
--

CREATE TABLE IF NOT EXISTS `finances` (
  `id` bigint UNSIGNED NOT NULL AUTO_INCREMENT,
  `finances_category_id` bigint UNSIGNED NOT NULL,
  `amount` double(8,2) DEFAULT NULL,
  `title` varchar(255) COLLATE utf8mb4_unicode_ci NOT NULL,
  `feed_id` bigint UNSIGNED DEFAULT NULL,
  `animal_id` bigint UNSIGNED DEFAULT NULL,
  `type` varchar(255) COLLATE utf8mb4_unicode_ci NOT NULL,
  `created_at` timestamp NULL DEFAULT NULL,
  `updated_at` timestamp NULL DEFAULT NULL,
  PRIMARY KEY (`id`),
  KEY `finances_finances_category_id_foreign` (`finances_category_id`),
  KEY `finances_feed_id_foreign` (`feed_id`),
  KEY `finances_animal_id_foreign` (`animal_id`)
) ENGINE=InnoDB AUTO_INCREMENT=284 DEFAULT CHARSET=utf8mb4 COLLATE=utf8mb4_unicode_ci;

--
-- RELACJE DLA TABELI `finances`:
--   `animal_id`
--       `animals` -> `id`
--   `feed_id`
--       `feeds` -> `id`
--   `finances_category_id`
--       `finances_category` -> `id`
--

--
-- Dumping data for table `finances`
--

INSERT INTO `finances` (`id`, `finances_category_id`, `amount`, `title`, `feed_id`, `animal_id`, `type`, `created_at`, `updated_at`) VALUES
(1, 3, 280.00, 'Zakup węża', NULL, 1, 'c', '2022-11-17 21:00:00', '2023-11-04 16:10:37'),
(2, 2, 65.00, 'Pierwsze terrarium', NULL, 1, 'c', '2022-11-14 21:00:00', '2023-11-04 18:30:38'),
(3, 2, 53.00, 'Pierwsze terrarium', NULL, 1, 'c', '2022-11-15 21:00:00', '2023-11-04 18:30:16'),
(4, 3, 170.00, 'Zakup węża', NULL, 2, 'c', '2022-11-17 21:00:00', '2023-11-04 16:10:37'),
(5, 2, 65.00, 'Pierwsze terrarium', NULL, 2, 'c', '2022-11-14 21:00:00', '2023-11-04 18:30:42'),
(6, 2, 53.00, 'Pierwsze terrarium', NULL, 2, 'c', '2022-11-15 21:00:00', '2023-11-04 18:30:20'),
(7, 3, 200.00, 'Zakup węża', NULL, 3, 'c', '2022-11-17 21:00:00', '2023-11-04 16:10:37'),
(8, 2, 65.00, 'Pierwsze terrarium', NULL, 3, 'c', '2022-11-14 21:00:00', '2023-11-04 18:30:44'),
(9, 2, 53.00, 'Pierwsze terrarium', NULL, 3, 'c', '2022-11-15 21:00:00', '2023-11-04 18:30:23'),
(10, 3, 350.00, 'Zakup węża', NULL, 4, 'c', '2022-11-17 21:00:00', '2023-11-04 16:10:37'),
(11, 2, 65.00, 'Pierwsze terrarium', NULL, 4, 'c', '2022-11-14 21:00:00', '2023-11-04 18:30:49'),
(12, 2, 53.00, 'Pierwsze terrarium', NULL, 4, 'c', '2022-11-15 21:00:00', '2023-11-04 18:30:28'),
(13, 2, 119.00, 'Pierwsze terrarium', NULL, 5, 'c', '2022-11-15 21:00:00', '2023-11-04 18:30:31'),
(14, 3, 700.00, 'Zakup węża', NULL, 5, 'c', '2022-11-19 21:00:00', '2023-11-04 16:10:37'),
(15, 2, 119.00, 'Pierwsze terrarium', NULL, 6, 'c', '2022-11-15 21:00:00', '2023-11-04 18:30:34'),
(16, 3, 600.00, 'Zakup węża', NULL, 6, 'c', '2022-11-19 21:00:00', '2023-11-04 16:10:37'),
(17, 3, 350.00, 'Zakup węża', NULL, 7, 'c', '2022-12-10 21:00:00', '2023-11-04 16:10:37'),
(18, 2, 75.00, 'Pierwsze terrarium', NULL, 7, 'c', '2022-12-08 21:00:00', '2023-11-04 16:10:37'),
(19, 2, 60.00, 'Pierwsze terrarium', NULL, 8, 'c', '2022-12-10 21:00:00', '2023-11-04 16:10:37'),
(20, 3, 140.00, 'Zakup węża', NULL, 8, 'c', '2022-12-10 21:00:00', '2023-11-04 16:10:37'),
(21, 3, 390.00, 'Zakup węża', NULL, 9, 'c', '2022-12-18 21:00:00', '2023-11-04 16:10:37'),
(22, 2, 135.00, 'Pierwsze terrarium', NULL, 9, 'c', '2022-12-18 21:00:00', '2023-11-04 16:10:37'),
(23, 2, 65.00, 'Box + folia grzewcza', NULL, 10, 'c', '2022-12-19 21:00:00', '2023-11-04 18:29:57'),
(24, 3, 180.00, 'Zakup węża', NULL, 10, 'c', '2022-12-26 21:00:00', '2023-11-04 16:10:37'),
(25, 2, 65.00, 'Box + folia grzewcza', NULL, 11, 'c', '2022-12-19 21:00:00', '2023-11-04 16:10:37'),
(26, 3, 180.00, 'Zakup węża', NULL, 11, 'c', '2022-12-26 21:00:00', '2023-11-04 16:10:37'),
(27, 3, 350.00, 'Zakup węża ', NULL, 12, 'c', '2023-01-07 21:00:00', '2023-11-04 16:10:37'),
(28, 2, 71.00, 'Pierwsze terrarium', NULL, 12, 'c', '2023-01-11 21:00:00', '2023-11-04 18:29:42'),
(29, 3, 310.00, 'Zakup węża', NULL, 13, 'c', '2023-01-09 21:00:00', '2023-11-04 16:10:37'),
(30, 2, 71.00, 'Pierwsze terrarium', NULL, 13, 'c', '2023-01-11 21:00:00', '2023-11-04 18:29:47'),
(31, 3, 300.00, 'Zakup węża', NULL, 14, 'c', '2023-01-20 21:00:00', '2023-11-04 16:10:37'),
(32, 3, 550.00, 'Zakup weza', NULL, 15, 'c', '2023-02-26 21:00:00', '2023-11-04 16:10:37'),
(33, 2, 35.00, 'Pierwsze terrarium', NULL, 15, 'c', '2023-02-24 21:00:00', '2023-11-04 18:31:22'),
(34, 3, 550.00, 'Zakup weza', NULL, 16, 'c', '2023-02-26 21:00:00', '2023-11-04 16:10:37'),
(35, 2, 35.00, 'Pierwsze terrarium', NULL, 16, 'c', '2023-02-24 21:00:00', '2023-11-04 18:31:20'),
(36, 3, 300.00, 'Zakup weza', NULL, 17, 'c', '2023-02-26 21:00:00', '2023-11-04 16:10:37'),
(37, 2, 35.00, 'Pierwsze terrarium', NULL, 17, 'c', '2023-02-24 21:00:00', '2023-11-04 18:31:17'),
(38, 3, 300.00, 'Sprzedaż węża 20', NULL, 18, 'i', '2023-08-11 18:00:00', '2023-11-04 16:10:37'),
(39, 3, 200.00, 'Sprzedaż węża 21', NULL, 19, 'i', '2023-07-12 18:00:00', '2023-11-04 16:10:37'),
(40, 3, 250.00, 'Sprzedaż węża 22', NULL, 20, 'i', '2023-08-04 18:00:00', '2023-11-04 16:10:37'),
(41, 3, 200.00, 'Sprzedaż węża 23', NULL, 21, 'i', '2023-07-12 18:00:00', '2023-11-04 16:10:37'),
(42, 3, 200.00, 'Sprzedaż węża 25', NULL, 22, 'i', '2023-07-16 18:00:00', '2023-11-04 16:10:37'),
(43, 3, 160.00, 'Sprzedaż węża 27', NULL, 23, 'i', '2023-08-07 18:00:00', '2023-11-04 16:10:37'),
(44, 3, 200.00, 'Sprzedaż węża 28', NULL, 24, 'i', '2023-07-19 18:00:00', '2023-11-04 16:10:37'),
(45, 3, 160.00, 'Sprzedaż węża 29', NULL, 25, 'i', '2023-08-07 18:00:00', '2023-11-04 16:10:37'),
(46, 3, 160.00, 'Sprzedaż węża 30', NULL, 26, 'i', '2023-08-07 18:00:00', '2023-11-04 16:10:37'),
(47, 3, 200.00, 'Sprzedaż węża 31', NULL, 27, 'i', '2023-08-06 18:00:00', '2023-11-04 16:10:37'),
(48, 3, 200.00, 'Sprzedaż węża 32', NULL, 28, 'i', '2023-07-30 18:00:00', '2023-11-04 16:10:37'),
(49, 3, 200.00, 'Sprzedaż węża 33', NULL, 29, 'i', '2023-08-07 18:00:00', '2023-11-04 16:10:37'),
(50, 3, 200.00, 'Sprzedaż węża 34', NULL, 30, 'i', '2023-07-30 18:00:00', '2023-11-04 16:10:37'),
(51, 3, 200.00, 'Sprzedaż węża 35', NULL, 31, 'i', '2023-08-26 18:00:00', '2023-11-04 16:10:37'),
(52, 3, 300.00, 'Sprzedaż węża 36', NULL, 32, 'i', '2023-09-08 18:00:00', '2023-11-04 16:10:37'),
(53, 3, 200.00, 'Sprzedaż węża 38', NULL, 34, 'i', '2023-08-23 18:00:00', '2023-11-04 16:10:38'),
(54, 3, 200.00, 'Sprzedaż węża 39', NULL, 35, 'i', '2023-08-15 18:00:00', '2023-11-04 16:10:38'),
(55, 3, 500.00, 'Sprzedaż węża 40', NULL, 36, 'i', '2023-09-09 18:00:00', '2023-11-04 16:10:38'),
(56, 3, 550.00, 'Zakup węża', NULL, 37, 'c', '2023-08-03 18:00:00', '2023-11-04 16:10:38'),
(57, 3, 550.00, 'Zakup węża', NULL, 38, 'c', '2023-08-03 18:00:00', '2023-11-04 16:10:38'),
(58, 3, 900.00, 'Zakup węża', NULL, 39, 'c', '2023-08-03 18:00:00', '2023-11-04 16:10:38'),
(59, 3, 200.00, 'Zakup węża', NULL, 40, 'c', '2023-08-03 18:00:00', '2023-11-04 16:10:38'),
(60, 3, 200.00, 'Zakup węża', NULL, 41, 'c', '2023-08-03 18:00:00', '2023-11-04 16:10:38'),
(61, 3, 585.00, 'Zakup węża', NULL, 42, 'c', '2023-09-12 18:00:00', '2023-11-04 16:10:38'),
(62, 3, 450.00, 'Zakup węża', NULL, 43, 'c', '2023-09-12 18:00:00', '2023-11-04 16:10:38'),
(63, 3, 135.00, 'Zakup węża', NULL, 44, 'c', '2023-09-12 18:00:00', '2023-11-04 16:10:38'),
(64, 3, 180.00, 'Zakup węża', NULL, 45, 'c', '2023-09-12 18:00:00', '2023-11-04 16:10:38'),
(65, 3, 81.00, 'Zakup węża', NULL, 46, 'c', '2023-09-12 18:00:00', '2023-11-04 16:10:38'),
(66, 3, 126.00, 'Zakup węża', NULL, 47, 'c', '2023-09-12 18:00:00', '2023-11-04 16:10:38'),
(67, 1, 36.00, 'Zakup karmy', NULL, NULL, 'c', '2022-11-20 21:00:00', '2023-11-04 16:10:38'),
(68, 1, 143.00, 'Zakup karmy', NULL, NULL, 'c', '2022-11-26 21:00:00', '2023-11-04 16:10:38'),
(69, 1, 62.50, 'Zakup karmy', NULL, NULL, 'c', '2022-12-10 21:00:00', '2023-11-04 16:10:38'),
(70, 1, 78.00, 'Zakup karmy', NULL, NULL, 'c', '2022-12-10 21:00:00', '2023-11-04 18:30:06'),
(71, 2, 47.00, 'Maty grzewcze', NULL, NULL, 'c', '2022-12-11 21:00:00', '2023-11-04 18:31:10'),
(72, 2, 35.00, 'Termometry', NULL, NULL, 'c', '2022-12-12 21:00:00', '2023-11-04 18:30:09'),
(73, 2, 210.00, 'Budowa drugiego racka', NULL, NULL, 'c', '2022-12-16 21:00:00', '2023-11-04 16:10:38'),
(74, 1, 128.00, 'Zakup karmy', NULL, NULL, 'c', '2023-01-10 21:00:00', '2023-11-04 16:10:38'),
(75, 1, 32.00, 'Zakup karmy.', NULL, NULL, 'c', '2023-01-10 21:00:00', '2023-11-04 18:29:52'),
(76, 4, 453.50, 'Budowa regały 4', NULL, NULL, 'c', '2023-02-24 21:00:00', '2023-11-04 16:10:38'),
(77, 4, 249.90, 'Grzejnik + termostat do pokoju', NULL, NULL, 'c', '2023-02-24 21:00:00', '2023-11-04 16:10:38'),
(78, 2, 106.00, 'Lignocel', NULL, NULL, 'c', '2023-02-24 21:00:00', '2023-11-04 18:31:15'),
(79, 4, 34.50, 'Etykiety', NULL, NULL, 'c', '2023-02-24 21:00:00', '2023-11-04 16:10:38'),
(80, 2, 18.00, 'Reczniki papierowe', NULL, NULL, 'c', '2023-02-24 21:00:00', '2023-11-04 18:31:13'),
(81, 4, 319.30, 'Budowa inkubatora', NULL, NULL, 'c', '2023-02-24 21:00:00', '2023-11-04 16:10:38'),
(82, 1, 44.00, 'Zakup karmy Osesek mysi 1/2g, 50 szt', 1, NULL, 'c', '2023-03-21 21:00:00', '2024-01-08 04:14:56'),
(83, 1, 108.00, 'Zakup karmy Osesek mysi 3/4g, 100 szt', 2, NULL, 'c', '2023-03-21 21:00:00', '2024-01-08 04:15:00'),
(84, 1, 128.00, 'Zakup karmy Osesek mysi 5/9g, 100 szt', 3, NULL, 'c', '2023-03-21 21:00:00', '2024-01-08 04:15:03'),
(85, 1, 171.00, 'Zakup karmy Mysz 16/20g, 75 szt', 5, NULL, 'c', '2023-03-21 21:00:00', '2024-01-08 04:15:08'),
(86, 1, 62.00, 'Zakup karmy Mysz 26/30g, 25 szt', 6, NULL, 'c', '2023-03-21 21:00:00', '2024-01-08 04:15:15'),
(87, 1, 33.00, 'Zakup karmy Szczur mrożony 30/40g, 10 szt', 7, NULL, 'c', '2023-03-21 21:00:00', '2024-01-08 04:15:20'),
(88, 5, 65.00, 'Prąd', NULL, NULL, 'c', '2023-03-31 18:00:00', '2023-11-04 16:10:38'),
(89, 5, 61.20, 'Prąd', NULL, NULL, 'c', '2023-05-02 18:00:00', '2023-11-04 16:10:38'),
(90, 5, 65.00, 'Prąd', NULL, NULL, 'c', '2023-05-31 18:00:00', '2023-11-04 16:10:38'),
(91, 1, 199.50, 'Zakup karmy Osesek mysi 1-2g, 150 szt.', 1, NULL, 'c', '2023-06-20 18:00:00', '2024-01-08 04:14:20'),
(92, 1, 160.00, 'Zakup karmy Osesek mysi 1-2g, 200 szt.', 1, NULL, 'c', '2023-07-16 18:00:00', '2024-01-08 04:14:17'),
(93, 1, 75.00, 'Zakup karmy Osesek mysi 3-4g, 75 szt.', 2, NULL, 'c', '2023-07-16 18:00:00', '2024-01-08 04:14:28'),
(94, 1, 120.00, 'Zakup karmy Osesek mysi 5-9g, 100 szt.', 3, NULL, 'c', '2023-07-16 18:00:00', '2024-01-08 04:14:44'),
(95, 1, 90.00, 'Zakup karmy Mysz 10-16g, 50 szt.', 4, NULL, 'c', '2023-07-16 18:00:00', '2024-01-08 04:14:48'),
(96, 1, 120.00, 'Zakup karmy Mysz 23-29g, 50 szt.', 6, NULL, 'c', '2023-07-16 18:00:00', '2024-01-08 04:14:51'),
(97, 5, 60.00, 'Prąd', NULL, NULL, 'c', '2023-06-30 18:00:00', '2023-11-04 16:10:38'),
(98, 4, 350.00, 'Regał dla maluchów', NULL, NULL, 'c', '2023-07-31 18:00:00', '2023-11-04 16:10:38'),
(99, 5, 60.00, 'Prąd', NULL, NULL, 'c', '2023-07-31 18:00:00', '2023-11-04 16:10:38'),
(100, 4, 500.00, 'Regał dla dorosłych 4 pozycje', NULL, NULL, 'c', '2023-07-31 18:00:00', '2023-11-04 16:10:38'),
(101, 1, 225.00, 'Zakup karmy Mysz 10-16g, 125 szt.', 4, NULL, 'c', '2023-10-11 18:00:00', '2024-01-08 04:13:56'),
(102, 1, 240.00, 'Zakup karmy Mysz 23-29g, 100 szt.', 6, NULL, 'c', '2023-10-11 18:00:00', '2024-01-08 04:14:39'),
(103, 4, 35.00, 'Dostawa karmy', NULL, NULL, 'c', '2023-10-11 18:00:00', '2023-11-04 16:10:38'),
(105, 1, 50.00, 'Zakup karmy: Osesek 3-4g - 50 szt', 2, NULL, 'c', '2024-02-28 09:54:18', '2024-02-28 09:54:18'),
(106, 1, 60.00, 'Zakup karmy: Osesek 5-9g - 50 szt', 3, NULL, 'c', '2024-02-28 09:54:18', '2024-02-28 09:54:18'),
(107, 1, 90.00, 'Zakup karmy: Mysz 10-16g - 50 szt', 4, NULL, 'c', '2024-02-28 09:54:18', '2024-02-28 09:54:18'),
(108, 1, 110.00, 'Zakup karmy: Mysz 16-22g - 50 szt', 5, NULL, 'c', '2024-02-28 09:54:18', '2024-02-28 09:54:18'),
(109, 1, 240.00, 'Zakup karmy: Mysz 23-29g - 100 szt', 6, NULL, 'c', '2024-02-28 09:54:18', '2024-02-28 09:54:18'),
(110, 1, 160.00, 'Zakup karmy: Osesek 1-2g - 200 szt', 1, NULL, 'c', '2024-06-14 12:39:41', '2024-06-14 12:39:41'),
(111, 1, 60.00, 'Zakup karmy: Osesek 5-9g - 50 szt', 3, NULL, 'c', '2024-06-14 12:39:41', '2024-06-14 12:39:41'),
(112, 1, 90.00, 'Zakup karmy: Mysz 10-16g - 50 szt', 4, NULL, 'c', '2024-06-14 12:39:41', '2024-06-14 12:39:41'),
(113, 1, 110.00, 'Zakup karmy: Mysz 16-22g - 50 szt', 5, NULL, 'c', '2024-06-14 12:39:41', '2024-06-14 12:39:41'),
(114, 1, 240.00, 'Zakup karmy: Mysz 23-29g - 100 szt', 6, NULL, 'c', '2024-06-14 12:39:41', '2024-06-14 12:39:41'),
(115, 4, 35.00, 'Dostawa karmy', NULL, NULL, 'c', '2024-06-13 22:00:00', '2024-06-14 12:40:33'),
(116, 3, 300.00, 'Sprzedaż zwierzęcia: #49 B.11.15 - Amelanistic het caramel het stripe', NULL, 49, 'i', '2024-07-09 09:56:52', '2024-07-09 09:56:52'),
(117, 3, 350.00, 'Sprzedaż zwierzęcia: #55 B.11.15 - Butter (Amel Caramel) het stripe', NULL, 55, 'i', '2024-07-09 09:56:55', '2024-07-09 09:56:55'),
(118, 3, 350.00, 'Sprzedaż zwierzęcia: #58 B.11.15 - Butter (Amel Caramel) het stripe', NULL, 58, 'i', '2024-07-09 15:05:17', '2024-07-09 15:05:17'),
(119, 3, 350.00, 'Sprzedaż zwierzęcia: #62 B.11.15 - Snow (Amel Anery) het caramel het stripe', NULL, 62, 'i', '2024-07-09 15:05:27', '2024-07-09 15:05:27'),
(120, 3, 300.00, 'Sprzedaż zwierzęcia: #48 B.11.15 - Amelanistic het caramel het stripe', NULL, 48, 'i', '2024-07-13 10:26:29', '2024-07-13 10:26:29'),
(121, 3, 200.00, 'Sprzedaż zwierzęcia: #72 B.37.10 - Classic het cinder het sunkissed (SG Free)', NULL, 72, 'i', '2024-07-15 14:35:08', '2024-07-15 14:35:08'),
(122, 1, 240.00, 'Zakup karmy: Osesek 1-2g - 300 szt', 1, NULL, 'c', '2024-07-18 08:44:04', '2024-07-18 08:44:04'),
(123, 1, 55.00, 'Zakup karmy: Mysz 16-22g - 25 szt', 5, NULL, 'c', '2024-07-18 08:44:04', '2024-07-18 08:44:04'),
(124, 1, 180.00, 'Zakup karmy: Mysz 23-29g - 75 szt', 6, NULL, 'c', '2024-07-18 08:44:04', '2024-07-18 08:44:04'),
(125, 1, 35.00, 'Dostawa karmy', NULL, NULL, 'c', '2024-07-17 22:00:00', '2024-07-18 08:44:24'),
(126, 3, 350.00, 'Sprzedaż zwierzęcia: #61 B.11.15 - Snow (Amel Anery) het caramel het stripe', NULL, 61, 'i', '2024-07-29 13:03:43', '2024-07-29 13:03:43'),
(127, 3, 300.00, 'Sprzedaż zwierzęcia: #51 B.11.15  - Amelanistic het caramel het stripe', NULL, 51, 'i', '2024-08-04 14:28:32', '2024-08-04 14:28:32'),
(128, 3, 200.00, 'Sprzedaż zwierzęcia: #75 B.37.10 - Classic het cinder het sunkissed (SG Free)', NULL, 75, 'i', '2024-08-05 14:33:01', '2024-08-05 14:33:01'),
(129, 3, 200.00, 'Sprzedaż zwierzęcia: #74 B.37.10 - Classic het cinder het sunkissed (SG Free)', NULL, 74, 'i', '2024-08-09 10:48:53', '2024-08-09 10:48:53'),
(130, 3, 350.00, 'Sprzedaż zwierzęcia: #59 B.11.15 - Butter (Amel Caramel) het stripe', NULL, 59, 'i', '2024-08-10 09:11:14', '2024-08-10 09:11:14'),
(131, 3, 200.00, 'Sprzedaż zwierzęcia: #76 B.37.10 - Classic het cinder het sunkissed (SG Free)', NULL, 76, 'i', '2024-08-11 10:17:02', '2024-08-11 10:17:02'),
(132, 3, 200.00, 'Sprzedaż zwierzęcia: #64 B.37.10 - Classic het cinder het sunkissed (SG Free)', NULL, 64, 'i', '2024-08-15 08:00:57', '2024-08-15 08:00:57'),
(133, 3, 200.00, 'Sprzedaż zwierzęcia: #66 B.37.10 - Classic het cinder het sunkissed (SG Free)', NULL, 66, 'i', '2024-08-21 13:09:01', '2024-08-21 13:09:01'),
(134, 3, 200.00, 'Sprzedaż zwierzęcia: #73 B.37.10 - Classic het cinder het sunkissed (SG Free)', NULL, 73, 'i', '2024-08-24 10:37:35', '2024-08-24 10:37:35'),
(135, 3, 200.00, 'Sprzedaż zwierzęcia: #77 B.37.10 - Classic het cinder het sunkissed (SG Free)', NULL, 77, 'i', '2024-08-31 16:01:05', '2024-08-31 16:01:05'),
(137, 3, 800.00, 'Sprzedaż zwierzęcia: #90 B.37.38 - Shatter (Cinder Sunkissed) SG Free', NULL, 90, 'i', '2024-09-08 07:16:08', '2024-09-08 07:16:08'),
(138, 3, 300.00, 'Sprzedaż zwierzęcia: #50 B.11.15 - Amelanistic het caramel het stripe', NULL, 50, 'i', '2024-09-08 09:36:11', '2024-09-08 09:36:11'),
(139, 3, 300.00, 'Sprzedaż zwierzęcia: #54 B.11.15 - Amelanistic het caramel het stripe', NULL, 54, 'i', '2024-09-08 09:36:38', '2024-09-08 09:36:38'),
(140, 3, 200.00, 'Sprzedaż zwierzęcia: #70 B.37.10 - Classic het cinder het sunkissed (SG Free)', NULL, 70, 'i', '2024-09-08 09:37:00', '2024-09-08 09:37:00'),
(141, 3, 300.00, 'Sprzedaż zwierzęcia: #85 B.11.43 - Amelanistic het motley', NULL, 85, 'i', '2024-09-08 09:38:30', '2024-09-08 09:38:30'),
(142, 3, 200.00, 'Sprzedaż zwierzęcia: #65 B.37.10 - Classic het cinder het sunkissed (SG Free)', NULL, 65, 'i', '2024-09-08 09:56:51', '2024-09-08 09:56:51'),
(143, 1, 240.00, 'Zakup karmy: Osesek 1-2g - 300 szt', 1, NULL, 'c', '2024-09-12 08:06:10', '2024-09-12 08:06:10'),
(144, 1, 30.00, 'Zakup karmy: Osesek 5-9g - 25 szt', 3, NULL, 'c', '2024-09-12 08:06:10', '2024-09-12 08:06:10'),
(145, 1, 45.00, 'Zakup karmy: Mysz 10-16g - 25 szt', 4, NULL, 'c', '2024-09-12 08:06:10', '2024-09-12 08:06:10'),
(146, 1, 55.00, 'Zakup karmy: Mysz 16-22g - 25 szt', 5, NULL, 'c', '2024-09-12 08:06:10', '2024-09-12 08:06:10'),
(147, 1, 240.00, 'Zakup karmy: Mysz 23-29g - 100 szt', 6, NULL, 'c', '2024-09-12 08:06:10', '2024-09-12 08:06:10'),
(148, 3, 400.00, 'Sprzedaż zwierzęcia: #88 B.11.43 - Snow (Amel, Anery) het motley', NULL, 88, 'i', '2024-09-14 16:04:56', '2024-09-14 16:04:56'),
(150, 3, 600.00, 'Sprzedaż zwierzęcia: #101 B.37.38 - Shatter (Cinder Sunkissed) SG Free', NULL, 101, 'i', '2024-09-15 12:53:14', '2024-09-15 12:53:14'),
(151, 3, 250.00, 'Sprzedaż zwierzęcia: #52 B.11.15 - Amelanistic het caramel het stripe', NULL, 52, 'i', '2024-09-15 14:34:05', '2024-09-15 14:34:05'),
(152, 3, 300.00, 'Sprzedaż zwierzęcia: #56 B.11.15 - Butter (Amel Caramel) het stripe', NULL, 56, 'i', '2024-10-06 09:07:42', '2024-10-06 09:07:42'),
(153, 3, 200.00, 'Sprzedaż zwierzęcia: #83 B.11.43 - Amelanistic het motley', NULL, 83, 'i', '2024-10-14 13:19:40', '2024-10-14 13:19:40'),
(154, 3, 200.00, 'Sprzedaż zwierzęcia: #81 B.11.43 - Amelanistic het motley', NULL, 81, 'i', '2024-10-20 06:48:07', '2024-10-20 06:48:07'),
(155, 3, 200.00, 'Sprzedaż zwierzęcia: #79 B.11.43 - Amelanistic het motley', NULL, 79, 'i', '2024-10-20 16:17:44', '2024-10-20 16:17:44'),
(156, 3, 400.00, 'Sprzedaż zwierzęcia: #98 B.37.38 - Shatter (Cinder Sunkissed) SG Free', NULL, 98, 'i', '2024-11-01 10:09:50', '2024-11-01 10:09:50'),
(157, 3, 200.00, 'Sprzedaż zwierzęcia: #80 B.11.43 - Amelanistic het motley', NULL, 80, 'i', '2024-11-09 16:00:39', '2024-11-09 16:00:39'),
(158, 3, 300.00, 'Sprzedaż zwierzęcia: #93 B.37.38 - Shatter (Cinder Sunkissed) SG Free', NULL, 93, 'i', '2024-11-16 23:00:00', '2024-11-17 14:58:47'),
(159, 3, 200.00, 'Sprzedaż zwierzęcia: #53 B.11.15 - Amelanistic het caramel het stripe', NULL, 53, 'i', '2024-11-17 11:58:22', '2024-11-17 11:58:22'),
(160, 3, 1000.00, 'Zakup węża', NULL, 103, 'c', '2024-11-16 23:00:00', '2024-11-17 13:30:20'),
(161, 3, 250.00, 'Sprzedaż zwierzęcia: #86 B.11.43 - Amelanistic het motley', NULL, 86, 'i', '2024-11-19 17:56:21', '2024-11-19 17:56:21'),
(162, 3, 300.00, 'Sprzedaż zwierzęcia: #82 B.11.43 - Amelanistic het motley', NULL, 82, 'i', '2024-12-14 14:52:10', '2024-12-14 14:52:10'),
(163, 3, 191.00, 'Zakup węża', NULL, 104, 'c', '2024-12-15 23:00:00', '2024-12-16 10:04:34'),
(164, 3, 173.00, 'Zakup węża', NULL, 105, 'c', '2024-12-15 23:00:00', '2024-12-16 10:04:59'),
(165, 3, 191.00, 'Zakup węża', NULL, 106, 'c', '2024-12-15 23:00:00', '2024-12-16 10:05:13'),
(166, 3, 156.00, 'Zakup węża', NULL, 107, 'c', '2024-12-15 23:00:00', '2024-12-16 10:05:36'),
(167, 3, 260.00, 'Zakup węża', NULL, 108, 'c', '2024-12-15 23:00:00', '2024-12-16 10:05:56'),
(168, 3, 295.00, 'Zakup węża', NULL, 109, 'c', '2024-12-15 23:00:00', '2024-12-16 10:06:07'),
(169, 3, 278.00, 'Zakup węża', NULL, 110, 'c', '2024-12-15 23:00:00', '2024-12-16 10:06:17'),
(170, 3, 400.00, 'Zakup węża - transport z Hamm', NULL, NULL, 'c', '2024-12-15 23:00:00', '2024-12-16 10:06:34'),
(171, 3, 300.00, 'Sprzedaż zwierzęcia: #87 B.11.43 - Amelanistic het motley', NULL, 87, 'i', '2024-12-19 19:17:31', '2024-12-19 19:17:31'),
(172, 3, 300.00, 'Sprzedaż zwierzęcia: #84 B.11.43 - Amelanistic het motley', NULL, 84, 'i', '2024-12-21 14:56:34', '2024-12-21 14:56:34'),
(173, 1, 160.00, 'Zakup karmy: Osesek 1-2g - 200 szt', 1, NULL, 'c', '2025-01-16 15:39:01', '2025-01-16 15:39:01'),
(174, 1, 70.00, 'Zakup karmy: Osesek 3-4g - 70 szt', 2, NULL, 'c', '2025-01-16 15:39:01', '2025-01-16 15:39:01'),
(175, 1, 30.00, 'Zakup karmy: Osesek 5-9g - 25 szt', 3, NULL, 'c', '2025-01-16 15:39:01', '2025-01-16 15:39:01'),
(176, 1, 45.00, 'Zakup karmy: Mysz 10-16g - 25 szt', 4, NULL, 'c', '2025-01-16 15:39:01', '2025-01-16 15:39:01'),
(177, 1, 55.00, 'Zakup karmy: Mysz 16-22g - 25 szt', 5, NULL, 'c', '2025-01-16 15:39:01', '2025-01-16 15:39:01'),
(178, 1, 240.00, 'Zakup karmy: Mysz 23-29g - 100 szt', 6, NULL, 'c', '2025-01-16 15:39:01', '2025-01-16 15:39:01'),
(179, 3, 400.00, 'Sprzedaż zwierzęcia: #95 B.37.38 - Shatter (Cinder Sunkissed) SG Free', NULL, 95, 'i', '2025-02-10 16:08:08', '2025-02-10 16:08:08'),
(180, 3, 300.00, 'Sprzedaż zwierzęcia: #99 B.37.38 - Shatter (Cinder Sunkissed) SG Free', NULL, 99, 'i', '2025-02-16 11:00:44', '2025-02-16 11:00:44'),
(181, 3, 400.00, 'Sprzedaż zwierzęcia: #97 B.37.38 - Shatter (Cinder Sunkissed) SG Free', NULL, 97, 'i', '2025-02-16 11:00:52', '2025-02-16 11:00:52'),
(182, 3, 250.00, 'Sprzedaż zwierzęcia: #69 B.37.10 - Classic het cinder het sunkissed (SG Free)', NULL, 69, 'i', '2025-03-23 17:46:06', '2025-03-23 17:46:06'),
(183, 1, 160.00, 'Zakup karmy: Osesek 1-2g - 200 szt', 1, NULL, 'c', '2025-04-10 09:09:41', '2025-04-10 09:09:41'),
(184, 1, 80.00, 'Zakup karmy: Osesek 3-4g - 80 szt', 2, NULL, 'c', '2025-04-10 09:09:41', '2025-04-10 09:09:41'),
(185, 1, 36.00, 'Zakup karmy: Mysz 10-16g - 20 szt', 4, NULL, 'c', '2025-04-10 09:09:41', '2025-04-10 09:09:41'),
(186, 1, 110.00, 'Zakup karmy: Mysz 16-22g - 50 szt', 5, NULL, 'c', '2025-04-10 09:09:41', '2025-04-10 09:09:41'),
(187, 1, 360.00, 'Zakup karmy: Mysz 23-29g - 150 szt', 6, NULL, 'c', '2025-04-10 09:09:41', '2025-04-10 09:09:41'),
(188, 4, 7000.00, 'Remont garażu + nowe regały', NULL, NULL, 'c', '2025-05-28 22:00:00', '2025-05-29 05:46:57'),
(189, 1, 600.00, 'Zakup karmy: Osesek 1-2g - 750 szt', 1, NULL, 'c', '2025-07-09 09:06:44', '2025-07-09 09:06:44'),
(190, 1, 200.00, 'Zakup karmy: Osesek 3-4g - 200 szt', 2, NULL, 'c', '2025-07-09 09:06:44', '2025-07-09 09:06:44'),
(191, 1, 45.00, 'Zakup karmy: Mysz 10-16g - 25 szt', 4, NULL, 'c', '2025-07-09 09:06:44', '2025-07-09 09:06:44'),
(192, 1, 480.00, 'Zakup karmy: Mysz 23-29g - 200 szt', 6, NULL, 'c', '2025-07-09 09:06:44', '2025-07-09 09:06:44'),
(193, 3, 400.00, 'Sprzedaż zwierzęcia: #113 C.13.10 - Anery het amel ph hypo (po Okeetee - dark line)', NULL, 113, 'i', '2025-07-28 14:17:15', '2025-07-28 14:17:15'),
(194, 3, 300.00, 'Sprzedaż zwierzęcia: #126 C.13.10 - Classic het amel ph anery, hypo (po Okeetee)', NULL, 126, 'i', '2025-08-03 08:55:15', '2025-08-03 08:55:15'),
(195, 3, 400.00, 'Sprzedaż zwierzęcia: #142 C.17.15 - Caramel Motley/Stripe het amel ph palmetto, anery', NULL, 142, 'i', '2025-08-03 08:56:41', '2025-08-03 08:56:41'),
(196, 3, 300.00, 'Sprzedaż zwierzęcia: #124 C.13.10 - Classic het amel ph anery, hypo (po Okeetee)', NULL, 124, 'i', '2025-08-03 12:58:26', '2025-08-03 12:58:26'),
(197, 3, 350.00, 'Sprzedaż zwierzęcia: #131 C.17.15 - Butter Motley/Stripe ph palmetto, anery', NULL, 131, 'i', '2025-08-26 12:40:14', '2025-08-26 12:40:14'),
(198, 3, 450.00, 'Sprzedaż zwierzęcia: #144 C.17.15 - Caramel Cube (Stripe) het amel ph palmetto, anery', NULL, 144, 'i', '2025-08-26 14:19:39', '2025-08-26 14:19:39'),
(199, 3, 400.00, 'Sprzedaż zwierzęcia: #112 C.13.10 - Anery het amel ph hypo (po. Okeetee - dark line)', NULL, 112, 'i', '2025-08-26 18:09:22', '2025-08-26 18:09:22'),
(200, 3, 400.00, 'Sprzedaż zwierzęcia: #71 Classic het cinder het sunkissed (SG Free)', NULL, 71, 'i', '2025-08-30 13:37:57', '2025-08-30 13:37:57'),
(201, 3, 400.00, 'Sprzedaż zwierzęcia: #127 C.13.10 - Anery het amel ph hypo (po Okeetee - dark line)', NULL, 127, 'i', '2025-08-31 13:44:10', '2025-08-31 13:44:10'),
(203, 3, 400.00, 'Sprzedaż zwierzęcia: #164 C.13.16 - Amel Tessera het anery ph. Hypo, Redfactor (po Okeetee)', NULL, 164, 'i', '2025-09-07 18:13:18', '2025-09-07 18:13:18'),
(204, 3, 450.00, 'Sprzedaż zwierzęcia: #60 <b>Snow </b>(Amel Anery) het stripe, caramel', NULL, 60, 'i', '2025-09-07 18:13:29', '2025-09-07 18:13:29'),
(205, 3, 250.00, 'Sprzedaż zwierzęcia: #125 C.13.10 - Classic het amel ph anery, hypo (po Okeetee)', NULL, 125, 'i', '2025-09-07 18:13:36', '2025-09-07 18:13:36'),
(206, 3, 220.00, 'Sprzedaż zwierzęcia: #120 C.13.10 - Hypo het amel ph anery (po Okeetee)', NULL, 120, 'i', '2025-09-07 18:13:46', '2025-09-07 18:13:46'),
(207, 3, 350.00, 'Sprzedaż zwierzęcia: #173 C.01.09 - Ultramel Granite (Anery, Diffused) het ultra, stripe, amel)', NULL, 173, 'i', '2025-09-07 18:13:56', '2025-09-07 18:13:56'),
(208, 3, 400.00, 'Sprzedaż zwierzęcia: #167 C.01.09 - Ultramel Granite (Anery, Diffused) het ultra, stripe, amel)', NULL, 167, 'i', '2025-09-07 18:14:07', '2025-09-07 18:14:07'),
(209, 3, 400.00, 'Sprzedaż zwierzęcia: #57 <b>Butter </b>(Amel Caramel) het stripe', NULL, 57, 'i', '2025-09-13 09:28:52', '2025-09-13 09:28:52'),
(210, 3, 300.00, 'Sprzedaż zwierzęcia: #137 C.17.15 - Caramel Motley/Stripe het amel ph palmetto, anery', NULL, 137, 'i', '2025-09-14 07:34:45', '2025-09-14 07:34:45'),
(211, 3, 300.00, 'Sprzedaż zwierzęcia: #119 C.13.10 -Hypo het amel ph anery (po Okeetee)', NULL, 119, 'i', '2025-09-14 07:35:11', '2025-09-14 07:35:11'),
(212, 3, 400.00, 'Sprzedaż zwierzęcia: #141 C.17.15 - Butter Stripe ph palmetto, anery', NULL, 141, 'i', '2025-09-14 09:08:24', '2025-09-14 09:08:24'),
(213, 3, 450.00, 'Sprzedaż zwierzęcia: #146 C.17.15 - Butter Stripe ph palmetto, anery', NULL, 146, 'i', '2025-09-14 09:23:32', '2025-09-14 09:23:32'),
(214, 3, 300.00, 'Sprzedaż zwierzęcia: #123 C.13.10 - Hypo het amel ph anery (po Okeetee)', NULL, 123, 'i', '2025-09-14 09:24:19', '2025-09-14 09:24:19'),
(215, 3, 200.00, 'Sprzedaż zwierzęcia: #129 C.13.10 - Classic het amel ph anery, hypo (po Okeetee)', NULL, 129, 'i', '2025-09-14 10:28:09', '2025-09-14 10:28:09'),
(216, 3, 400.00, 'Zakup węża', NULL, 213, 'c', '2025-09-14 22:00:00', '2025-09-15 13:17:36'),
(217, 3, 400.00, 'Zakup węża', NULL, 214, 'c', '2025-09-14 22:00:00', '2025-09-15 13:17:47'),
(218, 4, 850.00, 'Akcesoria na targii', NULL, NULL, 'c', '2025-09-14 22:00:00', '2025-09-15 13:19:03'),
(221, 3, 600.00, 'Sprzedaż zwierzęcia: #192 C.05.06 - Scaleless het motley, anery ph amel', NULL, 192, 'i', '2025-09-17 14:16:27', '2025-09-17 14:16:27'),
(222, 1, 400.00, 'Zakup karmy: Osesek 1-2g - 500 szt', 1, NULL, 'c', '2025-09-18 08:59:12', '2025-09-18 08:59:12'),
(223, 1, 20.00, 'Zakup karmy: Osesek 3-4g - 20 szt', 2, NULL, 'c', '2025-09-18 08:59:12', '2025-09-18 08:59:12'),
(224, 1, 24.00, 'Zakup karmy: Osesek 5-9g - 20 szt', 3, NULL, 'c', '2025-09-18 08:59:12', '2025-09-18 08:59:12'),
(225, 1, 44.00, 'Zakup karmy: Mysz 16-22g - 20 szt', 5, NULL, 'c', '2025-09-18 08:59:12', '2025-09-18 08:59:12'),
(226, 1, 360.00, 'Zakup karmy: Mysz 23-29g - 150 szt', 6, NULL, 'c', '2025-09-18 08:59:12', '2025-09-18 08:59:12'),
(227, 1, 26.00, 'Zakup karmy: Szczur - noworodek 5-9g - 20 szt', 11, NULL, 'c', '2025-09-18 08:59:12', '2025-09-18 08:59:12'),
(228, 3, 400.00, 'Sprzedaż zwierzęcia: #163 C.07.12 - Avalanche (Amel, Anery, Diffused) het hypo, charcoal', NULL, 163, 'i', '2025-09-21 05:54:16', '2025-09-21 05:54:16'),
(229, 3, 400.00, 'Sprzedaż zwierzęcia: #117 C.13.10 - Ghost het amel (po Okeetee)', NULL, 117, 'i', '2025-09-21 06:36:31', '2025-09-21 06:36:31'),
(230, 3, 400.00, 'Sprzedaż zwierzęcia: #205 C.01.33 - Anery Stripe ph caramel, diffused, amel/ultra', NULL, 205, 'i', '2025-09-21 08:48:31', '2025-09-21 08:48:31'),
(231, 3, 350.00, 'Sprzedaż zwierzęcia: #171 C.01.09 - Avalanche (Amel, Anery, Diffused) het ultra, stripe', NULL, 171, 'i', '2025-09-21 09:21:18', '2025-09-21 09:21:18'),
(232, 3, 450.00, 'Sprzedaż zwierzęcia: #94 B.37.38 - Shatter (Cinder Sunkissed) SG Free', NULL, 94, 'i', '2025-09-21 10:43:50', '2025-09-21 10:43:50'),
(233, 3, 300.00, 'Sprzedaż zwierzęcia: #134 C.17.15 - Caramel Motley/Stripe het amel ph palmetto, anery', NULL, 134, 'i', '2025-09-21 11:36:52', '2025-09-21 11:36:52'),
(234, 3, 250.00, 'Sprzedaż zwierzęcia: #130 C.13.10 - Classic het amel ph anery, hypo (po Okeetee)', NULL, 130, 'i', '2025-09-27 13:49:06', '2025-09-27 13:49:06'),
(235, 3, 400.00, 'Sprzedaż zwierzęcia: #132 C.17.15 - Caramel Stripe het amel ph palmetto, anery ', NULL, 132, 'i', '2025-10-12 13:52:02', '2025-10-12 13:52:02'),
(236, 3, 300.00, 'Sprzedaż zwierzęcia: #195 C.01.33 - Snow het stripe ph caramel, diffused', NULL, 195, 'i', '2025-10-12 13:52:36', '2025-10-12 13:52:36'),
(237, 3, 350.00, 'Sprzedaż zwierzęcia: #178 C.01.09 - Snow (Amel, Anery) het ultra, stripe, diffused', NULL, 178, 'i', '2025-10-12 13:53:30', '2025-10-12 13:53:30'),
(238, 3, 800.00, 'Sprzedaż zwierzęcia: #183 C.05.06 - Scaleless het motley, anery ph amel', NULL, 183, 'i', '2025-10-12 13:53:58', '2025-10-12 13:53:58'),
(239, 3, 800.00, 'Sprzedaż zwierzęcia: #191 C.05.06 - Scaleless het motley, anery ph amel', NULL, 191, 'i', '2025-10-12 13:54:30', '2025-10-12 13:54:30'),
(240, 4, 600.00, 'Targi Warszawa', NULL, NULL, 'c', '2025-09-06 22:00:00', '2025-10-15 16:35:28'),
(241, 4, 600.00, 'Targi Toruń', NULL, NULL, 'c', '2025-09-20 22:00:00', '2025-10-15 16:35:43'),
(242, 4, 700.00, 'Targi Łódź', NULL, NULL, 'c', '2025-10-11 22:00:00', '2025-10-15 16:35:54'),
(243, 4, 500.00, 'Targi Koszalin', NULL, NULL, 'c', '2025-09-13 22:00:00', '2025-10-15 16:36:27'),
(244, 3, 450.00, 'Sprzedaż zwierzęcia: #147 C.17.15 - Butter Cube (Stripe) ph palmetto, anery', NULL, 147, 'i', '2025-10-16 15:00:20', '2025-10-16 15:00:20'),
(245, 3, 250.00, 'Sprzedaż zwierzęcia: #186 C.05.06 - Scaleless het motley, anery ph amel', NULL, 186, 'i', '2025-10-19 18:01:24', '2025-10-19 18:01:24'),
(246, 3, 350.00, 'Sprzedaż zwierzęcia: #133 C.17.15 - Caramel Motley/Stripe het amel ph palmetto, anery', NULL, 133, 'i', '2025-10-19 18:01:29', '2025-10-19 18:01:29'),
(247, 3, 300.00, 'Sprzedaż zwierzęcia: #114 C.13.10 - Hypo het amel ph anery(po Okeetee)', NULL, 114, 'i', '2025-10-19 18:01:34', '2025-10-19 18:01:34'),
(248, 3, 300.00, 'Sprzedaż zwierzęcia: #121 C.13.10 - Hypo het amel ph anery (po Okeetee)', NULL, 121, 'i', '2025-10-19 18:01:43', '2025-10-19 18:01:43'),
(249, 3, 450.00, 'Sprzedaż zwierzęcia: #150 C.05.14 - Snow Tessera het scaleless, diffused, charcoal', NULL, 150, 'i', '2025-10-19 18:01:52', '2025-10-19 18:01:52'),
(250, 3, 300.00, 'Sprzedaż zwierzęcia: #154 C.05.14 - Anery Tessera het scaleless, diffused, charcoal', NULL, 154, 'i', '2025-10-19 18:02:03', '2025-10-19 18:02:03'),
(251, 3, 350.00, 'Sprzedaż zwierzęcia: #166 C.13.16 - Snow ph. Hypo, Redfactor (po Okeetee)', NULL, 166, 'i', '2025-10-19 18:02:10', '2025-10-19 18:02:10'),
(252, 3, 400.00, 'Sprzedaż zwierzęcia: #193 C.01.33 -  Snow Stripe ph caramel, diffused', NULL, 193, 'i', '2025-10-19 18:02:17', '2025-10-19 18:02:17'),
(253, 3, 250.00, 'Sprzedaż zwierzęcia: #111 C.13.10 - Classic het amel ph anery, hypo (po. Okeetee)', NULL, 111, 'i', '2025-10-19 18:02:23', '2025-10-19 18:02:23'),
(254, 3, 350.00, 'Sprzedaż zwierzęcia: #174 C.01.09 - Ultramel Granite (Anery, Diffused) het ultra, stripe, amel)', NULL, 174, 'i', '2025-10-19 18:02:35', '2025-10-19 18:02:35'),
(255, 4, 600.00, 'Targi Szczecin', NULL, NULL, 'c', '2025-10-18 22:00:00', '2025-10-19 18:02:55'),
(256, 3, 250.00, 'Sprzedaż zwierzęcia: #116 C.13.10 - Classic het amel ph anery, hypo (po Okeetee', NULL, 116, 'i', '2025-10-25 10:23:52', '2025-10-25 10:23:52'),
(257, 3, 450.00, 'Sprzedaż zwierzęcia: #198 C.01.33 - Ultramel Anery Stripe ph caramel, diffused', NULL, 198, 'i', '2025-11-02 09:47:04', '2025-11-02 09:47:04'),
(258, 3, 300.00, 'Sprzedaż zwierzęcia: #200 C.01.33 - Anery het stripe ph caramel, diffused, amel/ultra', NULL, 200, 'i', '2025-11-02 10:04:53', '2025-11-02 10:04:53'),
(260, 3, 300.00, 'Sprzedaż zwierzęcia: #159 C.05.14 - Anery het scaleless, diffused, charcoal (white belly)', NULL, 159, 'i', '2025-11-02 10:05:49', '2025-11-02 10:05:49'),
(261, 3, 450.00, 'Sprzedaż zwierzęcia: #16 <b>Snow </b>(Amel, Anery) <b>Tessera </b> het redfactor', NULL, 16, 'i', '2025-11-02 10:38:08', '2025-11-02 10:38:08'),
(262, 3, 500.00, 'Sprzedaż zwierzęcia: #91 <b>Shatter </b> (Cinder Sunkissed) SG Free', NULL, 91, 'i', '2025-11-02 10:59:29', '2025-11-02 10:59:29'),
(263, 3, 400.00, 'Sprzedaż zwierzęcia: #222 C.13.08 - Reverse Okeetee (Amel Okeetee) ph hypo, anery', NULL, 222, 'i', '2025-11-02 11:01:59', '2025-11-02 11:01:59'),
(264, 4, 400.00, 'Targi Warszawa', NULL, NULL, 'c', '2025-11-01 23:00:00', '2025-11-02 20:32:24'),
(265, 3, 300.00, 'Sprzedaż zwierzęcia: #197 C.01.33 - Snow Stripe ph caramel, diffused', NULL, 197, 'i', '2025-11-09 17:28:53', '2025-11-09 17:28:53'),
(266, 3, 400.00, 'Sprzedaż zwierzęcia: #215 C.37.38 - Shatter (Cinder, Sunkissed) Sg Free', NULL, 215, 'i', '2025-11-09 17:29:02', '2025-11-09 17:29:02'),
(267, 3, 250.00, 'Sprzedaż zwierzęcia: #211 C2.05.14 -  Anery het scaleless, diffused, charcoal ph amel, hypo', NULL, 211, 'i', '2025-11-09 17:29:12', '2025-11-09 17:29:12'),
(268, 3, 500.00, 'Sprzedaż zwierzęcia: #218 C.13.08 - Extreme Okeetee het amel, ph hypo, anery', NULL, 218, 'i', '2025-11-29 10:18:25', '2025-11-29 10:18:25'),
(269, 3, 600.00, 'Sprzedaż zwierzęcia: #188 Scaleless het motley, anery ph amel', NULL, 188, 'i', '2025-12-05 05:38:13', '2025-12-05 05:38:13'),
(270, 1, 160.00, 'Zakup karmy: Osesek 1-2g - 200 szt', 1, NULL, 'c', '2025-12-11 14:45:37', '2025-12-11 14:45:37'),
(271, 1, 100.00, 'Zakup karmy: Osesek 3-4g - 100 szt', 2, NULL, 'c', '2025-12-11 14:45:38', '2025-12-11 14:45:38'),
(272, 1, 120.00, 'Zakup karmy: Osesek 5-9g - 100 szt', 3, NULL, 'c', '2025-12-11 14:45:38', '2025-12-11 14:45:38'),
(273, 1, 45.00, 'Zakup karmy: Mysz 10-16g - 25 szt', 4, NULL, 'c', '2025-12-11 14:45:38', '2025-12-11 14:45:38'),
(274, 1, 55.00, 'Zakup karmy: Mysz 16-22g - 25 szt', 5, NULL, 'c', '2025-12-11 14:45:38', '2025-12-11 14:45:38'),
(275, 1, 240.00, 'Zakup karmy: Mysz 23-29g - 100 szt', 6, NULL, 'c', '2025-12-11 14:45:38', '2025-12-11 14:45:38'),
(276, 1, 13.00, 'Zakup karmy: Szczur 5-9g - 10 szt', 11, NULL, 'c', '2025-12-11 14:45:38', '2025-12-11 14:45:38'),
(277, 1, 260.00, 'Zakup karmy: Myszy 30g+ - 100 szt', 13, NULL, 'c', '2025-12-11 14:45:38', '2025-12-11 14:45:38'),
(278, 3, 400.00, 'Sprzedaż zwierzęcia: #220 C.13.08 - Okeetee het amel, ph hypo, anery', NULL, 220, 'i', '2025-12-17 16:38:10', '2025-12-17 16:38:10'),
(279, 3, 400.00, 'Sprzedaż zwierzęcia: #207 C2.05.14 -  Snow het scaleless, diffused, charcoal ph hypo', NULL, 207, 'i', '2026-01-02 15:49:11', '2026-01-02 15:49:11'),
(280, 1, 320.00, 'Zakup karmy: Osesek 1-2g - 400 szt', 1, NULL, 'c', '2026-01-22 15:38:53', '2026-01-22 15:38:53'),
(281, 1, 100.00, 'Zakup karmy: Osesek 3-4g - 100 szt', 2, NULL, 'c', '2026-01-22 15:38:53', '2026-01-22 15:38:53'),
(282, 1, 60.00, 'Zakup karmy: Osesek 5-9g - 50 szt', 3, NULL, 'c', '2026-01-22 15:38:53', '2026-01-22 15:38:53'),
(283, 1, 65.00, 'Zakup karmy: Szczur mrożony 5-9g - 50 szt', 11, NULL, 'c', '2026-01-21 23:00:00', '2026-01-22 16:16:07');

-- --------------------------------------------------------

--
-- Struktura tabeli dla tabeli `finances_category`
--

CREATE TABLE IF NOT EXISTS `finances_category` (
  `id` bigint UNSIGNED NOT NULL AUTO_INCREMENT,
  `name` varchar(255) COLLATE utf8mb4_unicode_ci NOT NULL,
  `created_at` timestamp NULL DEFAULT NULL,
  `updated_at` timestamp NULL DEFAULT NULL,
  PRIMARY KEY (`id`)
) ENGINE=InnoDB AUTO_INCREMENT=6 DEFAULT CHARSET=utf8mb4 COLLATE=utf8mb4_unicode_ci;

--
-- RELACJE DLA TABELI `finances_category`:
--

--
-- Dumping data for table `finances_category`
--

INSERT INTO `finances_category` (`id`, `name`, `created_at`, `updated_at`) VALUES
(1, 'Karma', NULL, NULL),
(2, 'Akcesoria terrarystyczne', NULL, NULL),
(3, 'Zakup/Sprzedaż węża', NULL, NULL),
(4, 'Inne', NULL, NULL),
(5, 'Utrzymanie', NULL, NULL);

-- --------------------------------------------------------

--
-- Struktura tabeli dla tabeli `litters`
--

CREATE TABLE IF NOT EXISTS `litters` (
  `id` bigint UNSIGNED NOT NULL AUTO_INCREMENT,
  `category` int NOT NULL COMMENT '0-miot, 1-planowane, 2-możliwe, 3-zrealizowane',
  `litter_code` varchar(255) COLLATE utf8mb4_unicode_ci NOT NULL,
  `connection_date` date DEFAULT NULL,
  `laying_date` date DEFAULT NULL,
  `hatching_date` date DEFAULT NULL,
  `laying_eggs_total` int DEFAULT NULL,
  `laying_eggs_ok` int DEFAULT NULL,
  `hatching_eggs` int DEFAULT NULL,
  `season` int DEFAULT NULL,
  `adnotations` text COLLATE utf8mb4_unicode_ci,
  `created_at` timestamp NULL DEFAULT NULL,
  `updated_at` timestamp NULL DEFAULT NULL,
  `parent_male` bigint UNSIGNED DEFAULT NULL,
  `parent_female` bigint UNSIGNED DEFAULT NULL,
  `planned_connection_date` date DEFAULT NULL,
  PRIMARY KEY (`id`),
  KEY `litters_parent_male_foreign` (`parent_male`),
  KEY `litters_parent_female_foreign` (`parent_female`)
) ENGINE=InnoDB AUTO_INCREMENT=341 DEFAULT CHARSET=utf8mb4 COLLATE=utf8mb4_unicode_ci;

--
-- RELACJE DLA TABELI `litters`:
--   `parent_female`
--       `animals` -> `id`
--   `parent_male`
--       `animals` -> `id`
--

--
-- Dumping data for table `litters`
--

INSERT INTO `litters` (`id`, `category`, `litter_code`, `connection_date`, `laying_date`, `hatching_date`, `laying_eggs_total`, `laying_eggs_ok`, `hatching_eggs`, `season`, `adnotations`, `created_at`, `updated_at`, `parent_male`, `parent_female`, `planned_connection_date`) VALUES
(24, 4, 'A.11.10', '2023-02-12', '2023-03-28', '2023-05-31', 18, 16, 16, 2023, NULL, '2023-11-04 18:16:32', '2023-11-04 18:28:39', 11, 10, NULL),
(25, 4, 'A2.11.10', '2023-05-16', '2023-05-16', '2023-07-16', 13, 7, 6, 2023, NULL, '2023-11-04 18:23:18', '2023-11-04 18:23:57', 11, 10, NULL),
(26, 4, 'A.07.09', '2023-08-07', '2023-09-10', '2023-09-10', 16, 0, 0, 2023, NULL, '2023-11-04 18:25:37', '2023-11-04 18:26:13', 7, 9, NULL),
(51, 4, 'B.11.15', '2024-02-28', '2024-04-11', '2024-06-17', 16, 16, 15, 2024, NULL, '2023-11-05 07:03:04', '2024-12-15 06:33:30', 11, 15, '2024-02-28'),
(53, 4, 'B.37.38', '2024-04-14', '2024-05-31', '2024-08-07', 15, 14, 14, 2024, NULL, '2023-11-05 07:08:29', '2025-02-24 17:19:31', 37, 38, '2024-04-14'),
(74, 4, 'B.37.10', '2024-03-02', '2024-04-17', '2024-06-23', 19, 16, 15, 2024, NULL, '2024-03-02 15:56:13', '2024-09-15 12:55:05', 37, 10, '2024-03-01'),
(75, 4, 'B.07.09', '2024-04-02', '2024-05-16', '2024-07-20', 17, 0, 0, 2024, NULL, '2024-03-02 15:59:45', '2025-04-06 14:49:06', 7, 9, '2024-04-02'),
(76, 4, 'B.07.16', '2024-03-22', '2024-05-16', '2024-07-26', 9, 3, 0, 2024, NULL, '2024-03-02 16:14:08', '2024-07-26 16:04:42', 7, 16, '2024-03-23'),
(77, 4, 'B.11.43', '2024-03-17', '2024-05-08', '2024-07-15', 13, 10, 10, 2024, NULL, '2024-03-02 16:14:58', '2024-12-21 14:56:56', 11, 43, '2024-03-17'),
(167, 1, 'C.05.14', '2025-03-21', '2025-05-07', '2025-07-17', 14, 14, 12, 2025, NULL, '2024-12-16 08:44:45', '2025-07-20 16:51:42', 5, 14, '2025-03-21'),
(169, 1, 'C.17.15', '2025-03-08', '2025-04-25', '2025-07-03', 19, 18, 17, 2025, NULL, '2024-12-16 08:46:37', '2025-07-05 13:43:58', 17, 15, '2025-03-08'),
(170, 1, 'C.05.39', '2025-05-26', '2025-07-07', '2025-09-18', 6, 1, 0, 2025, NULL, '2024-12-16 08:46:50', '2025-09-20 16:13:38', 5, 39, '2025-05-17'),
(171, 4, 'C.01.09', '2025-04-04', '2025-05-22', '2025-08-01', 14, 14, 14, 2025, NULL, '2024-12-16 08:47:55', '2025-10-23 09:06:37', 1, 9, '2025-04-20'),
(174, 4, 'C.07.12', '2025-03-22', '2025-05-02', '2025-07-14', 16, 2, 2, 2025, NULL, '2024-12-16 08:52:31', '2025-10-23 09:06:25', 7, 12, '2025-03-22'),
(178, 1, 'C.13.08', '2025-06-22', '2025-07-23', '2025-10-05', 8, 8, 8, 2025, NULL, '2024-12-16 09:09:22', '2025-10-07 13:39:14', 13, 8, '2025-07-01'),
(215, 1, 'C.37.38', '2025-05-05', '2025-07-03', '2025-09-17', 18, 3, 2, 2025, NULL, '2025-02-22 19:17:16', '2025-09-25 03:31:13', 37, 38, '2025-05-17'),
(217, 1, 'C.05.06', '2025-04-03', '2025-05-23', '2025-08-05', 14, 12, 12, 2025, NULL, '2025-02-23 08:08:26', '2025-08-12 14:09:42', 5, 6, '2025-04-03'),
(225, 4, 'C.13.10', '2025-03-10', '2025-04-23', '2025-07-01', 20, 20, 20, 2025, NULL, '2025-03-10 18:27:58', '2025-10-28 16:00:17', 13, 10, '2025-03-10'),
(226, 4, 'C.13.16', '2025-03-22', '2025-05-15', '2025-07-27', 8, 4, 3, 2025, NULL, '2025-03-12 09:33:19', '2025-12-24 06:51:41', 13, 16, '2025-03-22'),
(232, 1, 'C.01.33', '2025-05-13', '2025-06-10', '2025-08-22', 14, 13, 13, 2025, NULL, '2025-05-13 17:08:13', '2025-08-24 08:05:50', 1, 33, '2025-05-13'),
(243, 1, 'C2.05.14', '2025-05-07', '2025-07-02', '2025-09-12', 8, 8, 8, 2025, NULL, '2025-07-01 15:58:09', '2025-09-12 05:14:10', 5, 14, '2025-05-07');

-- --------------------------------------------------------

--
-- Struktura tabeli dla tabeli `litters_adnotations`
--

CREATE TABLE IF NOT EXISTS `litters_adnotations` (
  `id` bigint UNSIGNED NOT NULL AUTO_INCREMENT,
  `litter_id` bigint UNSIGNED NOT NULL,
  `adnotation` text COLLATE utf8mb4_unicode_ci NOT NULL,
  `created_at` timestamp NULL DEFAULT NULL,
  `updated_at` timestamp NULL DEFAULT NULL,
  PRIMARY KEY (`id`),
  KEY `litters_adnotations_litter_id_foreign` (`litter_id`)
) ENGINE=InnoDB AUTO_INCREMENT=40 DEFAULT CHARSET=utf8mb4 COLLATE=utf8mb4_unicode_ci;

--
-- RELACJE DLA TABELI `litters_adnotations`:
--

--
-- Dumping data for table `litters_adnotations`
--

INSERT INTO `litters_adnotations` (`id`, `litter_id`, `adnotation`, `created_at`, `updated_at`) VALUES
(2, 59, 'Sprawdzenie poss het Motley u samca \n\n', '2023-11-05 08:26:58', '2024-01-21 11:59:27'),
(3, 51, 'Sprawdzenie poshet Stripe u samca \new. sprawdzenie czy samiec ma het caramela\n1 łączenie 28.02.2024, 2 łączenie 29.02.2024 \n----------------Rozpoczęcie klucia 16.06.2024------------\nBrak stripe u samca. za to jest caramel u samca i anery u samicy.', '2023-11-05 08:27:15', '2024-06-17 05:16:58'),
(11, 65, 'Planowana data łączenia - gdy samica osiągnie 300g ', '2023-11-25 16:12:36', '2023-11-25 16:12:36'),
(12, 69, 'Potwierdzenie Hypo u samicy. ', '2024-01-06 05:28:25', '2024-01-06 05:28:25'),
(13, 71, 'PossCheck het amel u samca. \n\n', '2024-01-07 05:42:25', '2024-01-07 18:15:55'),
(15, 64, 'Poss check stripe i hypo u samicy\n', '2024-02-28 15:02:18', '2024-02-28 15:02:18'),
(16, 74, 'Projekt na kontynuacje linii shatter, pod linie cinder i sunkissed. \n--------------- Rozpoczęcie kłucia 20.06.2024 --------------', '2024-03-02 15:56:53', '2024-06-20 11:17:24'),
(18, 76, '09.05.2024 - 1 slug ???\n10.05.2024 - drugi slug.\n11.05.2024 - trzeci slug\n\n6 jaj do inkubacji = 2 idealne, 1 średnie i 3 wyglądające jak slugi\n2 zdeformowane węże ', '2024-05-09 02:47:28', '2024-07-26 16:04:53'),
(19, 75, 'Slugi ale po prześwietleniu coś jest - do inkubatora do weryfikacji ', '2024-05-16 03:54:37', '2024-05-16 14:09:30'),
(20, 53, '1 jajko wyrzucone w trakcie inkubacji. \n2 jajko zapadło sie chwile przed kluciem.\n04.08.2024 start klucia\n', '2024-06-23 17:27:04', '2024-08-04 10:06:22'),
(21, 104, 'PossCheck samca Motley ', '2024-08-07 03:23:20', '2024-08-07 03:23:20'),
(22, 133, 'Możliwy Poss check - samica ph caramel, amel', '2024-11-24 15:31:00', '2024-11-24 15:31:00'),
(23, 181, 'PossCheck - het stripe u samicy', '2024-12-16 18:03:44', '2024-12-16 18:03:44'),
(24, 179, 'PossCheck - het motley u samca \nMag8Mat12', '2024-12-16 18:03:58', '2025-04-14 17:11:45'),
(25, 176, 'Projekt \ndo zostawienia parka Cinder het sunkissed, stripe', '2025-02-02 05:52:05', '2025-02-02 06:09:10'),
(26, 187, 'Projekt', '2025-02-02 06:09:33', '2025-02-02 06:09:33'),
(27, 171, 'amel zostawiony na noc 07.03.2025\n\nNIE POWTARZAĆ ŁĄCZENIA ', '2025-02-02 09:25:29', '2025-09-13 05:05:04'),
(28, 191, 'Sprawdzenie stripe u samicy i hypo u obydwu ', '2025-02-15 18:16:48', '2025-02-15 18:17:02'),
(29, 208, 'sprawdzenie POSS HET PALMETTO u samicy oraz czy samiec na pewno ma het palmetto', '2025-02-15 18:38:31', '2025-02-15 18:38:40'),
(30, 213, 'Pod projekt Fire Diffused - jeżeli samica ma het amel', '2025-02-16 15:07:44', '2025-02-16 15:07:44'),
(32, 169, 'Start klucia 02.07.2025\n\nNIE POWTARZAMY ŁĄCZENIA', '2025-04-14 17:11:19', '2025-09-13 05:04:28'),
(33, 225, 'Rozpoczęcie klucia 01.07.2025', '2025-04-14 17:11:35', '2025-07-01 12:40:54'),
(34, 167, '07.05. 4 piękne dłużej jajka po czym przerwała ?!...', '2025-05-07 08:17:59', '2025-05-07 08:17:59'),
(35, 170, 'ewentualne zniosy 21.06.2025\n5 slugow + 1 dobre do inkubatorze 07.07.2025', '2025-05-10 14:44:58', '2025-07-07 18:40:39'),
(36, 226, '15.05 - 8 jaj, 3 slugi, 3 średnie i 2 ładne. Do inkubacji poszło 5 z nich.  ', '2025-05-15 16:41:01', '2025-05-15 16:41:01'),
(37, 217, 'Pani Puwalska - rezerwacja malucha', '2025-06-18 16:02:46', '2025-06-18 16:02:46'),
(38, 243, 'Drugi znios w sezonie. ', '2025-07-01 15:58:48', '2025-07-01 15:58:48'),
(39, 174, '7 martwych wezy', '2025-07-19 21:18:46', '2025-07-19 21:18:46');

-- --------------------------------------------------------

--
-- Struktura tabeli dla tabeli `litters_gallery`
--

CREATE TABLE IF NOT EXISTS `litters_gallery` (
  `id` bigint UNSIGNED NOT NULL AUTO_INCREMENT,
  `litter_id` bigint UNSIGNED NOT NULL,
  `url` text COLLATE utf8mb4_unicode_ci NOT NULL,
  `main_photo` int NOT NULL DEFAULT '0',
  `created_at` timestamp NULL DEFAULT NULL,
  `updated_at` timestamp NULL DEFAULT NULL,
  PRIMARY KEY (`id`),
  KEY `litters_gallery_litter_id_foreign` (`litter_id`)
) ENGINE=InnoDB AUTO_INCREMENT=31 DEFAULT CHARSET=utf8mb4 COLLATE=utf8mb4_unicode_ci;

--
-- RELACJE DLA TABELI `litters_gallery`:
--   `litter_id`
--       `litters` -> `id`
--

--
-- Dumping data for table `litters_gallery`
--

INSERT INTO `litters_gallery` (`id`, `litter_id`, `url`, `main_photo`, `created_at`, `updated_at`) VALUES
(1, 24, '/public/Image/Litters/24_20240203094033.jpg', 0, '2024-02-03 06:40:33', '2024-02-03 06:41:38'),
(2, 24, '/public/Image/Litters/24_20240203094058.jpg', 1, '2024-02-03 06:40:58', '2024-02-03 06:41:38'),
(3, 51, '/public/Image/Litters/51_20240228174553.jpg', 0, '2024-02-28 15:45:53', '2024-06-17 04:37:37'),
(4, 74, '/public/Image/Litters/74_20240302175719.jpg', 0, '2024-03-02 15:57:19', '2024-04-17 03:49:22'),
(5, 77, '/public/Image/Litters/77_20240317151025.jpg', 0, '2024-03-17 14:10:25', '2024-05-08 12:57:37'),
(6, 75, '/public/Image/Litters/75_20240403062212.jpg', 1, '2024-04-03 04:22:12', '2024-04-03 04:22:15'),
(7, 51, '/public/Image/Litters/51_20240411093031.jpg', 0, '2024-04-11 07:30:31', '2024-06-17 04:37:37'),
(8, 51, '/public/Image/Litters/51_20240411104513.jpg', 0, '2024-04-11 08:45:13', '2024-06-17 04:37:37'),
(9, 74, '/public/Image/Litters/74_20240417054920.jpg', 1, '2024-04-17 03:49:20', '2024-04-17 03:49:22'),
(10, 77, '/public/Image/Litters/77_20240508145735.jpg', 1, '2024-05-08 12:57:35', '2024-05-08 12:57:37'),
(11, 53, '/public/Image/Litters/53_20240511054854.jpg', 0, '2024-05-11 03:48:54', '2024-05-31 16:41:33'),
(12, 53, '/public/Image/Litters/53_20240531184131.JPG', 1, '2024-05-31 16:41:31', '2024-05-31 16:41:33'),
(13, 51, '/public/Image/Litters/51_20240617063731.jpg', 1, '2024-06-17 04:37:31', '2024-06-17 04:37:37'),
(14, 169, '/public/Image/Litters/169_20250308181108.jpg', 0, '2025-03-08 17:11:08', '2025-04-25 14:28:21'),
(15, 225, '/public/Image/Litters/225_20250310193101.jpg', 0, '2025-03-10 18:31:01', '2025-10-22 18:35:13'),
(18, 169, '/public/Image/Litters/169_20250425075430.jpg', 0, '2025-04-25 05:54:30', '2025-04-25 14:28:21'),
(20, 169, '/public/Image/Litters/169_20250425162815.jpg', 1, '2025-04-25 14:28:15', '2025-04-25 14:28:21'),
(22, 167, '/public/Image/Litters/167_20250507154417.jpg', 1, '2025-05-07 13:44:17', '2025-05-07 13:44:20'),
(23, 232, '/public/Image/Litters/232_20250513191123.jpg', 0, '2025-05-13 17:11:23', '2025-06-10 07:55:12'),
(24, 217, '/public/Image/Litters/217_20250523175117.jpg', 1, '2025-05-23 15:51:17', '2025-05-23 15:51:18'),
(25, 232, '/public/Image/Litters/232_20250610095441.jpg', 1, '2025-06-10 07:54:41', '2025-06-10 07:55:12'),
(26, 215, '/public/Image/Litters/215_20250703055513.jpg', 1, '2025-07-03 03:55:13', '2025-07-03 03:55:15'),
(28, 225, '/public/Image/Litters/225_20251022203510.png', 1, '2025-10-22 18:35:10', '2025-10-22 18:35:13'),
(30, 174, '/public/Image/Litters/174_20251023065404.jpg', 1, '2025-10-23 04:54:04', '2025-10-23 04:54:05');

-- --------------------------------------------------------

--
-- Struktura tabeli dla tabeli `litters_pairings`
--

CREATE TABLE IF NOT EXISTS `litters_pairings` (
  `id` bigint UNSIGNED NOT NULL AUTO_INCREMENT,
  `percent` int NOT NULL,
  `title_vis` varchar(255) COLLATE utf8mb4_unicode_ci NOT NULL,
  `title_het` varchar(255) COLLATE utf8mb4_unicode_ci DEFAULT NULL,
  `litter_id` bigint UNSIGNED DEFAULT NULL,
  `value` int DEFAULT NULL,
  `img_url` text COLLATE utf8mb4_unicode_ci,
  `created_at` timestamp NULL DEFAULT NULL,
  `updated_at` timestamp NULL DEFAULT NULL,
  PRIMARY KEY (`id`),
  KEY `litters_pairings_litter_id_foreign` (`litter_id`)
) ENGINE=InnoDB AUTO_INCREMENT=753 DEFAULT CHARSET=utf8mb4 COLLATE=utf8mb4_unicode_ci;

--
-- RELACJE DLA TABELI `litters_pairings`:
--   `litter_id`
--       `litters` -> `id`
--

-- --------------------------------------------------------

--
-- Struktura tabeli dla tabeli `litters_pairings_summary`
--

CREATE TABLE IF NOT EXISTS `litters_pairings_summary` (
  `id` bigint UNSIGNED NOT NULL AUTO_INCREMENT,
  `pairings_id` bigint UNSIGNED NOT NULL,
  `litter_id` bigint UNSIGNED NOT NULL,
  `vis_amount` int NOT NULL,
  `het_amount` int NOT NULL,
  `scaleless` tinyint(1) NOT NULL,
  `tessera` tinyint(1) NOT NULL,
  `stripe` tinyint(1) NOT NULL,
  `motley` tinyint(1) NOT NULL,
  `okeetee` tinyint(1) NOT NULL,
  `extreme_okeetee` tinyint(1) NOT NULL,
  `multiplier` double(1,1) NOT NULL,
  `created_at` timestamp NULL DEFAULT NULL,
  `updated_at` timestamp NULL DEFAULT NULL,
  PRIMARY KEY (`id`),
  KEY `litters_pairings_summary_pairings_id_foreign` (`pairings_id`),
  KEY `litters_pairings_summary_litter_id_foreign` (`litter_id`)
) ENGINE=InnoDB DEFAULT CHARSET=utf8mb4 COLLATE=utf8mb4_unicode_ci;

--
-- RELACJE DLA TABELI `litters_pairings_summary`:
--   `litter_id`
--       `litters` -> `id`
--   `pairings_id`
--       `litters_pairings` -> `id`
--

-- --------------------------------------------------------

--
-- Struktura tabeli dla tabeli `litter_plans`
--

CREATE TABLE IF NOT EXISTS `litter_plans` (
  `id` bigint UNSIGNED NOT NULL AUTO_INCREMENT,
  `name` varchar(255) COLLATE utf8mb4_unicode_ci NOT NULL,
  `planned_year` smallint UNSIGNED DEFAULT NULL,
  `created_at` timestamp NULL DEFAULT NULL,
  `updated_at` timestamp NULL DEFAULT NULL,
  PRIMARY KEY (`id`)
) ENGINE=InnoDB AUTO_INCREMENT=10 DEFAULT CHARSET=utf8mb4 COLLATE=utf8mb4_unicode_ci;

--
-- RELACJE DLA TABELI `litter_plans`:
--

--
-- Dumping data for table `litter_plans`
--

INSERT INTO `litter_plans` (`id`, `name`, `planned_year`, `created_at`, `updated_at`) VALUES
(9, '2026', 2026, '2025-12-26 07:28:41', '2025-12-26 07:28:41');

-- --------------------------------------------------------

--
-- Struktura tabeli dla tabeli `litter_plan_pairs`
--

CREATE TABLE IF NOT EXISTS `litter_plan_pairs` (
  `id` bigint UNSIGNED NOT NULL AUTO_INCREMENT,
  `litter_plan_id` bigint UNSIGNED NOT NULL,
  `female_id` bigint UNSIGNED NOT NULL,
  `male_id` bigint UNSIGNED NOT NULL,
  `created_at` timestamp NULL DEFAULT NULL,
  `updated_at` timestamp NULL DEFAULT NULL,
  PRIMARY KEY (`id`),
  UNIQUE KEY `litter_plan_pair_unique` (`litter_plan_id`,`female_id`,`male_id`),
  KEY `litter_plan_pairs_female_id_foreign` (`female_id`),
  KEY `litter_plan_pairs_male_id_foreign` (`male_id`)
) ENGINE=InnoDB AUTO_INCREMENT=247 DEFAULT CHARSET=utf8mb4 COLLATE=utf8mb4_unicode_ci;

--
-- RELACJE DLA TABELI `litter_plan_pairs`:
--   `female_id`
--       `animals` -> `id`
--   `litter_plan_id`
--       `litter_plans` -> `id`
--   `male_id`
--       `animals` -> `id`
--

--
-- Dumping data for table `litter_plan_pairs`
--

INSERT INTO `litter_plan_pairs` (`id`, `litter_plan_id`, `female_id`, `male_id`, `created_at`, `updated_at`) VALUES
(234, 9, 6, 13, '2026-01-25 14:42:30', '2026-01-25 14:42:30'),
(235, 9, 8, 13, '2026-01-25 14:42:30', '2026-01-25 14:42:30'),
(236, 9, 45, 17, '2026-01-25 14:42:30', '2026-01-25 14:42:30'),
(237, 9, 12, 1, '2026-01-25 14:42:30', '2026-01-25 14:42:30'),
(238, 9, 15, 47, '2026-01-25 14:42:30', '2026-01-25 14:42:30'),
(239, 9, 39, 5, '2026-01-25 14:42:30', '2026-01-25 14:42:30'),
(240, 9, 38, 37, '2026-01-25 14:42:30', '2026-01-25 14:42:30'),
(241, 9, 33, 2, '2026-01-25 14:42:30', '2026-01-25 14:42:30'),
(242, 9, 46, 47, '2026-01-25 14:42:30', '2026-01-25 14:42:30'),
(243, 9, 40, 37, '2026-01-25 14:42:30', '2026-01-25 14:42:30'),
(244, 9, 3, 47, '2026-01-25 14:42:30', '2026-01-25 14:42:30'),
(245, 9, 9, 11, '2026-01-25 14:42:30', '2026-01-25 14:42:30'),
(246, 9, 14, 1, '2026-01-25 14:42:30', '2026-01-25 14:42:30');

-- --------------------------------------------------------

--
-- Struktura tabeli dla tabeli `migrations`
--

CREATE TABLE IF NOT EXISTS `migrations` (
  `id` int UNSIGNED NOT NULL AUTO_INCREMENT,
  `migration` varchar(255) COLLATE utf8mb4_unicode_ci NOT NULL,
  `batch` int NOT NULL,
  PRIMARY KEY (`id`)
) ENGINE=InnoDB AUTO_INCREMENT=50 DEFAULT CHARSET=utf8mb4 COLLATE=utf8mb4_unicode_ci;

--
-- RELACJE DLA TABELI `migrations`:
--

--
-- Dumping data for table `migrations`
--

INSERT INTO `migrations` (`id`, `migration`, `batch`) VALUES
(1, '2014_10_12_000000_create_users_table', 1),
(2, '2014_10_12_100000_create_password_reset_tokens_table', 1),
(3, '2014_10_12_100000_create_password_resets_table', 1),
(4, '2019_08_19_000000_create_failed_jobs_table', 1),
(5, '2019_12_14_000001_create_personal_access_tokens_table', 1),
(6, '2023_10_13_112140_animal_category', 1),
(7, '2023_10_13_112148_feeds', 1),
(8, '2023_10_13_112153_litters', 1),
(9, '2023_10_13_112158_animal_type', 1),
(10, '2023_10_13_112856_animals', 1),
(11, '2023_10_13_114153_animal_genotype_category', 1),
(12, '2023_10_13_114240_animal_genotype', 1),
(13, '2023_10_13_114611_animal_feedings', 1),
(14, '2023_10_13_114914_finances_category', 1),
(15, '2023_10_13_115255_finances', 1),
(16, '2023_10_13_120116_animal_weights', 1),
(17, '2023_10_13_120241_animal_molts', 1),
(18, '2023_10_13_120354_animal_photo_gallery', 1),
(19, '2023_10_13_120539_animal_offers', 1),
(20, '2023_10_13_120735_animal_offer_reservations', 1),
(21, '2023_10_13_120933_web_gallery', 1),
(22, '2023_10_13_121037_system_config', 1),
(23, '2023_10_13_121258_litters_pairings', 1),
(24, '2023_10_13_121614_litters_pairings_summary', 1),
(25, '2023_10_19_183844_litters_add_parents', 1),
(26, '2023_10_30_141251_litters__gallery', 1),
(27, '2023_11_01_075931_litter_adnotations', 1),
(28, '2023_12_29_153646_create_winterings_table', 1),
(29, '2023_12_29_154705_winterings_stage', 1),
(30, '2023_12_29_155142_winterings_add_stages', 1),
(31, '2023_12_29_202644_litters_add_planned_connection_date', 1),
(32, '2023_12_31_150956_winterings_add_planned_duration', 1),
(33, '2023_12_31_155346_winterings_add_not_active', 1),
(34, '2024_01_07_193817_create_not_for_sales_table', 1),
(35, '2024_03_09_120911_create_projects_table', 2),
(36, '2024_03_09_121649_create_projects_stages_table', 2),
(37, '2024_03_09_144510_create_projects_stages_nfs_table', 2),
(38, '2024_03_10_091730_project_stages_sex_row', 3),
(39, '2024_03_10_094315_create_project_annotations_table', 4),
(40, '2024_04_17_084924_litters_pairing_value', 5),
(41, '2025_04_07_192858_animal_genotype_traits', 6),
(42, '2025_04_07_193353_genotype_traits', 7),
(43, '2025_04_07_194033_animal_genotype_traits', 8),
(44, '2025_04_07_194123_animal_genotype_traits', 9),
(47, '2025_04_07_194731_animal_genotype_traits_dictionary', 10),
(48, '2025_04_19_193412_animal_secon_name_add', 11),
(49, '2025_09_20_150000_create_litter_plans_table', 12);

-- --------------------------------------------------------

--
-- Struktura tabeli dla tabeli `not_for_sales`
--

CREATE TABLE IF NOT EXISTS `not_for_sales` (
  `id` bigint UNSIGNED NOT NULL AUTO_INCREMENT,
  `pairing_id` bigint UNSIGNED NOT NULL,
  `sex` int NOT NULL,
  `annotations` text COLLATE utf8mb4_unicode_ci,
  `created_at` timestamp NULL DEFAULT NULL,
  `updated_at` timestamp NULL DEFAULT NULL,
  PRIMARY KEY (`id`),
  KEY `not_for_sales_pairing_id_foreign` (`pairing_id`)
) ENGINE=InnoDB AUTO_INCREMENT=21 DEFAULT CHARSET=utf8mb4 COLLATE=utf8mb4_unicode_ci;

--
-- RELACJE DLA TABELI `not_for_sales`:
--   `pairing_id`
--       `litters_pairings` -> `id`
--

-- --------------------------------------------------------

--
-- Struktura tabeli dla tabeli `password_resets`
--

CREATE TABLE IF NOT EXISTS `password_resets` (
  `email` varchar(255) COLLATE utf8mb4_unicode_ci NOT NULL,
  `token` varchar(255) COLLATE utf8mb4_unicode_ci NOT NULL,
  `created_at` timestamp NULL DEFAULT NULL,
  KEY `password_resets_email_index` (`email`)
) ENGINE=InnoDB DEFAULT CHARSET=utf8mb4 COLLATE=utf8mb4_unicode_ci;

--
-- RELACJE DLA TABELI `password_resets`:
--

-- --------------------------------------------------------

--
-- Struktura tabeli dla tabeli `password_reset_tokens`
--

CREATE TABLE IF NOT EXISTS `password_reset_tokens` (
  `email` varchar(255) COLLATE utf8mb4_unicode_ci NOT NULL,
  `token` varchar(255) COLLATE utf8mb4_unicode_ci NOT NULL,
  `created_at` timestamp NULL DEFAULT NULL,
  PRIMARY KEY (`email`)
) ENGINE=InnoDB DEFAULT CHARSET=utf8mb4 COLLATE=utf8mb4_unicode_ci;

--
-- RELACJE DLA TABELI `password_reset_tokens`:
--

-- --------------------------------------------------------

--
-- Struktura tabeli dla tabeli `personal_access_tokens`
--

CREATE TABLE IF NOT EXISTS `personal_access_tokens` (
  `id` bigint UNSIGNED NOT NULL AUTO_INCREMENT,
  `tokenable_type` varchar(255) COLLATE utf8mb4_unicode_ci NOT NULL,
  `tokenable_id` bigint UNSIGNED NOT NULL,
  `name` varchar(255) COLLATE utf8mb4_unicode_ci NOT NULL,
  `token` varchar(64) COLLATE utf8mb4_unicode_ci NOT NULL,
  `abilities` text COLLATE utf8mb4_unicode_ci,
  `last_used_at` timestamp NULL DEFAULT NULL,
  `expires_at` timestamp NULL DEFAULT NULL,
  `created_at` timestamp NULL DEFAULT NULL,
  `updated_at` timestamp NULL DEFAULT NULL,
  PRIMARY KEY (`id`),
  UNIQUE KEY `personal_access_tokens_token_unique` (`token`),
  KEY `personal_access_tokens_tokenable_type_tokenable_id_index` (`tokenable_type`,`tokenable_id`)
) ENGINE=InnoDB DEFAULT CHARSET=utf8mb4 COLLATE=utf8mb4_unicode_ci;

--
-- RELACJE DLA TABELI `personal_access_tokens`:
--

-- --------------------------------------------------------

--
-- Struktura tabeli dla tabeli `projects`
--

CREATE TABLE IF NOT EXISTS `projects` (
  `id` bigint UNSIGNED NOT NULL AUTO_INCREMENT,
  `title` varchar(255) COLLATE utf8mb4_unicode_ci NOT NULL,
  `description` text COLLATE utf8mb4_unicode_ci,
  `created_at` timestamp NULL DEFAULT NULL,
  `updated_at` timestamp NULL DEFAULT NULL,
  PRIMARY KEY (`id`)
) ENGINE=InnoDB AUTO_INCREMENT=10 DEFAULT CHARSET=utf8mb4 COLLATE=utf8mb4_unicode_ci;

--
-- RELACJE DLA TABELI `projects`:
--

--
-- Dumping data for table `projects`
--

INSERT INTO `projects` (`id`, `title`, `description`, `created_at`, `updated_at`) VALUES
(1, 'Cinder Stripe', NULL, '2024-03-10 10:05:36', '2024-03-10 10:05:36'),
(2, 'Tessera Shatter / Tessera Cinder', NULL, '2024-03-10 10:36:20', '2024-03-10 10:36:20'),
(3, 'Super Tessera Extreme Reverse Okeetee', NULL, '2024-06-25 12:42:45', '2024-06-25 12:42:45'),
(4, 'Dark Yellow Scaleless', NULL, '2024-08-21 16:25:00', '2024-08-21 16:25:00'),
(5, 'Cinder Okeetee', NULL, '2024-11-17 06:55:12', '2024-11-17 06:55:12'),
(6, 'Anery Sunkissed Stripe', NULL, '2024-11-17 15:01:53', '2024-11-17 15:01:53'),
(8, 'Shatter Lavender Stripe', NULL, '2025-02-02 14:27:04', '2025-02-02 14:27:04'),
(9, 'Shatter Scaleless', NULL, '2025-02-23 06:10:34', '2025-02-23 06:10:34');

-- --------------------------------------------------------

--
-- Struktura tabeli dla tabeli `projects_stages`
--

CREATE TABLE IF NOT EXISTS `projects_stages` (
  `id` bigint UNSIGNED NOT NULL AUTO_INCREMENT,
  `season` int NOT NULL,
  `project_id` bigint UNSIGNED NOT NULL,
  `parent_male_id` bigint UNSIGNED DEFAULT NULL,
  `parent_male_name` varchar(255) COLLATE utf8mb4_unicode_ci DEFAULT NULL,
  `parent_female_id` bigint UNSIGNED DEFAULT NULL,
  `parent_female_name` varchar(255) COLLATE utf8mb4_unicode_ci DEFAULT NULL,
  `created_at` timestamp NULL DEFAULT NULL,
  `updated_at` timestamp NULL DEFAULT NULL,
  PRIMARY KEY (`id`),
  KEY `projects_stages_project_id_foreign` (`project_id`),
  KEY `projects_stages_parent_male_id_foreign` (`parent_male_id`),
  KEY `projects_stages_parent_female_id_foreign` (`parent_female_id`)
) ENGINE=InnoDB AUTO_INCREMENT=24 DEFAULT CHARSET=utf8mb4 COLLATE=utf8mb4_unicode_ci;

--
-- RELACJE DLA TABELI `projects_stages`:
--   `parent_female_id`
--       `animals` -> `id`
--   `parent_male_id`
--       `animals` -> `id`
--   `project_id`
--       `projects` -> `id`
--

--
-- Dumping data for table `projects_stages`
--

INSERT INTO `projects_stages` (`id`, `season`, `project_id`, `parent_male_id`, `parent_male_name`, `parent_female_id`, `parent_female_name`, `created_at`, `updated_at`) VALUES
(10, 2025, 3, 13, NULL, 16, NULL, '2024-08-21 15:26:48', '2024-08-21 15:26:48'),
(11, 2028, 3, NULL, 'Tessera Amel Okeetee (Reverse) het anery', NULL, 'Tessera Amel Okeetee (Reverse) het anery', '2024-08-21 15:27:38', '2024-08-21 15:27:38'),
(12, 2031, 3, NULL, 'Super Tessera Amelanistic Okeetee', NULL, 'Super Tessera Amelanistic Okeetee', '2024-08-21 15:28:54', '2024-08-21 15:28:54'),
(15, 2025, 1, 2, NULL, 38, NULL, '2025-02-02 05:53:26', '2025-02-02 05:53:26'),
(17, 2028, 1, NULL, 'Cinder het sunkissed, stripe', NULL, 'Cinder het sunkissed, stripe', '2025-02-02 05:55:34', '2025-02-02 05:55:34'),
(18, 2027, 2, 37, NULL, 107, NULL, '2025-02-02 05:57:22', '2025-02-02 05:57:22'),
(19, 2027, 8, 110, NULL, 89, NULL, '2025-02-02 14:27:19', '2025-02-02 14:27:19'),
(20, 2030, 8, NULL, 'Sunkissed het cinder, lavender, stripe', NULL, 'Sunkissed het cinder, lavender, stripe', '2025-02-02 14:27:54', '2025-02-02 14:27:54'),
(21, 2027, 4, 5, NULL, 57, NULL, '2025-02-03 08:34:11', '2025-02-03 08:34:11'),
(22, 2025, 9, 37, NULL, 6, NULL, '2025-02-23 06:10:46', '2025-02-23 06:10:46'),
(23, 2028, 9, NULL, 'het cinder het sunkissed het scaleless het motley', NULL, 'het cinder het sunkissed het scaleless het motley', '2025-02-23 06:12:25', '2025-02-23 06:12:25');

-- --------------------------------------------------------

--
-- Struktura tabeli dla tabeli `projects_stages_nfs`
--

CREATE TABLE IF NOT EXISTS `projects_stages_nfs` (
  `id` bigint UNSIGNED NOT NULL AUTO_INCREMENT,
  `stage_id` bigint UNSIGNED NOT NULL,
  `percent` int NOT NULL,
  `title` varchar(255) COLLATE utf8mb4_unicode_ci NOT NULL,
  `sex` int DEFAULT NULL,
  `created_at` timestamp NULL DEFAULT NULL,
  `updated_at` timestamp NULL DEFAULT NULL,
  PRIMARY KEY (`id`),
  KEY `projects_stages_nfs_stage_id_foreign` (`stage_id`)
) ENGINE=InnoDB AUTO_INCREMENT=50 DEFAULT CHARSET=utf8mb4 COLLATE=utf8mb4_unicode_ci;

--
-- RELACJE DLA TABELI `projects_stages_nfs`:
--   `stage_id`
--       `projects_stages` -> `id`
--

--
-- Dumping data for table `projects_stages_nfs`
--

INSERT INTO `projects_stages_nfs` (`id`, `stage_id`, `percent`, `title`, `sex`, `created_at`, `updated_at`) VALUES
(27, 10, 50, 'Tessera Amel Okeetee (Reverse) het anery', 2, '2024-08-21 15:27:20', '2024-08-21 15:27:20'),
(28, 10, 50, 'Tessera Amel Okeetee (Reverse) het anery', 3, '2024-08-21 15:27:24', '2024-08-21 15:27:24'),
(29, 11, 25, 'Super Tessera Amelanistic Okeetee', 2, '2024-08-21 15:28:10', '2024-08-21 15:28:10'),
(30, 11, 25, 'Super Tessera Amelanistic Okeetee', 3, '2024-08-21 15:28:15', '2024-08-21 15:28:15'),
(31, 12, 25, 'Super Tessera Extreme Reverse (Amel) Okeetee', 2, '2024-08-21 15:29:20', '2024-08-21 15:29:20'),
(32, 12, 25, 'Super Tessera Extreme Reverse (Amel) Okeetee', 3, '2024-08-21 15:29:37', '2024-08-21 15:29:37'),
(33, 15, 50, 'Cinder het sunkissed, stripe', 2, '2025-02-02 05:54:07', '2025-02-02 05:54:07'),
(34, 15, 50, 'Cinder het sunkissed, stripe', 3, '2025-02-02 05:54:11', '2025-02-02 05:54:11'),
(35, 19, 50, 'Sunkissed het cinder, lavender, stripe', 2, '2025-02-02 14:27:40', '2025-02-02 14:27:40'),
(36, 19, 50, 'Sunkissed het cinder, lavender, stripe', 3, '2025-02-02 14:27:46', '2025-02-02 14:27:46'),
(37, 20, 2, 'Shatter Lavender Stripe', 2, '2025-02-02 14:28:10', '2025-02-02 14:28:10'),
(38, 20, 5, 'Shatter Lavender', 2, '2025-02-02 14:28:28', '2025-02-02 14:28:28'),
(39, 20, 5, 'Shatter Stripe', 2, '2025-02-02 14:28:42', '2025-02-02 14:28:42'),
(40, 20, 5, 'Orchid Stripe', 2, '2025-02-02 14:28:50', '2025-02-02 14:28:50'),
(41, 20, 14, 'Shatter', 2, '2025-02-02 14:28:58', '2025-02-02 14:28:58'),
(42, 20, 14, 'Orchid', 2, '2025-02-02 14:29:03', '2025-02-02 14:29:03'),
(43, 20, 14, 'Sunkissed Stripe', 2, '2025-02-02 14:29:11', '2025-02-02 14:29:11'),
(44, 21, 50, 'Amel het anery, caramel, scaleless', 2, '2025-02-03 08:34:25', '2025-02-03 08:34:25'),
(45, 21, 50, 'Amel het anery, caramel, scaleless', 3, '2025-02-03 08:34:29', '2025-02-03 08:34:29'),
(46, 22, 100, 'het cinder het sunkissed het scaleless het motley', 2, '2025-02-23 06:11:50', '2025-02-23 06:11:50'),
(47, 22, 100, 'het cinder het sunkissed het scaleless het motley', 2, '2025-02-23 06:11:56', '2025-02-23 06:11:56'),
(48, 22, 100, 'het cinder het sunkissed het scaleless het motley', 3, '2025-02-23 06:12:02', '2025-02-23 06:12:02'),
(49, 22, 100, 'het cinder het sunkissed het scaleless het motley', 3, '2025-02-23 06:12:07', '2025-02-23 06:12:07');

-- --------------------------------------------------------

--
-- Struktura tabeli dla tabeli `project_annotations`
--

CREATE TABLE IF NOT EXISTS `project_annotations` (
  `id` bigint UNSIGNED NOT NULL AUTO_INCREMENT,
  `project_id` bigint UNSIGNED NOT NULL,
  `annotations` text COLLATE utf8mb4_unicode_ci,
  `created_at` timestamp NULL DEFAULT NULL,
  `updated_at` timestamp NULL DEFAULT NULL,
  PRIMARY KEY (`id`),
  KEY `project_annotations_project_id_foreign` (`project_id`)
) ENGINE=InnoDB DEFAULT CHARSET=utf8mb4 COLLATE=utf8mb4_unicode_ci;

--
-- RELACJE DLA TABELI `project_annotations`:
--   `project_id`
--       `projects` -> `id`
--

-- --------------------------------------------------------

--
-- Struktura tabeli dla tabeli `system_config`
--

CREATE TABLE IF NOT EXISTS `system_config` (
  `id` bigint UNSIGNED NOT NULL AUTO_INCREMENT,
  `key` varchar(255) COLLATE utf8mb4_unicode_ci NOT NULL,
  `value` varchar(255) COLLATE utf8mb4_unicode_ci NOT NULL,
  `name` varchar(255) COLLATE utf8mb4_unicode_ci NOT NULL,
  `created_at` timestamp NULL DEFAULT NULL,
  `updated_at` timestamp NULL DEFAULT NULL,
  PRIMARY KEY (`id`)
) ENGINE=InnoDB AUTO_INCREMENT=9 DEFAULT CHARSET=utf8mb4 COLLATE=utf8mb4_unicode_ci;

--
-- RELACJE DLA TABELI `system_config`:
--

--
-- Dumping data for table `system_config`
--

INSERT INTO `system_config` (`id`, `key`, `value`, `name`, `created_at`, `updated_at`) VALUES
(1, 'feedLeadTime', '10', 'Czas dostawy karmy', NULL, NULL),
(2, 'layingDuration', '43', 'Czas zniesienie jajek', NULL, '2024-04-25 08:18:59'),
(3, 'hatchlingDuration', '68', 'Czas inkubacji', NULL, '2025-07-20 16:52:08'),
(4, 'zhControllIp', '83.25.137.79', 'IP Serwera ZH Controll', '2024-02-12 13:48:32', '2024-02-13 05:15:01'),
(6, 'apiToken', '12e5260cdc3c43da8c9787c34877ce81', 'apiToken', '2024-02-13 09:22:54', '2024-02-13 09:22:54'),
(7, 'apiPass', 'qwerty1234', 'apiPass', '2024-02-13 09:23:02', '2024-02-13 09:23:02'),
(8, 'fbToken', 'EAAJZCvDyFzrkBPexiNQa41E41x0astjSjjIN4qhyoEZAKTRSypr06AVkxJBG0hZBVRIZB1Wr9nnO2rsGFdPBlVgTlr8RvtHjgiwcEZB7V45ZBjwgpmh57U0ZCfwNAHl8pVpzmFUzsU7IRFELdQvQhtDJZAfuUhae2kJuCm7puoVFY5JOUM3vZBjhrBsw38qul9LWyB8gTvkrsu0Vg2qjPjCrpXEJP41O84VFSsaHpkQvodiXCZAkZA4E8rVoCs', 'fbToken', '2025-08-13 12:31:44', '2025-09-20 16:12:03');

-- --------------------------------------------------------

--
-- Struktura tabeli dla tabeli `users`
--

CREATE TABLE IF NOT EXISTS `users` (
  `id` bigint UNSIGNED NOT NULL AUTO_INCREMENT,
  `name` varchar(255) COLLATE utf8mb4_unicode_ci NOT NULL,
  `email` varchar(255) COLLATE utf8mb4_unicode_ci NOT NULL,
  `email_verified_at` timestamp NULL DEFAULT NULL,
  `password` varchar(255) COLLATE utf8mb4_unicode_ci NOT NULL,
  `remember_token` varchar(100) COLLATE utf8mb4_unicode_ci DEFAULT NULL,
  `created_at` timestamp NULL DEFAULT NULL,
  `updated_at` timestamp NULL DEFAULT NULL,
  PRIMARY KEY (`id`),
  UNIQUE KEY `users_email_unique` (`email`)
) ENGINE=InnoDB AUTO_INCREMENT=2 DEFAULT CHARSET=utf8mb4 COLLATE=utf8mb4_unicode_ci;

--
-- RELACJE DLA TABELI `users`:
--

--
-- Dumping data for table `users`
--

INSERT INTO `users` (`id`, `name`, `email`, `email_verified_at`, `password`, `remember_token`, `created_at`, `updated_at`) VALUES
(1, 'admin', 'admin@admin.pl', NULL, '$2y$10$.wcLIDqDabq8nC8hzX8Ot.jpq4XxkSaHOpAh79IuriFUBkt6ZnHY6', 'V2dBCbhDdfS6G0fkVMcyNWNQZ3Ny1IeG0Rs6tqvlPQ9KNfbdd8yCxJXrnVEb', '2023-11-04 16:00:44', '2023-11-04 16:00:44');

-- --------------------------------------------------------

--
-- Struktura tabeli dla tabeli `web_gallery`
--

CREATE TABLE IF NOT EXISTS `web_gallery` (
  `id` bigint UNSIGNED NOT NULL AUTO_INCREMENT,
  `url` text COLLATE utf8mb4_unicode_ci NOT NULL,
  `description` varchar(255) COLLATE utf8mb4_unicode_ci NOT NULL,
  `created_at` timestamp NULL DEFAULT NULL,
  `updated_at` timestamp NULL DEFAULT NULL,
  PRIMARY KEY (`id`)
) ENGINE=InnoDB DEFAULT CHARSET=utf8mb4 COLLATE=utf8mb4_unicode_ci;

--
-- RELACJE DLA TABELI `web_gallery`:
--

-- --------------------------------------------------------

--
-- Struktura tabeli dla tabeli `winterings`
--

CREATE TABLE IF NOT EXISTS `winterings` (
  `id` bigint UNSIGNED NOT NULL AUTO_INCREMENT,
  `animal_id` bigint UNSIGNED NOT NULL,
  `season` int NOT NULL,
  `planned_start_date` date DEFAULT NULL,
  `planned_end_date` date DEFAULT NULL,
  `start_date` date DEFAULT NULL,
  `end_date` date DEFAULT NULL,
  `annotations` text COLLATE utf8mb4_unicode_ci,
  `created_at` timestamp NULL DEFAULT NULL,
  `updated_at` timestamp NULL DEFAULT NULL,
  `stage_id` bigint UNSIGNED DEFAULT NULL,
  `custom_duration` int DEFAULT NULL,
  `archive` int DEFAULT NULL,
  PRIMARY KEY (`id`),
  KEY `winterings_animal_id_foreign` (`animal_id`),
  KEY `winterings_stage_id_foreign` (`stage_id`)
) ENGINE=InnoDB AUTO_INCREMENT=163 DEFAULT CHARSET=utf8mb4 COLLATE=utf8mb4_unicode_ci;

--
-- RELACJE DLA TABELI `winterings`:
--   `animal_id`
--       `animals` -> `id`
--   `stage_id`
--       `winterings_stage` -> `id`
--

--
-- Dumping data for table `winterings`
--

INSERT INTO `winterings` (`id`, `animal_id`, `season`, `planned_start_date`, `planned_end_date`, `start_date`, `end_date`, `annotations`, `created_at`, `updated_at`, `stage_id`, `custom_duration`, `archive`) VALUES
(19, 12, 2024, NULL, '2024-12-19', '2024-12-05', '2024-12-19', NULL, '2024-12-06 16:59:11', '2025-02-15 18:12:22', 1, NULL, 1),
(20, 12, 2024, '2024-12-19', '2024-12-26', '2024-12-19', '2024-12-26', NULL, '2024-12-06 16:59:11', '2025-02-15 18:12:22', 2, NULL, 1),
(21, 12, 2024, '2024-12-26', '2024-12-30', '2024-12-26', '2024-12-30', NULL, '2024-12-06 16:59:11', '2025-02-15 18:12:22', 3, NULL, 1),
(22, 12, 2024, '2024-12-30', '2025-02-03', '2024-12-30', '2025-02-02', NULL, '2024-12-06 16:59:11', '2025-02-15 18:12:22', 4, 35, 1),
(23, 12, 2024, '2025-02-02', '2025-02-04', '2025-02-02', '2025-02-04', NULL, '2024-12-06 16:59:11', '2025-02-15 18:12:22', 5, NULL, 1),
(24, 12, 2024, '2025-02-04', '2025-02-09', '2025-02-04', '2025-02-08', NULL, '2024-12-06 16:59:11', '2025-02-15 18:12:22', 6, NULL, 1),
(25, 12, 2024, '2025-02-08', '2025-02-13', '2025-02-08', '2025-02-12', NULL, '2024-12-06 16:59:11', '2025-02-15 18:12:22', 7, NULL, 1),
(26, 12, 2024, '2025-02-12', '2025-02-17', '2025-02-12', NULL, NULL, '2024-12-06 16:59:11', '2025-02-15 18:12:22', 8, NULL, 1),
(27, 12, 2024, '2025-02-17', '2025-02-17', NULL, NULL, NULL, '2024-12-06 16:59:11', '2025-02-15 18:12:22', 9, NULL, 1),
(28, 14, 2024, NULL, '2024-12-19', '2024-12-05', '2024-12-19', NULL, '2024-12-06 16:59:23', '2025-02-19 16:20:44', 1, NULL, 1),
(29, 14, 2024, '2024-12-19', '2024-12-26', '2024-12-19', '2024-12-26', NULL, '2024-12-06 16:59:23', '2025-02-19 16:20:44', 2, NULL, 1),
(30, 14, 2024, '2024-12-26', '2024-12-30', '2024-12-26', '2024-12-30', NULL, '2024-12-06 16:59:23', '2025-02-19 16:20:44', 3, NULL, 1),
(31, 14, 2024, '2024-12-30', '2025-02-13', '2024-12-30', '2025-02-08', NULL, '2024-12-06 16:59:23', '2025-02-19 16:20:44', 4, NULL, 1),
(32, 14, 2024, '2025-02-08', '2025-02-10', '2025-02-08', '2025-02-12', NULL, '2024-12-06 16:59:23', '2025-02-19 16:20:44', 5, NULL, 1),
(33, 14, 2024, '2025-02-12', '2025-02-17', '2025-02-12', '2025-02-12', NULL, '2024-12-06 16:59:23', '2025-02-19 16:20:44', 6, NULL, 1),
(34, 14, 2024, '2025-02-12', '2025-02-17', '2025-02-12', NULL, NULL, '2024-12-06 16:59:23', '2025-02-19 16:20:44', 7, NULL, 1),
(35, 14, 2024, '2025-02-17', '2025-02-22', NULL, NULL, NULL, '2024-12-06 16:59:23', '2025-02-19 16:20:44', 8, NULL, 1),
(36, 14, 2024, '2025-02-22', '2025-02-22', NULL, NULL, NULL, '2024-12-06 16:59:23', '2025-02-19 16:20:44', 9, NULL, 1),
(37, 37, 2024, NULL, '2024-12-19', '2024-12-05', '2024-12-19', NULL, '2024-12-06 16:59:34', '2025-02-19 16:20:37', 1, NULL, 1),
(38, 37, 2024, '2024-12-19', '2024-12-26', '2024-12-19', '2024-12-26', NULL, '2024-12-06 16:59:34', '2025-02-19 16:20:37', 2, NULL, 1),
(39, 37, 2024, '2024-12-26', '2024-12-30', '2024-12-26', '2024-12-30', NULL, '2024-12-06 16:59:34', '2025-02-19 16:20:37', 3, NULL, 1),
(40, 37, 2024, '2024-12-30', '2025-02-13', '2024-12-30', '2025-02-08', NULL, '2024-12-06 16:59:34', '2025-02-19 16:20:37', 4, NULL, 1),
(41, 37, 2024, '2025-02-08', '2025-02-10', '2025-02-12', '2025-02-12', NULL, '2024-12-06 16:59:34', '2025-02-19 16:20:37', 5, NULL, 1),
(42, 37, 2024, '2025-02-10', '2025-02-15', '2025-02-12', '2025-02-12', NULL, '2024-12-06 16:59:34', '2025-02-19 16:20:37', 6, NULL, 1),
(43, 37, 2024, '2025-02-15', '2025-02-17', '2025-02-12', NULL, NULL, '2024-12-06 16:59:34', '2025-02-19 16:20:37', 7, NULL, 1),
(44, 37, 2024, '2025-02-17', '2025-02-22', NULL, NULL, NULL, '2024-12-06 16:59:34', '2025-02-19 16:20:37', 8, NULL, 1),
(45, 37, 2024, '2025-02-22', '2025-02-22', NULL, NULL, NULL, '2024-12-06 16:59:34', '2025-02-19 16:20:37', 9, NULL, 1),
(46, 38, 2024, NULL, '2024-12-19', '2024-12-05', '2024-12-19', NULL, '2024-12-06 16:59:42', '2025-02-19 16:20:34', 1, NULL, 1),
(47, 38, 2024, '2024-12-19', '2024-12-26', '2024-12-19', '2024-12-26', NULL, '2024-12-06 16:59:42', '2025-02-19 16:20:34', 2, NULL, 1),
(48, 38, 2024, '2024-12-26', '2024-12-30', '2024-12-26', '2024-12-30', NULL, '2024-12-06 16:59:42', '2025-02-19 16:20:34', 3, NULL, 1),
(49, 38, 2024, '2024-12-30', '2025-02-13', '2024-12-30', '2025-02-08', NULL, '2024-12-06 16:59:42', '2025-02-19 16:20:34', 4, NULL, 1),
(50, 38, 2024, '2025-02-08', '2025-02-10', '2025-02-08', '2025-02-12', NULL, '2024-12-06 16:59:42', '2025-02-19 16:20:34', 5, NULL, 1),
(51, 38, 2024, '2025-02-12', '2025-02-17', '2025-02-12', '2025-02-12', NULL, '2024-12-06 16:59:42', '2025-02-19 16:20:34', 6, NULL, 1),
(52, 38, 2024, '2025-02-12', '2025-02-17', '2025-02-12', '2025-02-19', NULL, '2024-12-06 16:59:42', '2025-02-19 16:20:34', 7, NULL, 1),
(53, 38, 2024, '2025-02-19', '2025-02-24', NULL, '2025-02-19', NULL, '2024-12-06 16:59:42', '2025-02-19 16:20:34', 8, NULL, 1),
(54, 38, 2024, '2025-02-19', '2025-02-19', NULL, NULL, NULL, '2024-12-06 16:59:42', '2025-02-19 16:20:34', 9, NULL, 1),
(55, 39, 2024, NULL, '2024-12-19', '2024-12-05', '2024-12-19', NULL, '2024-12-06 16:59:50', '2025-02-15 18:12:32', 1, NULL, 1),
(56, 39, 2024, '2024-12-19', '2024-12-26', '2024-12-19', '2024-12-26', NULL, '2024-12-06 16:59:50', '2025-02-15 18:12:32', 2, NULL, 1),
(57, 39, 2024, '2024-12-26', '2024-12-30', '2024-12-26', '2024-12-30', NULL, '2024-12-06 16:59:50', '2025-02-15 18:12:32', 3, NULL, 1),
(58, 39, 2024, '2024-12-30', '2025-02-03', '2024-12-30', '2025-02-02', NULL, '2024-12-06 16:59:50', '2025-02-15 18:12:32', 4, 35, 1),
(59, 39, 2024, '2025-02-02', '2025-02-04', '2025-02-02', '2025-02-04', NULL, '2024-12-06 16:59:50', '2025-02-15 18:12:32', 5, NULL, 1),
(60, 39, 2024, '2025-02-04', '2025-02-09', '2025-02-04', '2025-02-08', NULL, '2024-12-06 16:59:50', '2025-02-15 18:12:32', 6, NULL, 1),
(61, 39, 2024, '2025-02-08', '2025-02-13', '2025-02-08', '2025-02-12', NULL, '2024-12-06 16:59:50', '2025-02-15 18:12:32', 7, NULL, 1),
(62, 39, 2024, '2025-02-12', '2025-02-17', '2025-02-12', NULL, NULL, '2024-12-06 16:59:50', '2025-02-15 18:12:32', 8, NULL, 1),
(63, 39, 2024, '2025-02-17', '2025-02-17', NULL, NULL, NULL, '2024-12-06 16:59:50', '2025-02-15 18:12:32', 9, NULL, 1),
(73, 16, 2024, NULL, '2024-12-19', '2024-12-05', '2024-12-19', NULL, '2024-12-09 17:32:40', '2025-02-15 18:12:28', 1, NULL, 1),
(74, 16, 2024, '2024-12-19', '2024-12-26', '2024-12-19', '2024-12-26', NULL, '2024-12-09 17:32:40', '2025-02-15 18:12:28', 2, NULL, 1),
(75, 16, 2024, '2024-12-26', '2024-12-30', '2024-12-26', '2024-12-30', NULL, '2024-12-09 17:32:40', '2025-02-15 18:12:28', 3, NULL, 1),
(76, 16, 2024, '2024-12-30', '2025-02-13', '2024-12-30', '2025-02-02', NULL, '2024-12-09 17:32:40', '2025-02-15 18:12:28', 4, NULL, 1),
(77, 16, 2024, '2025-02-02', '2025-02-04', '2025-02-02', '2025-02-04', NULL, '2024-12-09 17:32:40', '2025-02-15 18:12:28', 5, NULL, 1),
(78, 16, 2024, '2025-02-04', '2025-02-09', '2025-02-04', '2025-02-08', NULL, '2024-12-09 17:32:40', '2025-02-15 18:12:28', 6, NULL, 1),
(79, 16, 2024, '2025-02-08', '2025-02-13', '2025-02-08', '2025-02-12', NULL, '2024-12-09 17:32:40', '2025-02-15 18:12:28', 7, NULL, 1),
(80, 16, 2024, '2025-02-12', '2025-02-17', '2025-02-12', NULL, NULL, '2024-12-09 17:32:40', '2025-02-15 18:12:28', 8, NULL, 1),
(81, 16, 2024, '2025-02-17', '2025-02-17', NULL, NULL, NULL, '2024-12-09 17:32:40', '2025-02-15 18:12:28', 9, NULL, 1),
(82, 15, 2024, NULL, '2024-12-19', '2024-12-05', '2024-12-19', NULL, '2024-12-09 17:32:51', '2025-02-19 16:20:41', 1, NULL, 1),
(83, 15, 2024, '2024-12-19', '2024-12-26', '2024-12-19', '2024-12-26', NULL, '2024-12-09 17:32:51', '2025-02-19 16:20:41', 2, NULL, 1),
(84, 15, 2024, '2024-12-26', '2024-12-30', '2024-12-26', '2024-12-30', NULL, '2024-12-09 17:32:51', '2025-02-19 16:20:41', 3, NULL, 1),
(85, 15, 2024, '2024-12-30', '2025-02-13', '2024-12-30', '2025-02-08', NULL, '2024-12-09 17:32:51', '2025-02-19 16:20:41', 4, NULL, 1),
(86, 15, 2024, '2025-02-08', '2025-02-10', '2025-02-08', '2025-02-12', NULL, '2024-12-09 17:32:51', '2025-02-19 16:20:41', 5, NULL, 1),
(87, 15, 2024, '2025-02-12', '2025-02-17', '2025-02-12', '2025-02-12', NULL, '2024-12-09 17:32:51', '2025-02-19 16:20:41', 6, NULL, 1),
(88, 15, 2024, '2025-02-12', '2025-02-17', '2025-02-12', NULL, NULL, '2024-12-09 17:32:51', '2025-02-19 16:20:41', 7, NULL, 1),
(89, 15, 2024, '2025-02-17', '2025-02-22', NULL, NULL, NULL, '2024-12-09 17:32:51', '2025-02-19 16:20:41', 8, NULL, 1),
(90, 15, 2024, '2025-02-22', '2025-02-22', NULL, NULL, NULL, '2024-12-09 17:32:51', '2025-02-19 16:20:41', 9, NULL, 1),
(91, 13, 2024, NULL, '2024-12-19', '2024-12-05', '2024-12-19', NULL, '2024-12-09 17:33:02', '2025-02-15 18:12:25', 1, NULL, 1),
(92, 13, 2024, '2024-12-19', '2024-12-26', '2024-12-19', '2024-12-26', NULL, '2024-12-09 17:33:02', '2025-02-15 18:12:25', 2, NULL, 1),
(93, 13, 2024, '2024-12-26', '2024-12-30', '2024-12-26', '2024-12-30', NULL, '2024-12-09 17:33:02', '2025-02-15 18:12:25', 3, NULL, 1),
(94, 13, 2024, '2024-12-30', '2025-02-13', '2024-12-30', '2025-02-02', NULL, '2024-12-09 17:33:02', '2025-02-15 18:12:25', 4, NULL, 1),
(95, 13, 2024, '2025-02-02', '2025-02-04', '2025-02-02', '2025-02-04', NULL, '2024-12-09 17:33:02', '2025-02-15 18:12:25', 5, NULL, 1),
(96, 13, 2024, '2025-02-04', '2025-02-09', '2025-02-04', '2025-02-08', NULL, '2024-12-09 17:33:02', '2025-02-15 18:12:25', 6, NULL, 1),
(97, 13, 2024, '2025-02-08', '2025-02-13', '2025-02-08', '2025-02-12', NULL, '2024-12-09 17:33:02', '2025-02-15 18:12:25', 7, NULL, 1),
(98, 13, 2024, '2025-02-12', '2025-02-17', '2025-02-12', NULL, NULL, '2024-12-09 17:33:02', '2025-02-15 18:12:25', 8, NULL, 1),
(99, 13, 2024, '2025-02-17', '2025-02-17', NULL, NULL, NULL, '2024-12-09 17:33:02', '2025-02-15 18:12:25', 9, NULL, 1),
(100, 11, 2024, NULL, '2024-12-19', '2024-12-05', '2024-12-19', NULL, '2024-12-09 17:33:15', '2025-02-19 16:20:48', 1, NULL, 1),
(101, 11, 2024, '2024-12-19', '2024-12-26', '2024-12-19', '2024-12-26', NULL, '2024-12-09 17:33:15', '2025-02-19 16:20:48', 2, NULL, 1),
(102, 11, 2024, '2024-12-26', '2024-12-30', '2024-12-26', '2024-12-30', NULL, '2024-12-09 17:33:15', '2025-02-19 16:20:48', 3, NULL, 1),
(103, 11, 2024, '2024-12-30', '2025-02-13', '2024-12-30', '2025-02-08', NULL, '2024-12-09 17:33:15', '2025-02-19 16:20:48', 4, NULL, 1),
(104, 11, 2024, '2025-02-08', '2025-02-10', '2025-02-08', '2025-02-12', NULL, '2024-12-09 17:33:15', '2025-02-19 16:20:48', 5, NULL, 1),
(105, 11, 2024, '2025-02-12', '2025-02-17', '2025-02-12', '2025-02-12', NULL, '2024-12-09 17:33:15', '2025-02-19 16:20:48', 6, NULL, 1),
(106, 11, 2024, '2025-02-12', '2025-02-17', '2025-02-12', NULL, NULL, '2024-12-09 17:33:15', '2025-02-19 16:20:48', 7, NULL, 1),
(107, 11, 2024, '2025-02-17', '2025-02-22', NULL, NULL, NULL, '2024-12-09 17:33:15', '2025-02-19 16:20:48', 8, NULL, 1),
(108, 11, 2024, '2025-02-22', '2025-02-22', NULL, NULL, NULL, '2024-12-09 17:33:15', '2025-02-19 16:20:48', 9, NULL, 1),
(118, 9, 2024, NULL, '2024-12-19', '2024-12-05', '2024-12-19', NULL, '2024-12-09 17:33:34', '2025-02-19 16:20:51', 1, NULL, 1),
(119, 9, 2024, '2024-12-19', '2024-12-26', '2024-12-19', '2024-12-26', NULL, '2024-12-09 17:33:34', '2025-02-19 16:20:51', 2, NULL, 1),
(120, 9, 2024, '2024-12-26', '2024-12-30', '2024-12-26', '2024-12-30', NULL, '2024-12-09 17:33:34', '2025-02-19 16:20:51', 3, NULL, 1),
(121, 9, 2024, '2024-12-30', '2025-02-13', '2024-12-30', '2025-02-08', NULL, '2024-12-09 17:33:34', '2025-02-19 16:20:51', 4, NULL, 1),
(122, 9, 2024, '2025-02-08', '2025-02-10', '2025-02-08', '2025-02-12', NULL, '2024-12-09 17:33:34', '2025-02-19 16:20:51', 5, NULL, 1),
(123, 9, 2024, '2025-02-12', '2025-02-17', '2025-02-12', '2025-02-12', NULL, '2024-12-09 17:33:34', '2025-02-19 16:20:51', 6, NULL, 1),
(124, 9, 2024, '2025-02-12', '2025-02-17', '2025-02-12', NULL, NULL, '2024-12-09 17:33:34', '2025-02-19 16:20:51', 7, NULL, 1),
(125, 9, 2024, '2025-02-17', '2025-02-22', NULL, NULL, NULL, '2024-12-09 17:33:34', '2025-02-19 16:20:51', 8, NULL, 1),
(126, 9, 2024, '2025-02-22', '2025-02-22', NULL, NULL, NULL, '2024-12-09 17:33:34', '2025-02-19 16:20:51', 9, NULL, 1),
(127, 7, 2024, NULL, '2024-12-19', '2024-12-05', '2024-12-19', NULL, '2024-12-09 17:33:44', '2025-02-15 18:12:18', 1, NULL, 1),
(128, 7, 2024, '2024-12-19', '2024-12-26', '2024-12-19', '2024-12-26', NULL, '2024-12-09 17:33:44', '2025-02-15 18:12:18', 2, NULL, 1),
(129, 7, 2024, '2024-12-26', '2024-12-30', '2024-12-26', '2024-12-30', NULL, '2024-12-09 17:33:44', '2025-02-15 18:12:18', 3, NULL, 1),
(130, 7, 2024, '2024-12-30', '2025-02-03', '2024-12-30', '2025-02-02', NULL, '2024-12-09 17:33:44', '2025-02-15 18:12:18', 4, 35, 1),
(131, 7, 2024, '2025-02-02', '2025-02-04', '2025-02-02', '2025-02-04', NULL, '2024-12-09 17:33:44', '2025-02-15 18:12:18', 5, NULL, 1),
(132, 7, 2024, '2025-02-04', '2025-02-09', '2025-02-04', '2025-02-08', NULL, '2024-12-09 17:33:44', '2025-02-15 18:12:18', 6, NULL, 1),
(133, 7, 2024, '2025-02-08', '2025-02-13', '2025-02-08', '2025-02-12', NULL, '2024-12-09 17:33:44', '2025-02-15 18:12:18', 7, NULL, 1),
(134, 7, 2024, '2025-02-12', '2025-02-17', '2025-02-12', NULL, NULL, '2024-12-09 17:33:44', '2025-02-15 18:12:18', 8, NULL, 1),
(135, 7, 2024, '2025-02-17', '2025-02-17', NULL, NULL, NULL, '2024-12-09 17:33:44', '2025-02-15 18:12:18', 9, NULL, 1),
(136, 2, 2024, NULL, '2024-12-19', '2024-12-05', '2024-12-19', NULL, '2024-12-09 17:33:52', '2025-02-19 16:20:54', 1, NULL, 1),
(137, 2, 2024, '2024-12-19', '2024-12-26', '2024-12-19', '2025-01-04', NULL, '2024-12-09 17:33:52', '2025-02-19 16:20:54', 2, NULL, 1),
(138, 2, 2024, '2025-01-12', '2025-01-16', '2025-01-04', '2025-01-12', NULL, '2024-12-09 17:33:52', '2025-02-19 16:20:54', 3, NULL, 1),
(139, 2, 2024, '2025-01-12', '2025-02-13', '2025-01-12', '2025-02-08', NULL, '2024-12-09 17:33:52', '2025-02-19 16:20:54', 4, 32, 1),
(140, 2, 2024, '2025-02-08', '2025-02-10', '2025-02-08', '2025-02-12', NULL, '2024-12-09 17:33:52', '2025-02-19 16:20:54', 5, NULL, 1),
(141, 2, 2024, '2025-02-12', '2025-02-17', '2025-02-12', '2025-02-12', NULL, '2024-12-09 17:33:52', '2025-02-19 16:20:54', 6, NULL, 1),
(142, 2, 2024, '2025-02-12', '2025-02-17', '2025-02-12', NULL, NULL, '2024-12-09 17:33:52', '2025-02-19 16:20:54', 7, NULL, 1),
(143, 2, 2024, '2025-02-17', '2025-02-22', NULL, NULL, NULL, '2024-12-09 17:33:52', '2025-02-19 16:20:54', 8, NULL, 1),
(144, 2, 2024, '2025-02-22', '2025-02-22', NULL, NULL, NULL, '2024-12-09 17:33:52', '2025-02-19 16:20:54', 9, NULL, 1),
(145, 1, 2024, NULL, '2024-12-19', '2024-12-05', '2024-12-19', NULL, '2024-12-09 17:34:00', '2025-02-15 18:11:37', 1, NULL, 1),
(146, 1, 2024, '2024-12-19', '2024-12-26', '2024-12-19', '2024-12-26', NULL, '2024-12-09 17:34:00', '2025-02-15 18:11:37', 2, NULL, 1),
(147, 1, 2024, '2024-12-26', '2024-12-30', '2024-12-26', '2024-12-30', NULL, '2024-12-09 17:34:00', '2025-02-15 18:11:37', 3, NULL, 1),
(148, 1, 2024, '2025-01-01', '2025-02-03', '2024-12-30', '2025-02-02', NULL, '2024-12-09 17:34:00', '2025-02-15 18:11:37', 4, 35, 1),
(149, 1, 2024, '2025-02-02', '2025-02-04', '2025-02-02', '2025-02-04', NULL, '2024-12-09 17:34:00', '2025-02-15 18:11:37', 5, NULL, 1),
(150, 1, 2024, '2025-02-04', '2025-02-09', '2025-02-04', '2025-02-08', NULL, '2024-12-09 17:34:00', '2025-02-15 18:11:37', 6, NULL, 1),
(151, 1, 2024, '2025-02-08', '2025-02-13', '2025-02-08', '2025-02-12', NULL, '2024-12-09 17:34:00', '2025-02-15 18:11:37', 7, NULL, 1),
(152, 1, 2024, '2025-02-12', '2025-02-17', '2025-02-12', NULL, NULL, '2024-12-09 17:34:00', '2025-02-15 18:11:37', 8, NULL, 1),
(153, 1, 2024, '2025-02-17', '2025-02-17', NULL, NULL, NULL, '2024-12-09 17:34:00', '2025-02-15 18:11:37', 9, NULL, 1),
(154, 6, 2024, NULL, '2024-12-19', '2024-12-05', '2024-12-19', NULL, '2024-12-16 09:37:56', '2025-02-15 18:12:14', 1, NULL, 1),
(155, 6, 2024, '2024-12-19', '2024-12-26', '2024-12-19', '2024-12-26', NULL, '2024-12-16 09:37:56', '2025-02-15 18:12:14', 2, NULL, 1),
(156, 6, 2024, '2024-12-26', '2024-12-30', '2024-12-26', '2024-12-30', NULL, '2024-12-16 09:37:56', '2025-02-15 18:12:14', 3, NULL, 1),
(157, 6, 2024, '2024-12-30', '2025-02-03', '2024-12-30', '2025-02-02', NULL, '2024-12-16 09:37:56', '2025-02-15 18:12:14', 4, 35, 1),
(158, 6, 2024, '2025-02-02', '2025-02-04', '2025-02-02', '2025-02-04', NULL, '2024-12-16 09:37:56', '2025-02-15 18:12:14', 5, NULL, 1),
(159, 6, 2024, '2025-02-04', '2025-02-09', '2025-02-04', '2025-02-08', NULL, '2024-12-16 09:37:56', '2025-02-15 18:12:14', 6, NULL, 1),
(160, 6, 2024, '2025-02-08', '2025-02-13', '2025-02-08', '2025-02-12', NULL, '2024-12-16 09:37:56', '2025-02-15 18:12:14', 7, NULL, 1),
(161, 6, 2024, '2025-02-12', '2025-02-17', '2025-02-12', NULL, NULL, '2024-12-16 09:37:56', '2025-02-15 18:12:14', 8, NULL, 1),
(162, 6, 2024, '2025-02-17', '2025-02-17', NULL, NULL, NULL, '2024-12-16 09:37:56', '2025-02-15 18:12:14', 9, NULL, 1);

-- --------------------------------------------------------

--
-- Struktura tabeli dla tabeli `winterings_stage`
--

CREATE TABLE IF NOT EXISTS `winterings_stage` (
  `id` bigint UNSIGNED NOT NULL AUTO_INCREMENT,
  `order` int NOT NULL,
  `title` varchar(255) COLLATE utf8mb4_unicode_ci NOT NULL,
  `duration` int NOT NULL,
  `created_at` timestamp NULL DEFAULT NULL,
  `updated_at` timestamp NULL DEFAULT NULL,
  PRIMARY KEY (`id`)
) ENGINE=InnoDB AUTO_INCREMENT=10 DEFAULT CHARSET=utf8mb4 COLLATE=utf8mb4_unicode_ci;

--
-- RELACJE DLA TABELI `winterings_stage`:
--

--
-- Dumping data for table `winterings_stage`
--

INSERT INTO `winterings_stage` (`id`, `order`, `title`, `duration`, `created_at`, `updated_at`) VALUES
(1, 1, 'Ostatnie karmienie - Start', 14, '2024-01-01 11:13:53', '2024-01-20 15:37:19'),
(2, 2, 'Wyłączenie ogrzewania', 7, '2024-01-01 11:14:01', '2024-12-19 18:08:05'),
(3, 3, 'Temperatura przejściowa', 2, '2024-01-01 11:14:08', '2025-10-01 16:36:07'),
(4, 4, 'Zimowanie', 70, '2024-01-01 11:14:13', '2025-10-01 16:38:54'),
(5, 5, 'Temperatura przejściowa', 2, '2024-01-01 11:14:33', '2025-02-02 13:12:48'),
(6, 6, 'Temperatura pokojowa', 5, '2024-01-01 11:14:41', '2024-02-20 05:48:28'),
(7, 7, 'Włączenie ogrzewania', 5, '2024-02-20 05:46:46', '2024-02-20 05:46:46'),
(8, 8, 'Karmienie (małe)', 5, '2024-01-01 11:14:51', '2024-01-21 06:39:00'),
(9, 9, 'Karmienie właściwe - koniec', 0, '2024-01-20 15:35:04', '2024-01-20 15:37:24');

--
-- Constraints for dumped tables
--

--
-- Constraints for table `animals`
--
ALTER TABLE `animals`
  ADD CONSTRAINT `animals_animal_category_id_foreign` FOREIGN KEY (`animal_category_id`) REFERENCES `animal_category` (`id`) ON UPDATE CASCADE,
  ADD CONSTRAINT `animals_animal_type_id_foreign` FOREIGN KEY (`animal_type_id`) REFERENCES `animal_type` (`id`) ON UPDATE CASCADE,
  ADD CONSTRAINT `animals_feed_id_foreign` FOREIGN KEY (`feed_id`) REFERENCES `feeds` (`id`) ON DELETE SET NULL ON UPDATE CASCADE,
  ADD CONSTRAINT `animals_litter_id_foreign` FOREIGN KEY (`litter_id`) REFERENCES `litters` (`id`) ON DELETE SET NULL ON UPDATE CASCADE;

--
-- Constraints for table `animal_feedings`
--
ALTER TABLE `animal_feedings`
  ADD CONSTRAINT `animal_feedings_animal_id_foreign` FOREIGN KEY (`animal_id`) REFERENCES `animals` (`id`) ON DELETE CASCADE,
  ADD CONSTRAINT `animal_feedings_feed_id_foreign` FOREIGN KEY (`feed_id`) REFERENCES `feeds` (`id`) ON DELETE CASCADE;

--
-- Constraints for table `animal_genotype`
--
ALTER TABLE `animal_genotype`
  ADD CONSTRAINT `animal_genotype_animal_id_foreign` FOREIGN KEY (`animal_id`) REFERENCES `animals` (`id`) ON DELETE CASCADE,
  ADD CONSTRAINT `animal_genotype_genotype_id_foreign` FOREIGN KEY (`genotype_id`) REFERENCES `animal_genotype_category` (`id`) ON DELETE CASCADE;

--
-- Constraints for table `animal_genotype_traits_dictionary`
--
ALTER TABLE `animal_genotype_traits_dictionary`
  ADD CONSTRAINT `animal_genotype_traits_dictionary_category_id_foreign` FOREIGN KEY (`category_id`) REFERENCES `animal_genotype_category` (`id`) ON DELETE CASCADE,
  ADD CONSTRAINT `animal_genotype_traits_dictionary_trait_id_foreign` FOREIGN KEY (`trait_id`) REFERENCES `animal_genotype_traits` (`id`) ON DELETE CASCADE;

--
-- Constraints for table `animal_molts`
--
ALTER TABLE `animal_molts`
  ADD CONSTRAINT `animal_molts_animal_id_foreign` FOREIGN KEY (`animal_id`) REFERENCES `animals` (`id`) ON DELETE CASCADE;

--
-- Constraints for table `animal_offers`
--
ALTER TABLE `animal_offers`
  ADD CONSTRAINT `animal_offers_animal_id_foreign` FOREIGN KEY (`animal_id`) REFERENCES `animals` (`id`) ON DELETE CASCADE;

--
-- Constraints for table `animal_offer_reservations`
--
ALTER TABLE `animal_offer_reservations`
  ADD CONSTRAINT `animal_offer_reservations_offer_id_foreign` FOREIGN KEY (`offer_id`) REFERENCES `animal_offers` (`id`) ON DELETE CASCADE;

--
-- Constraints for table `animal_photo_gallery`
--
ALTER TABLE `animal_photo_gallery`
  ADD CONSTRAINT `animal_photo_gallery_animal_id_foreign` FOREIGN KEY (`animal_id`) REFERENCES `animals` (`id`) ON DELETE CASCADE;

--
-- Constraints for table `animal_weights`
--
ALTER TABLE `animal_weights`
  ADD CONSTRAINT `animal_weights_animal_id_foreign` FOREIGN KEY (`animal_id`) REFERENCES `animals` (`id`) ON DELETE CASCADE;

--
-- Constraints for table `finances`
--
ALTER TABLE `finances`
  ADD CONSTRAINT `finances_animal_id_foreign` FOREIGN KEY (`animal_id`) REFERENCES `animals` (`id`) ON DELETE CASCADE,
  ADD CONSTRAINT `finances_feed_id_foreign` FOREIGN KEY (`feed_id`) REFERENCES `feeds` (`id`) ON DELETE CASCADE,
  ADD CONSTRAINT `finances_finances_category_id_foreign` FOREIGN KEY (`finances_category_id`) REFERENCES `finances_category` (`id`);

--
-- Constraints for table `litters`
--
ALTER TABLE `litters`
  ADD CONSTRAINT `litters_parent_female_foreign` FOREIGN KEY (`parent_female`) REFERENCES `animals` (`id`) ON DELETE SET NULL ON UPDATE CASCADE,
  ADD CONSTRAINT `litters_parent_male_foreign` FOREIGN KEY (`parent_male`) REFERENCES `animals` (`id`) ON DELETE SET NULL ON UPDATE CASCADE;

--
-- Constraints for table `litters_gallery`
--
ALTER TABLE `litters_gallery`
  ADD CONSTRAINT `litters_gallery_litter_id_foreign` FOREIGN KEY (`litter_id`) REFERENCES `litters` (`id`) ON DELETE CASCADE ON UPDATE CASCADE;

--
-- Constraints for table `litters_pairings`
--
ALTER TABLE `litters_pairings`
  ADD CONSTRAINT `litters_pairings_litter_id_foreign` FOREIGN KEY (`litter_id`) REFERENCES `litters` (`id`) ON DELETE CASCADE;

--
-- Constraints for table `litters_pairings_summary`
--
ALTER TABLE `litters_pairings_summary`
  ADD CONSTRAINT `litters_pairings_summary_litter_id_foreign` FOREIGN KEY (`litter_id`) REFERENCES `litters` (`id`),
  ADD CONSTRAINT `litters_pairings_summary_pairings_id_foreign` FOREIGN KEY (`pairings_id`) REFERENCES `litters_pairings` (`id`);

--
-- Constraints for table `litter_plan_pairs`
--
ALTER TABLE `litter_plan_pairs`
  ADD CONSTRAINT `litter_plan_pairs_female_id_foreign` FOREIGN KEY (`female_id`) REFERENCES `animals` (`id`) ON DELETE CASCADE,
  ADD CONSTRAINT `litter_plan_pairs_litter_plan_id_foreign` FOREIGN KEY (`litter_plan_id`) REFERENCES `litter_plans` (`id`) ON DELETE CASCADE,
  ADD CONSTRAINT `litter_plan_pairs_male_id_foreign` FOREIGN KEY (`male_id`) REFERENCES `animals` (`id`) ON DELETE CASCADE;

--
-- Constraints for table `not_for_sales`
--
ALTER TABLE `not_for_sales`
  ADD CONSTRAINT `not_for_sales_pairing_id_foreign` FOREIGN KEY (`pairing_id`) REFERENCES `litters_pairings` (`id`) ON DELETE CASCADE ON UPDATE CASCADE;

--
-- Constraints for table `projects_stages`
--
ALTER TABLE `projects_stages`
  ADD CONSTRAINT `projects_stages_parent_female_id_foreign` FOREIGN KEY (`parent_female_id`) REFERENCES `animals` (`id`) ON DELETE SET NULL,
  ADD CONSTRAINT `projects_stages_parent_male_id_foreign` FOREIGN KEY (`parent_male_id`) REFERENCES `animals` (`id`) ON DELETE SET NULL,
  ADD CONSTRAINT `projects_stages_project_id_foreign` FOREIGN KEY (`project_id`) REFERENCES `projects` (`id`) ON DELETE CASCADE;

--
-- Constraints for table `projects_stages_nfs`
--
ALTER TABLE `projects_stages_nfs`
  ADD CONSTRAINT `projects_stages_nfs_stage_id_foreign` FOREIGN KEY (`stage_id`) REFERENCES `projects_stages` (`id`) ON DELETE CASCADE;

--
-- Constraints for table `project_annotations`
--
ALTER TABLE `project_annotations`
  ADD CONSTRAINT `project_annotations_project_id_foreign` FOREIGN KEY (`project_id`) REFERENCES `projects` (`id`) ON DELETE CASCADE;

--
-- Constraints for table `winterings`
--
ALTER TABLE `winterings`
  ADD CONSTRAINT `winterings_animal_id_foreign` FOREIGN KEY (`animal_id`) REFERENCES `animals` (`id`) ON DELETE CASCADE ON UPDATE CASCADE,
  ADD CONSTRAINT `winterings_stage_id_foreign` FOREIGN KEY (`stage_id`) REFERENCES `winterings_stage` (`id`) ON DELETE CASCADE;
COMMIT;

/*!40101 SET CHARACTER_SET_CLIENT=@OLD_CHARACTER_SET_CLIENT */;
/*!40101 SET CHARACTER_SET_RESULTS=@OLD_CHARACTER_SET_RESULTS */;
/*!40101 SET COLLATION_CONNECTION=@OLD_COLLATION_CONNECTION */;
